> Consultas de chatvenezuela.net en Search Console, 2026-05-08 a 2026-08-03. Extraído por API.
chat venezuela	89737	214018
chat caracas	8712	32474
chat hot	1865	21115
chat porno	564	14229
chat gay	4062	14115
chat barquisimeto	3064	14042
chat de venezuela	2227	13408
latinchat	1717	11951
mi punto chat	9895	11834
chat xxx	610	10048
chat gratis venezuela	1774	9731
chat sexo	986	9071
chat de sexo	733	8447
chat venezuela gratis	2044	7111
chat gay venezuela	5415	6776
chat caliente	499	6615
salas de chat	272	6468
chatvenezuela	3960	5670
chat gay bogota	284	5418
chat cantv	3054	5120
chat venezuela caracas	3074	5064
chat de ambiente	4271	4999
chat maracaibo	82	4983
chat erotico	155	3571
chat ambiente	3052	3537
chat gratis	74	2928
chat zulia	152	2874
chat mi punto	2400	2840
porno chat	81	2786
chat caracas venezuela	1445	2758
xxx chat	96	2595
chat gay bogotá	94	2583
chat erótico	57	2360
latinchat venezuela	1332	2261
chat hot venezuela	1435	2236
chat en linea	118	2188
sala de chat	163	2184
chat gay colombia	175	2106
chaterotico	19	2104
latin chat	274	2102
chat cantv venezuela	1582	2078
chat canelita	3	2066
chatea gratis	19	1987
chat de lesbianas	123	1956
chat zona	11	1913
mipunto.com chat	1407	1897
chat gratis caracas	406	1889
chat cornudos	128	1865
salas de chat venezuela	345	1862
chateagratis	22	1862
chat gay caracas	1399	1849
sex chat	100	1843
chat cornudo	310	1819
chat morbo	109	1756
chat barinas	218	1728
venezuela chat	597	1722
chat para adultos	130	1713
chat carabobo	415	1605
mipunto chat	1266	1592
chatve	1355	1574
contacto sex	4	1571
chat sex	103	1566
chat sexo venezuela	813	1500
chat lesbianas	84	1490
chathot	78	1483
chat ccs	386	1445
chat san cristobal	105	1435
chat libre	33	1362
chat venezuela org	7	1357
chateagratis venezuela	55	1340
chat sexual	172	1327
chat venezuela ambiente	1004	1310
chatgay	365	1303
el chat venezuela	508	1287
chatrandom venezuela	136	1282
chatporno	65	1282
chat sin registro	15	1249
chat maracay	466	1233
mipunto	882	1215
canal chat venezuela	36	1211
gente chat	1	1205
chat venezuela barquisimeto	436	1165
latinchat gratis	304	1158
gay caracas	54	1131
cantv chat	728	1128
chat venezuela sin registro	300	1110
sala de chat venezuela	217	1105
elchat	62	1098
dale chat barquisimeto	62	1043
chat merida venezuela	213	1032
video chat gay	20	1006
chat adultos	42	990
chat puerto la cruz	241	986
chat de somos tu y yo	6	982
chat caliente en linea	169	973
chat gay gratis	245	971
chat ambiente venezuela	747	958
chat xxx venezuela	722	958
chat venezuela whatsapp	204	957
chat travestis	635	953
chat con mujeres	226	937
chat lesbico	43	934
chat gratis sin registro	41	934
chat online gratis	36	917
dale chat caracas	0	903
chat tachira	26	899
chat ve	292	887
sexo chat	59	876
chat en venezuela	187	868
gente chat venezuela	2	844
chat de cornudos	72	835
chat ozu	0	833
terra chat venezuela	373	831
chats porno	125	810
sexo en venezuela	75	797
gay chat	261	786
chat de caracas	356	757
chat latino	24	757
chat valencia	179	754
chatear	14	753
chat valencia carabobo	62	736
chatvenezuela.net	680	731
chat gratis barquisimeto	60	727
chatxxx	28	727
chat puerto ordaz	154	718
chat travesti	219	706
chat ambiente caracas	409	689
mi punto chat ambiente venezuela	597	685
chat esoterismo	0	684
coneras telegram	12	683
chatear gratis con mujeres	128	674
chat de ambiente venezuela	461	673
chatsexo	193	671
chat caliente venezuela	349	670
chat hot gratis	174	668
chat amistad	44	663
sala de chat caracas	210	659
chats hot	155	658
chatmipunto	524	655
chatsfriends	10	652
salas de chat gratis	22	641
contacto sexo venezuela	51	629
chatcantv	497	622
canalchat venezuela	0	608
chat aragua	103	607
chat barquisimeto gratis	37	607
chat trans	206	604
mi punto chat de ambiente	537	603
mipuntochat	459	603
chat vene	302	603
chat les	11	603
chat adulto	57	593
mi punto chat caracas	436	592
chat para conocer personas gratis	50	583
videochatgratis	53	581
chat gratis de venezuela	15	579
chat lesbiana	47	577
chat esoterico	1	563
chat caracas mayores de 40	39	560
chatear gratis venezuela	220	549
chat porno venezuela	305	546
chatear gratis	13	545
chat gay venezolano	42	543
chat para adultos gratis	15	542
salas chat	5	540
chat de sexo gratis	38	534
latinchat barquisimeto	70	533
chat maturin	168	532
chat pono	2	524
chat vzla	377	522
chat venezuela gay	412	519
mi punto chat maracay	367	519
caracas chat	193	514
hablar con mujeres gratis	93	512
buena musica chat	112	511
chat calientes	75	503
latinchat venezuela gratis	373	493
chatcaracas	85	488
chats calientes	74	487
chat venezuela net	462	486
chatvene	260	484
chats caracas	6	484
mipunto.com mas de 40	425	483
chat gay barquisimeto	379	482
chat morboso	72	482
chst venezuela	271	481
chat chatear	31	478
chat gratis zulia	5	478
hablar con mujeres	108	467
chat hot online	41	467
chat les venezuela	69	466
chatbogotagay	1	461
venecas telegram	8	458
chat gratis en línea whatsapp	1	452
el chat de venezuela	182	451
chat caracas gratis	44	450
sexo en maracaibo gratis	93	448
chat táchira	140	445
chat zona venezuela	2	445
chats xxx	51	442
chat xx	28	442
chat latino gratis	8	439
pornochat	8	437
chat porno gay	11	430
chatea gratis venezuela	8	429
chat maduras	123	426
sala chat	16	424
chat venezuela.net	388	423
chat venezolano	94	422
chat de amigos	5	420
chat los teques	82	419
chat caliente gratis	29	418
chat ero	0	416
chat gay maracay	390	415
chat hot gay	47	412
chat sexo gratis	108	408
chat del zulia	0	406
chat dale caracas	0	405
chat gay xxx	63	404
chat con trans	190	401
chat hor	45	401
sala de chat gratis	25	398
chat maracay venezuela	23	397
el chat	3	391
chat v	34	385
chat gays	133	383
chat de mujeres de 40 a 50 años gratis	27	379
chat para conocer personas	26	377
zona chat	111	374
chats sexuales	16	374
chat gay latino	54	373
chat cantv caracas	261	372
chats gratis	12	372
chat joven	0	367
chat online venezuela	231	366
chat amigos	124	366
chatdelmundo.net crear nick	3	363
chatgaybogota	6	362
chat net	105	354
chat hot caracas	210	353
chat venezolanas	17	353
chat venezuela de ambiente	185	352
chat de cantv	211	350
chat con chicas	55	350
chat sin registro venezuela	18	349
chat pornos	27	348
ozuchat	0	346
chat cristiano	10	344
chatcaliente	6	344
latinchat maracaibo	57	341
bogota gay chat	7	341
chat mas de 40	23	339
latín chat	95	337
sexchat	30	333
chat de lesbiana	9	331
chat en linea venezuela	49	330
chats venezuela	120	327
chat de citas venezuela	36	326
chat merida	18	322
chat en linea gratis	2	322
chat margarita	152	320
mi punto.com	237	318
chat gay sin registro	134	315
canal chat	2	315
chatven	273	314
chat gay online	108	314
chat venezuela mujeres	123	313
chat maturín	135	310
chatear gratis con chicas sin registro	21	310
chat sexual venezuela	25	308
sala chat venezuela	141	307
chat gratis con mujeres	45	306
esmas chat	2	306
chat cabimas	107	305
chat mi punto mas de 50	253	303
chat esoterico vidente gratis	0	299
chat de ambiente caracas	195	297
chat tv	11	297
chaty tv	0	297
chatear con hombres gay	4	295
chat 18	1	295
chat mayores de 60 años gratis	13	294
chat caliente sin registro	1	292
chat bogota gay	58	290
chat venezuela zulia	37	289
chat gratis más de 50 a 60	15	289
morbo chat	13	289
chatea venezuela	16	288
chatmorbo	0	288
chat friends venezuela	6	286
xxx chat gay	19	284
chat de mujeres	175	283
chatea chat	0	282
chatiar	9	281
chatcornudo	47	279
chat del mundo	6	277
mi punto com chat mas de 40	248	276
chats hots	22	276
mipunto.com	145	275
puntochat	16	275
chat ardiente	3	275
chat venezuela lesb	1	275
chat anzoátegui	56	274
chat porn	11	272
chat amor en linea	0	271
chat ven	217	268
chat gay ccs	247	267
videochat sin registro	43	266
salas de chat en venezuela	6	266
chat gay caracas sin registro	239	260
chats de sexo	30	260
chat general	174	258
chat de venezuela gratis	45	258
chat con mujeres calientes	40	256
chat terra venezuela	12	255
chat cantv barquisimeto	50	254
chat de barquisimeto	23	253
chat gay en bogota	4	253
paginas hot gratis	0	253
sala de chat bogota gay	247	251
gay chat venezuela	180	251
videollamada con mujeres gratis	55	250
chatsex	22	249
chst hot	20	249
chat tv gratis	3	249
chat esoterismo gratis	2	249
chat gay carabobo	127	248
chat erotico gratis	22	247
chat +18	32	245
chatvsexo	2	245
venezuelachat	47	243
barquisimeto chat	39	241
chat para conocer gente	31	241
barinas chat	155	238
chatgayvenezuela	118	237
conocer gente	14	237
chatlibre	11	237
cantv chat gratis	180	236
mujeres venezolanas buscando pareja por whatsapp	27	236
chat mas de 60	0	236
mi punto chat gratis	204	234
chat hoy	16	234
chat de	2	234
chat gratis gay	30	228
gay barinas	83	227
chat venezuela maracaibo	70	226
chat musica	4	226
chat venezuela sexo	191	225
chat ambiente mi punto venezuela	213	224
cornudos venezuela	40	223
telegram gay venezuela	25	223
chat gay tachira	200	222
chat en línea gratis	21	222
chatporn	27	221
buenamusica.com chat	17	221
chat en caracas	14	221
chap porno	4	221
chatroulette	24	218
chat mayores de 60 años	12	218
chatea con gente	26	216
chat de sexo venezuela	149	215
chat roulette	26	214
chat sonico	5	214
latinchat lesbianas	3	214
chat venzuela	142	213
chat de citas gratis	15	213
latinchatvenezuela	198	212
punto chat	149	211
chats gay	22	211
chat de amigos gratis de merida venezuela	1	211
chat de adultos	23	210
chat para buscar pareja gratis	26	209
chat adolescentes	12	209
chat gratis caliente	2	208
chatear con mujeres gratis	45	207
chat con maduras	30	207
chat bogotá gay	17	206
chat menos de 20	61	205
videollamadas online gratis sin registro	56	205
videollamadas con mujeres gratis	40	205
contactos sex	1	205
chat con camara	7	204
chat acarigua	101	203
culiar en linea	15	203
mi punto chat 30 menos	149	201
telegram venecas	10	201
chat para hombres	3	201
chat con mujeres gratis	40	200
telegram coneras	4	199
sexochat	16	198
chat gratis sexo	4	198
chat gay net	2	198
chat erótico gratis	5	196
gay merida	55	193
videollamada con mujeres de otros países gratis	33	193
chat de porno	21	193
chatmundo	3	193
sala de sexo	2	193
roulette españa	0	192
chat en vivo venezuela	48	191
gentechat	0	191
chat hot con mujeres	36	190
chat gratis en venezuela	26	190
citas gay	19	189
zulia chat	6	189
sonico chat	0	189
chat gay de venezuela	143	188
chat bogotagay	3	188
chat mipunto	103	187
chat mujeres	39	187
chat gay latin	1	187
chatea amistad	0	187
chat gay barinas	170	186
chat coro	89	186
chatear con mujeres	48	186
chat gente	0	185
chat anzoategui	55	184
chat en línea	13	184
video chat venezuela	55	181
chat mas de 50	1	181
chat venezuela xxx	114	179
chat de sex	7	179
chat casadas	3	179
chat ligar	2	179
mipunto chat venezuela	161	177
chat venez	131	177
gays caracas	20	177
videochat venezuela	45	175
chat de barinas	19	175
sexo gratis en linea por chat	7	175
xxx gay chat	1	174
chat gratis venezuela caracas	14	173
gay chat gratis	1	173
chat gay en vivo	8	172
ozu chat	0	172
chat tachira san cristobal	16	171
paginas para chatear	14	171
sexoenvenezuela	5	171
www.latinchat.com	1	170
contactos de sexo venezuela	0	170
mi punto chat ambiente	157	168
chat online margarita	103	168
videochat	34	168
gay maracay	12	168
latinchatcaracas	1	168
chat cumana	118	167
hablar con chicas	41	166
chat gay valencia	62	165
lesbianasvenezuela	0	165
chat venezuela valencia carabobo	41	164
chat adolescente	11	164
cornudos chat	9	164
mi punto mas de 40	132	163
chat sala	9	163
chat vnz	9	163
chat ga colombia	0	163
chatear venezuela	21	162
chatcornudos	1	162
chat del mundo crear nick	0	162
chat de chicas calientes	8	159
chatear sexo	4	159
gay chat bqto	157	158
chat sexo caracas	74	158
hot chat	18	158
chat lesbi	20	157
porno chat venezuela	133	156
sex chat venezuela	120	156
chat swinger	15	156
tachira chat	2	156
chat org venezuela	1	156
chat cornudo venezuela	119	155
chat tachira venezuela	3	155
paginas de chat	3	155
chat venezolano gratis	0	154
chatea sexo	2	153
chat de el mundo	0	153
hablar con mujeres calientes	29	152
mujeres en linea	12	152
chat venezuela hot	80	151
chat madura	3	151
chatgaylatino	1	151
chat gay mérida	3	150
chatsgays	0	150
chatear con chicas	17	149
chat gay maracaibo	15	149
paginas gay	16	148
chat carabobo gay	144	147
ciudad guayana chat	144	147
xxx chat venezuela	99	147
chats gays	44	147
chat de sexo online	5	147
chat esoterico gratis	1	146
video chat gratuito sin registro	1	146
chat online con mujeres	39	145
chat de amor	3	145
dale chat caliente venezuela	0	145
chat la guaira	26	144
amor en linea	4	144
chat cuck	0	144
chatnet	0	144
chatty tv gratis	0	144
chat en vivo gay	10	143
chat hot lesbianas	3	143
chat de zulia	1	143
latinchats	1	143
chat zacatecas	0	143
chat net ven bqto	97	142
chatccs	76	142
dalechatcaracas	0	142
chat barquisimeto venezuela	2	141
salas de chat gratis venezuela mayores de 40 años	35	139
chst porno	5	139
chat venezuela.	82	138
chat buena musica	23	138
chat con chicas calientes	19	138
chat de adolescentes	10	138
chat gratis carabobo	5	138
chat brasil top	0	138
chat gey	13	137
bogota chat gay	0	137
chatpornos	0	137
mi punto com chat más de 40	117	136
contactos gay mérida	3	136
chat online gay	75	135
chat de sexo xxx	4	135
chatozu	0	135
chat de mujeres lesbianas	12	134
xxx chats	10	134
chat seco	5	134
amor en línea venezuela	73	133
chat linea	6	133
pagina para adultos en venezuela	4	133
chat hay bogotá	2	133
chat erorico	0	133
salas de chat caracas	13	132
chat hit	7	132
chat terra cornudos	6	132
chat terra	2	132
paginas de chat en venezuela	61	131
chat de venezuela sexo	101	130
mi chat	92	130
chat de sexo caracas	84	130
latinchat amistad	2	130
mipunto ambiente	119	129
chatear con chicas gratis	21	129
chat hot con chicas	17	128
chat lesb	5	128
chatear con mujeres calientes	30	127
chatgartis gay	0	127
hablar con hombres mayores	3	126
chatcanelita	0	126
chat ambiente mi punto	116	125
coneras peru telegram	6	125
chat videntes gratis	4	125
chat ciudad bolivar	10	124
chat de parejas liberales	1	124
chat de venezuela mipunto	112	123
cornudo chat	9	123
mi punto ambiente	114	122
chat trans caracas	78	122
chat online	11	122
contactos sexo venezuela	3	121
chat sonico gratis	2	121
chat punto fijo	63	120
xhat venezuela	57	120
chatear con chicas calientes	15	120
mujeres para chatear por whatsapp	12	120
chat por no	2	120
chatgay venezuela	78	119
chat del mundo.net	0	119
chatambiente	114	118
chat gay aragua	107	118
maturin gay	75	118
cantv chat en linea	71	118
chat adultos gratis	8	118
salas de chat online	8	118
latin chat gay	6	118
chatroulette españa	2	118
gay chat valencia	1	118
chatskype	0	118
webchat gratis	1	117
chat para conocer gente gratis	9	116
chat gratis de sexo	5	116
chat sin java	0	116
chatear en táchira	0	116
chat elchat	0	115
chat.venezuela	64	114
chat con mujeres hot	19	114
chat sexo gay bogotá	5	114
chatzulia	4	114
pagina de chat gratis	2	114
chat de ciudad bolivar gratis	98	113
chat gay en venezuela	89	113
chatear con gays	5	113
chat caliente venezuela dale chatea	1	113
bogotá gay chat	0	113
chat de guarenas	109	112
chat en venezuela gratis	52	112
chat friend	0	112
chat de gay	60	111
chat eroticos	17	111
chat transgenero	16	111
chat de amb	108	110
chat de mi punto	106	109
chat venezuela carabobo	16	109
chat online hot	12	109
sala de chat de venezuela	81	108
chat cam gratis sin registro	22	108
chat chicos gay	1	108
el chat elchat net	0	108
buena música chat	88	107
chat camara gratis	1	107
dale chat venezuela hot	0	107
chats para adultos	11	106
chat friends gay	1	106
chat mayores de 50 años gratis	12	105
chat publico	6	105
chat terra gratis	6	105
chat sumisas	5	105
chat san cristóbal táchira	0	105
chatea chat net	0	105
chat gay ve	67	104
chats hots en linea	15	104
chatear con mujeres maduras	8	104
chat 49	2	104
chats en venezuela en vivo	1	104
chateagratis amistad	0	104
chat venezueka	74	103
chat con venezolanas	32	103
chat lésbico	6	103
chat venezuela telegram	5	103
chat monagas	4	103
chatzona venezuela	0	103
chat ciudad ojeda	61	102
chat con mujeres maduras	14	102
bogotagay chat	4	102
chat de monagas	3	102
chat casada	2	102
chat de canelita	0	102
chat sexuales	14	101
sexo por chat	7	101
chat pormo	6	101
chat y tv gratis	0	101
chat caracas mi punto	87	100
chat público	73	100
char venezuela	34	100
chat porno gratis	26	100
hablar con chicas calientes	23	100
chatoorno	6	100
chat mayores de 50	5	100
chat hot general	1	100
canal chat caracas	0	100
chatea gratis caracas	30	99
chat de maduras	19	99
chats en linea	6	99
chat bolivar	1	99
chat de valencia	1	99
chat para ligar gratis	0	99
chat amb	88	97
chat lesbianas venezuela	28	97
conocer personas en venezuela	18	97
chat gratis adolescentes	0	97
sexo gay en linea	0	97
chat cornudos venezuela	64	96
chatroulette español	3	96
chat con gente	1	96
chat sexo gay bogota	1	96
salas de chat gay bogotá sexo	0	96
buenamusica chat	34	95
trans chat	21	95
chat gratis xxx	8	95
chat gay bgta	7	95
chat venezuela dale	0	95
chat hot en linea	9	94
chat gay the	2	94
chat guayana	2	94
chat con jovenes	0	94
chat bogota gay sexo	69	93
chat de sexo gay	40	93
chat xxxx	7	93
chat de cornudo	3	93
chat anonimo venezuela	69	92
chatt gay	9	92
chatear con mujeres gratis sin pagar	6	92
hablar con gay	2	92
conocer gays maracay	0	92
chat sex venezuela	74	91
caracas gay	9	91
chat mujeres maduras	6	91
video chat caracas	5	91
pagina de mujeres en linea	4	91
chat gay de maracay	87	90
chats sexo	10	90
porno chats	8	90
chat privado	2	90
latinchat org	0	90
cjat venezuela	51	89
chat gsy	19	89
chat para cornudos	7	89
chat con hombres de 50 a 60 años	2	89
chat con personas hot	2	89
chay gay	24	88
chatt hot	10	88
chat gay cam	2	88
chatear con hombres mayores	1	88
sex chat gay	1	88
chat carcas	18	87
conocer personas por internet	5	87
amor en linea gratis	2	87
hispachat cornudos	0	87
mi punto	48	86
chat hot mujeres	15	86
hablar con chicas gratis	15	86
chatpublico	1	86
chatvenez	79	85
pagina chat gay	77	85
roulette chat	5	85
chat vebezuela	22	84
paginas calientes	6	84
chat gratis sin registro más de 50	5	84
chat lesbianas gratis	4	84
paginas para conocer personas en venezuela	4	84
sala chat gratis	2	84
chatear adolescentes	1	84
chats caliente	1	84
chat latin	0	84
dale chat venezuela caliente	0	84
cantv sexo chat la victoria	82	83
chatmipuntodeambiente	82	83
latinchat.com	61	83
chat con chicas hot	17	83
citas hot	16	83
chatear con gay	6	83
cornudo venezuela	6	83
chat latino gay	5	83
latinchat amigos de 30 a 40	4	83
cjat xxx	2	83
chat de esoterismo	1	83
chat en barquisimeto	1	83
videochat con maduras gratis	0	83
para hablar con mujeres	13	82
chat para lesbianas	6	82
chat para ligar	4	82
chat dale venezuela	1	82
chat caracas gay	69	81
chat con putas	34	81
chst xxx	7	81
chat de ccs	3	81
contactos gays caracas	0	81
chat cristiano venezuela	28	80
chat con chicas gratis	22	80
chat en vivo gratis mujeres	18	80
pagina de chat	18	80
chat con lesbianas	14	80
chat con cam gratis sin registro	10	80
chat gay whatsapp	4	80
chat eritico	0	80
chat gratis sin java	0	80
chatdevenezuela	56	79
chat valencia venezuela	29	79
videochat gratis sin registro	18	79
lesbianas chat	14	79
contactos venezuela	10	79
sexo gay chat	10	79
chatear con mujeres solteras	6	79
transexuales chat	3	79
chat con maduros	2	79
chatzona	2	79
foros chat	0	79
gay chat hombres solteros	0	79
sala sexo	0	79
chat gay anonimo	65	78
latinchat gratis sin registro	9	78
chat latino caracas	1	78
chat latinoamericano	1	78
chat porno xxx	5	77
char porno	2	77
chat mujeres ccs	2	77
chat gratis sin registro en español	0	77
chat online les	0	77
chat el punto	69	76
chat venezuel	45	76
chst gay	15	76
chat chicas	12	76
hablar con mujeres xxx	8	76
chat eróticos	7	76
chat transexual	7	76
chat de swxo	6	76
chat gratis hot	6	76
badoo venezuela gratis	2	76
chat con hombres mayores de 55 años	1	76
chat les arg	0	76
char gay	20	75
pagina gay	13	75
chat cornudos gratis	3	75
chat online gratis sin registrarse	3	75
amigos en linea	2	75
pagina gays	2	75
salas de chat hot	2	75
www.mujeresvenezuela.net	0	75
cantv chat venezuela	57	74
chat veneuela	27	74
chat venezolana	16	74
chat con hombres	10	74
chatear con venezuela	0	74
gentechat venezuela	0	74
chat venezuela online	53	73
habla con mujeres	16	73
chat chatear mas de 40	0	73
chat friends	0	73
chat gay friends	0	73
video llamada sexo vzl	0	73
chat random venezuela	42	72
chat caraca	16	72
chat mujeres en vivo	12	72
gay venezuela	8	72
chat para adolescentes	5	72
chatgaycolombia	3	72
chattachira	1	72
elchatgay	1	72
chat de música	0	72
chat gay coro	0	72
chat lara	0	72
lastin chat	0	72
chat venezuela erotico	68	71
chatgays	51	71
chat venezuels	35	71
brujos en linea chat gratis	14	71
chat chicas gratis	10	71
chat maduras gratis	5	71
chat gay bigota	3	71
chat gratis ccs	3	71
chat gay bogots	1	71
chat esoterico videntes gratis	0	71
chat internacional	0	71
contactos gay táchira	0	71
chat de sexo travestis	68	70
chat lgbt	26	70
chat caracs	22	70
mujeres en linea gratis	15	70
chat para sexo	11	70
chat jovenes	4	70
chicas gratis	3	70
chat mcbo	1	70
chat arabe gratis	0	70
chat cristiano gratis	0	70
venezolana chat porno	0	70
www.sexoenvenezuela	0	70
chatgaycaracas	69	69
mujeres para chatear	24	69
chat al azar	10	69
chat de chicas gratis	8	69
chat mujeres mayores	8	69
gay chat zulia	6	69
porno chatear	3	69
dalechat barquisimeto	2	69
chat para hablar	1	69
chst de sexo	1	69
hablar con chicos	1	69
canalchat vzla	0	69
chat cam terra gays	0	69
el chat net	0	69
chat ambiente mipunto	60	68
chat de chicas	18	68
páginas para hablar con mujeres	13	68
video chat sin registro	9	68
chat caliente en linea whatsapp	8	68
gays en caracas	5	68
chat en vivo gratis	1	68
chat hombres de mas de 50 años	1	68
canal chat gratis	0	68
lanti chat venezuela	67	67
chat de gay gratis	63	67
chat gratis en linea	13	67
chicas online gratis	8	67
mujeres online gratis	7	67
chats de cornudos	5	67
chat cali	0	67
chat malaga	0	67
contacto de sexo	0	67
chatgayccs	36	66
videollamadas gratis sin registro	23	66
buscar amigos para chatear gratis	6	66
chats cornudos	3	66
chat de maracaibo	1	66
chat mujeres casadas	1	66
chat por	1	66
contactosex venezuela	0	66
chat cantv ambiente	52	65
latin chat venezuela	49	65
citas gay venezuela	36	65
chat online en barquisimeto venezuela	20	65
paginas para hablar con mujeres	19	65
chat hot maduras	11	65
chats para conocer gente	5	65
mujeres en vivo online gratis	5	65
chat cuckold	2	65
chats para travestis	0	65
salas de chat ambiente venezuela	63	64
videollamada con mujeres	13	64
chatear con trans	12	64
chat de seco	6	64
gays venezuela	6	64
paginas para chatear gratis	6	64
chicas online	5	64
chat con desconocidos sin registro	3	64
sexo gay merida	2	64
buscar amigos extranjeros para chatear gratis	1	64
chat de citas	1	64
chatlesbianas	1	64
dalechatvenezuela	0	64
escort venezolana chat virtual	0	64
gente c h a t	0	64
chat mujeres calientes	6	63
sexovenezuela	5	63
chat con webcam	3	63
mujeres en línea	3	63
chateagratis.net	1	63
gay chat espanol	0	63
mujeres para hablar	14	62
chat gratis más de 40	10	62
busco novia por whatsapp	9	62
chat xxx gay	7	62
chat mérida venezuela	5	62
chatear con mujeres mayores	2	62
el chat gratis	2	62
chat trujillo	1	62
chat cubano	0	62
chat sexo maduras	0	62
página de sexo en venezuela	0	62
chatvenezuelanet	57	61
chat de sexo en venezuela	48	61
chat gat	16	61
chat de travestis	11	61
paginas gays	9	61
chat gay en linea	8	61
telegram gay caracas	4	61
chat caliente online	2	61
chat gay de colombia	1	61
chat gay joven	0	61
chatear gratis en venezuela	13	60
brujos en línea chat gratis	11	60
chat gay hot	10	60
hablar con mujeres online	8	60
chat gay sex	6	60
páginas de chat	2	60
chatgay bogota	1	60
gay puerto la cruz	1	60
chat de esoterismo gratis	0	60
chat gay merida gratis	0	60
chat herotico	0	60
chat con mujeres online	14	59
sala chat caracas venezuela	14	59
mujeres chat	13	59
chat con mujeres casadas	9	59
conocer gente en caracas	6	59
chat con camara gratis	4	59
chat hots	2	59
grupos de whatsapp para conocer gente venezuela	2	59
chatroulette en español	1	59
chat para casados	0	59
chat y tv	0	59
maturín gay	43	58
chat veenzuela	23	58
chats eroticos	9	58
travestis venezuela	4	58
chat para adolescentes de 15 a 20	3	58
chat de mujeres solteras	2	58
pagina para conocer personas en venezuela	2	58
chat 18 a 25	1	58
chat cucuta	0	58
chatear gratis sin registro	0	58
cornudo chat venezuela	57	57
chatear con desconocidos de caracas venezuela	53	57
chatvzla	52	57
gaychat	15	57
chat gau	14	57
maduras chat	10	57
amigas venezolanas	2	57
conocer personas	2	57
conocer chicas hot	1	57
chats sin registro	0	57
el mejor chat	0	57
latinchat san cristobal venezuela	0	57
chat con mujeres mayores	14	56
chicas en linea	10	56
chat+18	8	56
chatear gratis con hombres	8	56
chat nueva esparta	5	56
chat morbosos	3	56
chst sexo	3	56
chat hot latinchat	1	56
chat cristianos	0	56
sitios web para hablar con mujeres gratis	0	56
mi ounto chat	37	55
chat hot vzla	32	55
chat casado	26	55
chats pornos	8	55
chat para adulto	7	55
chat con gay	5	55
página gay	5	55
chat con mujeres mayores gratis	1	55
chat almeria	0	55
chat caliente.net	0	55
chat gay chilenos	0	55
chat mendoza	0	55
chat registro	0	55
chat zona ccs	0	55
chateando gratis	0	55
chatt xxx	0	55
chat benezuela	35	54
cha venezuela	18	54
chat hot trans	8	54
telegram coneras peru	4	54
chat con webcam gratis	3	54
chatea gratis .net	2	54
salas de chat gay bogota	1	54
carabobo gay telegram	0	54
chat de sexo gay bogota	0	54
chat solteros	0	54
gay cruising carabobo	0	54
sitios de chat online	0	54
chat de ambiente ccs	51	53
chat con transexuales	11	53
página de citas en venezuela gratis	5	53
gay telegram venezuela	3	53
elchat.com gratis	1	53
chat less	0	53
chat morbo friends	0	53
el chat movil	0	53
salas de chat de sexo	0	53
mi punto chat venezuela	51	52
chat mí punto	44	52
chay venezuela	26	52
chat con mujeres solteras	13	52
mujeres calientes chat	6	52
hablar con mujeres en vivo	4	52
latichat	3	52
chatzone	2	52
chatear con lesbianas	1	52
charlas calientes	0	52
chat grátis	0	52
chatt de casado	0	52
la mejor sala de chat	0	52
mi punto chat ambiente caracas	49	51
chat para hablar con mujeres	11	51
video chat con mujeres	9	51
char hot	7	51
chat hot.	6	51
chat de 30 a 40 años	4	51
amigos chat gratis sin registro	2	51
chat terra alternativo	2	51
chst caliente	2	51
chat de ligar	1	51
chat gratis colombia	0	51
chatdelmundo.net entrar	0	51
chicas venezolanas webcam hot gratis	0	51
latincha	10	50
hablar con hombres	8	50
chatroulette gratis	7	50
chatear con mujeres solteras whatsapp	6	50
chat anonimo	5	50
chatgratis venezuela	5	50
travestis chat	5	50
chatvideo online	4	50
chats online	2	50
caracaschat	0	50
chat arabe	0	50
chat el chat	0	50
chat mazmorra	0	50
chat porno.	0	50
elchat movil	0	50
latinchat gay	0	50
sckocka gay caracas	0	50
chat xxx gay valencia carabobo	47	49
chat adulto español	26	49
encuentros gay	12	49
conocer gente por chat	11	49
chat con travestis	7	49
chats con mujeres calientes	7	49
salas de chat gay	7	49
chat adultos mayores	4	49
gay de caracas	4	49
chat gay caracas telegram	3	49
chat más de 40 gratis	3	49
chat de sexo gratis para adultos	2	49
chatear chat	2	49
chat gey sin registro	1	49
chat gratis por internet	0	49
chat videncia gratis	0	49
vhat venezuela	29	48
chat travestis vnzla	28	48
sexichatcaracas	28	48
chat online xxx	4	48
chat sexo online	3	48
gay chat bogota	2	48
esmas.com chat	1	48
salas de chats	1	48
citas caracas chats	0	48
chat venexuela	20	47
chicas calientes chat	14	47
chat de les	9	47
chats con mujeres	9	47
chat jot	7	47
maturin hot	7	47
chat sex gay	6	47
chat webcam gratis	5	47
chat de amistad	4	47
chat gratis lesbianas	4	47
chat sexi	4	47
chats morbosos	3	47
venzuela chat	3	47
chat lesbianas xxx	2	47
chat swinger gratis	2	47
dale chat venezuela	2	47
ruleta chat	2	47
whatsapp gay bogota	2	47
chatear gratis con mujeres mayores	1	47
chat camelot	0	47
chat de amor y amistad	0	47
sala de citas	0	47
whatsapp chat de 60 a 70 años	0	47
chat gay mi punto	38	46
chat vemezuela	24	46
chat hot maracaibo	19	46
hablar con gays	10	46
chat mayores de 70 años	3	46
amor en línea gratis	2	46
chat hot caliente	2	46
chat sexy	1	46
chateamos irc	0	46
omegle tv sin registro	12	45
chat mujeres solteras	8	45
chat gay telegram caracas	4	45
gay chat latino	4	45
chat gratis y sin registro	3	45
chat sexo gay	3	45
chat sado	2	45
hombres gay chat	2	45
llamada gay	2	45
chat hot en español	1	45
chatconcamara	1	45
chatgay colombia	1	45
chat casados	0	45
chat hombres mayores	0	45
chat murcia	0	45
chatga	36	44
chathot venezuela	32	44
hablar con chicas hot	9	44
gay maturin	7	44
chat barcelona	6	44
cht hot	4	44
hablar con personas online gratis	3	44
chatdesexo	2	44
chat en linea gay	1	44
chat gratis en línea	1	44
chat mundo	1	44
chats adultos	1	44
gente de chat	1	44
pagina para chatear con personas	1	44
chat cristiano evangelico	0	44
gays sexo gratis carabobo	0	44
spainchat mazmorra	0	44
venezuela chat mipunto ambiente	43	43
latín chat venezuela	39	43
gays chat	23	43
buscar novia por whatsapp	9	43
chat gya	7	43
chat de mujeres calientes	6	43
chatde sexo	6	43
zuliachat	6	43
cha gay	5	43
chat en vivo online gratis	5	43
chat sedo	5	43
gay valencia	4	43
chat con amigos	3	43
amigos por internet	1	43
cha hot	1	43
telegram gay carabobo	1	43
whatsapp gay bogotá	1	43
chat gay en bogotá	0	43
chatsonico	0	43
conocer chicas venezolanas	0	43
lescontacto	0	43
chat al azar venezuela	41	42
chat en guarenas	38	42
chatvenwzuela	34	42
caht venezuela	26	42
contactos trans	23	42
chicas para chatear	14	42
brujas en linea chat	6	42
chats con mujeres gratis	5	42
chat con cam	4	42
chatcamgratis	4	42
chicas para hablar por whatsapp gratis	3	42
buscar pareja en venezuela gratis	2	42
chatear con mujeres solteras gratis	2	42
chat el rincon	1	42
chattv	1	42
bogotagay	0	42
chat latinoamerica	0	42
venezolanas en linea	0	42
chatvenezuel	35	41
chat maduros gay	25	41
chat random mujeres	14	41
chicas hot chat	12	41
cht gay	10	41
hablar con chicas online	10	41
chat lesvianas	8	41
contactos gay	7	41
xhat hot	7	41
páginas para conocer gente gratis	5	41
caht hot	4	41
chat para conocer mujeres	4	41
chat webcam	4	41
grupos de whatsapp gay venezuela	4	41
videollamadas online gratis	4	41
chat gay porno	2	41
cjat hot	1	41
pagina para hablar con mujeres mayores	1	41
chat cornudos terra	0	41
chat guanajuato	0	41
chat lesbo	0	41
chat terra zulia	0	41
chats erotico	0	41
latinchat hot	0	41
shoka venzuela	0	41
chat ambiente venezuela gratis	36	40
chat porno maracaibo	35	40
contacto gay	11	40
grupos de sexo venezuela	10	40
latinchat peru	9	40
chicas para hablar	8	40
chat transexuales	7	40
chat hot con maduras	6	40
vhat hot	4	40
chat caliente whatsapp	3	40
chat d sexo	3	40
chat de trans	3	40
chat sex gratis	2	40
chat de lesbianas gratis	1	40
elchat com gratis	1	40
chat brasil.net	0	40
chat en español	0	40
chat online sin registro	0	40
chateamos hot	0	40
cht venezuela	18	39
chat hay	10	39
videollamada venezuela	8	39
chat con cornudos	7	39
chat calientes gratis	5	39
chat de gays	5	39
chat maduras calientes	5	39
chat oorno	4	39
lesbiana chat	4	39
mujeres calientes en linea	4	39
chat con chicas en línea	3	39
chat gay telegram venezuela	3	39
chat webcam gratis sin registro	3	39
chat solteras	2	39
chat de musica	1	39
chat hot whatsapp	1	39
chta xxx	1	39
cornudo chats	1	39
terra chat gratis	1	39
chat de mujeres casadas	0	39
chat terra chile	0	39
chatroulete	0	39
esmas com chat	0	39
gay chat friends	0	39
chatdeambiente	36	38
chst gratis venezuela	27	38
chat venezuwla	11	38
chat lgbt gratis	8	38
chat gay merida	7	38
conocer gente venezuela	7	38
pagina de gay	7	38
chat erotico venezuela	5	38
chat para hablar de sexo	5	38
chat mujer	3	38
chatlesbiana	3	38
chat dexo	2	38
chat les sin registro	2	38
xxx chat porno	2	38
cam gay	1	38
chat ambientr	1	38
chat pornl	1	38
chateamos xxx	1	38
gay chat colombia	1	38
chat cachondas	0	38
chat de citas gratis sin registro	0	38
chateagratis. net	0	38
chatear con cámara	0	38
chatfriends gay	0	38
dalechat venezuela hot	0	38
terrachat latina	0	38
videollamada gay gratis	0	38
hablar con mujeres hot	11	37
video chat gratis sin registro	9	37
chatlatin	8	37
grupos gay telegram venezuela	6	37
hablar con chicas de 15 años	6	37
larinchat	6	37
chats para conocer personas	5	37
buscar amigos para chatear	4	37
chat gratis porno	4	37
chat de chicas solteras	3	37
chat sexual gay	3	37
conocer venezolanas	2	37
mujeres para hablar por whatsapp	2	37
chat hot sin registro	1	37
chat colombia gay	0	37
chat en venezuela.com	0	37
chst erótico	0	37
videochatgay	0	37
página de gays	9	36
chatear porno	7	36
grupos de telegram venezuela amistad	7	36
mujeres calientes para hablar	7	36
chat con mujeres gratis sin pagar	6	36
chat xxx gratis	6	36
chat nopor	3	36
chatear en linea	3	36
chats +18	3	36
chicas en linea gratis	3	36
chat con personas	2	36
chat sexo virtual	2	36
chat gay bogotá gay	1	36
maduras online	1	36
paginas de sex chat	1	36
página para hablar con mujeres mayores	1	36
whatsapp gay venezuela	1	36
chat erot	0	36
chat gay colombiano	0	36
chatear gratis y sin registro	0	36
latínchat	0	36
michat.org	0	36
chat venezuela hablar con gente	34	35
chat online ccs	32	35
videollamada sin registro	8	35
chat aexo	7	35
chatear con maduras	6	35
hablar con mujeres porno	5	35
video chat maduras	5	35
pagina para chatear	4	35
chat gratis caracas venezuela	3	35
chats hot gratis	3	35
conocer chicas gratis	3	35
chat gay web	2	35
chat hispano cornudos	2	35
chat zona gratis	2	35
coneras telegram peru	2	35
chat para chatear	1	35
chat hispano sexo	0	35
chat sexo casadas	0	35
chatdelmundo	0	35
chateagratis,net	0	35
chatear con lesbi	0	35
chatytv	0	35
contacto sexo	0	35
chat hot maturin	33	34
chat de sexo en caracas	23	34
chat gay venezuel	19	34
chatear con mujeres solteras whatsapp gratis	6	34
sala de chat gratis sin registro	6	34
chat chicas calientes	5	34
chatsexovenezuela	4	34
sex chat gay venezuela	4	34
chat ruleta	3	34
chatsexuales	3	34
chat en línea gratis sin registro	2	34
chat en vivo	2	34
chat somos tu y yo	2	34
chat gratis con maduras	1	34
chat lesbianas latinas	1	34
chat barranquilla	0	34
chateagratis net	0	34
chatroulette spagnola	0	34
el chat en español	0	34
elchat.com	0	34
terra chat alternativo	0	34
chat para trans	7	33
chta hot	6	33
travesti chat	5	33
mujeres maduras chat	4	33
chat gay.	3	33
chat maduras xxx	3	33
chatsexual	2	33
chatt caliente	2	33
latin chat gratis	2	33
chat erotixo	1	33
chat gay sexo	1	33
chat sezo	1	33
chay gay bogota	1	33
chicas en línea	1	33
paginas de chat para conocer personas	1	33
porno chst	1	33
aragua chat	0	33
canal chat org venezuela	0	33
chat de trasvestis	0	33
chat elchat net	0	33
chat erótico lesbianas	0	33
chat hot español	0	33
chat terra latino	0	33
chatea	0	33
el chat latino	0	33
elchat com	0	33
lara chat	0	33
maracaibohot	0	33
paginas para chatear porno	0	33
xxx chst	0	33
sala de chat valencia venezuela	27	32
chat cuernos	24	32
conocer gay	23	32
chqt venezuela	17	32
numeros de gay	17	32
pagina para hablar con mujeres	7	32
página para hablar con mujeres gratis	7	32
chat para tener sexo	6	32
para chatear	5	32
mi chat gratis	4	32
chat mujeres gratis	3	32
página para chatear	3	32
sexo gratis en caracas	3	32
chatear con amigos	2	32
chatear con personas	2	32
encontrar pareja en venezuela	2	32
chat hay bogota	1	32
chat se sexo	1	32
chatear hot	1	32
chatgratis	1	32
hombres buscando hombres	1	32
chat roulette español	0	32
chatt online caracas	0	32
cornudos chat online	0	32
dale chat maturin	0	32
chat gay mipunto	30	31
encuentros gay caracas	9	31
chat con mujeres calientes gratis	8	31
conocer mujeres maduras	7	31
números de mujeres para hablar por whatsapp	7	31
chat en nueva esparta	6	31
hombres gay cerca de mi ubicación	6	31
salas de chat en vivo	5	31
buscar pareja gratis en internet sin registrarse	4	31
chat conocer gente	4	31
culiar en línea	4	31
whatsapp de chicas para hablar	4	31
chat gratis con mujeres maduras	3	31
encuentros barquisimeto	3	31
chat azar	2	31
chatlesbico	2	31
cuckold chat	2	31
canalchat	1	31
chat para jovenes	1	31
chatarabe	1	31
chatear mas de 50	1	31
chats de lesbianas	1	31
páginas gay	1	31
chat para sexo gay bogota	0	31
chat virtual	0	31
chat zulia gratis en maracaibo	0	31
xhat de sexo	0	31
chat gay vakencia	30	30
.chatcantv	29	30
pagina gay gratis	25	30
chat gay caliente	20	30
chat de ambiente gay venezuela	18	30
mujeres hot chat	12	30
chat ga	10	30
chat gratis para adultos	8	30
chatear con mujeres calientes gratis	6	30
para hablar con mujeres en vivo	6	30
chat hot chicas	5	30
mujeres chat online gratis	5	30
videos chat sin registro	5	30
chats online gratis	4	30
chicas en línea gratis	4	30
sexo gratis maracay	4	30
videollamadas online gratis 1v1 sin registro	4	30
xhat gay	4	30
chats maduras	3	30
chat en vivo con mujeres	2	30
chat erotico de venezuela	2	30
chat friends amistad	2	30
chat lebiana	2	30
mujeres en línea gratis	2	30
pagina para hablar con personas	2	30
travestis net	2	30
cjat de sexo	1	30
porno chat venezolanas	1	30
chat decsexo	0	30
chat español	0	30
chat gay porno bogotá	0	30
chat para ligar venezuela	0	30
chats de esoterismo	0	30
dale,,al,,chat,,venezuela	0	30
esoterismo chat	0	30
mipunto de ambiente	29	29
chathotvenezuela	25	29
chatbarquisimeto	10	29
chat con gays	7	29
chat para conocer chicas	5	29
chat caliente con mujeres	4	29
porno cht	4	29
chat citas gratis	2	29
buscar pareja en venezuela	1	29
chat adolecente	1	29
chat con hombres solteros	1	29
chat random gay	1	29
chatear maduras	1	29
chatt de venezuela	1	29
chast sexuales	0	29
chat de hombres	0	29
chat gay foto	0	29
chat gratis online	0	29
chat online de sexo	0	29
chat sucre	0	29
chatear con mujeres casadas	0	29
chatroulette online gratis	0	29
roulette español	0	29
sexo gay bogota chat	0	29
volanochat	23	28
chat mi punto gratis	22	28
chta gay	14	28
chat de lesbianas en venezuela	13	28
conocer mujeres mayores gratis	6	28
chat gratis con chicas	5	28
chat pornos gratis	5	28
chat hot gratuito	4	28
chattravesti	4	28
hablar con trans	4	28
página para hablar con personas	3	28
char sexo	2	28
chat de morbo	2	28
sexo gay en caracas	2	28
caracas gay telegram	1	28
chat amistad gratis	1	28
chat anónimo sin registro	1	28
citas gays	1	28
contactos sado	1	28
musica chat	1	28
telegram perú coneras	1	28
chat 60	0	28
chat caliente hot	0	28
chat gey bogota	0	28
chat hispano lleida	0	28
chat palmira	0	28
chat.elchat	0	28
chats friends	0	28
latin chat hot	0	28
latinchat amigos	0	28
gay chat caracas	22	27
chat online trans	20	27
chatcarabobo	19	27
latinchat colombia	14	27
chicas calientes para hablar	10	27
chatea con mujeres	9	27
página para hablar con mujeres	9	27
chat adulto gratis	8	27
citas calientes	8	27
hablar con lesbianas	8	27
maduras calientes chat	7	27
chat xxx.	5	27
chat trans gratis	4	27
chat con mujeres gratis sin registro	3	27
paginas de cornudos	3	27
venezuela gay telegram	3	27
chat amor y amistad	2	27
chat caliente con chicas	2	27
chat de lesbi	2	27
chat por o	2	27
chat secual	2	27
habla con mujeres gratis	2	27
parejas.net	2	27
video chat gay gratis	2	27
xhat porno	2	27
atrio chat	1	27
chat friend gay	1	27
chat gay bogot	1	27
chat gay boogta	1	27
chat gay maduros	1	27
chat gratis con camara	1	27
chat sexl	1	27
chatt porno	1	27
paginas de citas gratis en venezuela	1	27
chat caliente messenger	0	27
chat de mas de 60	0	27
chat gay chatfriends	0	27
chat gratis en español	0	27
chat sado gay	0	27
chat sudamerica	0	27
chatea gratis net	0	27
chatroulette españa online gratis	0	27
chatroulette online	0	27
chatruleta españa	0	27
chats cornudo	0	27
chtas de sexo	0	27
citas gay online	0	27
corito.chat	0	27
dale chat hot venezuela	0	27
erotic chat	0	27
latinchat30 a 40	0	27
maduras calientes gratis	0	27
mazmorra chat	0	27
pagina caliente	0	27
salas de chat maracaibo	0	27
terra chat latino	0	27
venezuela te busca	0	27
chat gay acarigua	25	26
chat venezuela cantv	22	26
chat lesbianas caracas	18	26
chatear con travesti	7	26
hablar con mujeres maduras	6	26
telegram chat venezuela	6	26
chat en línea mujeres	5	26
latin chats	5	26
numeros de gays	4	26
caracas hot	3	26
hombre busca hombre en caracas	3	26
hot chats	3	26
página de chat gratis	3	26
brujos online gratis	2	26
gay chat hot	2	26
grupo de whatsapp gay venezuela	2	26
paginas para hablar con personas	2	26
charla caliente	1	26
chat camara	1	26
chat con casadas	1	26
chat hot adulto	1	26
chat online gratis gay	1	26
chat sexo mujeres	1	26
chat travesti gratis	1	26
chatea en el chat	1	26
chay hot	1	26
roulette online chat	1	26
sexo gay mérida	1	26
chat bariloche	0	26
chat calient	0	26
chat malagueño	0	26
chat random adultos	0	26
chat soria	0	26
chat top brasil	0	26
latinchat bucaramanga	0	26
latinchat caliente	0	26
madridchat	0	26
telegram coneras perú	0	26
terra chat gay bogota	0	26
webchat cornudos	0	26
ber sala chat	14	25
chats eroticos gratis	13	25
chat online caliente	5	25
chatear con transexuales	4	25
chicas calientes para chatear	4	25
omegle gratis sin cuenta	4	25
sex chat gratis	4	25
cam to cam sin registro	3	25
chat para adulto mayor	3	25
chat ñorno	3	25
chats lesbianas	3	25
paginas para chatear con mujeres	3	25
bogotagay salas de chat	2	25
busco novio	2	25
chat eroticos gratis	2	25
chat gratis con mujeres calientes	2	25
chat parejas	2	25
cjat porno	2	25
conocer gente por internet	2	25
paginas para chatear con chicas	2	25
paginas para hablar con hombres	2	25
chat gratis lesbiana	1	25
chat lesvico	1	25
chat para mayores	1	25
chat sin registro gratis	1	25
latin chat español	1	25
chat calie te	0	25
chat de malaga	0	25
chat flash gratis	0	25
chat mundial	0	25
chat swxo	0	25
chat terra cornudo	0	25
chatsfriends.com	0	25
contacto sexo venexuela	0	25
dále chat maracay	0	25
foro chat	0	25
terra alternat	0	25
chatvenezuela net	15	24
chart gay	9	24
chat con transgenero	8	24
chat gy	6	24
videollamadas online gratis con desconocidos	6	24
mujeres en vivo gratis	5	24
vhat gay	5	24
chat de sexo con mujeres	4	24
chat de solteros	4	24
chat mayores de 60	4	24
chatear con chicas online	4	24
video chat con maduras	4	24
chat gay español	3	24
hablar con amigos	3	24
página para chatear con mujeres gratis	3	24
videollamada con mujeres maduras	3	24
chat 18+	2	24
chat erotivo	2	24
chatmaduras	2	24
chattravestis	2	24
cjat sexo	2	24
chat para hacer amigos	1	24
cht porno	1	24
omegle sin registro	1	24
videochat gay	1	24
chat de santeria	0	24
chat eortico	0	24
chat gay almeria	0	24
chat gay chile	0	24
chat gay friend	0	24
chat guinea ecuatorial	0	24
chat hot sitios	0	24
chat latino net	0	24
chat sexual con mujeres	0	24
chat sin java chatear gratis	0	24
chatear con maduras gratis	0	24
chatear sin java	0	24
conocer gente gratis	0	24
maduras online gratis	0	24
pc chat-radio	0	24
videntes online gratis chat	0	24
xhat xxx	0	24
chatvenzuela	20	23
chatear en venezuela	13	23
chat de adulto	6	23
conocer gays	6	23
chat con chicas solteras	5	23
gay en caracas	5	23
chat de xxx	4	23
conocer personas online	4	23
hablar con mujeres por whatsapp	4	23
mi punto punto com	4	23
chat chicas hot	3	23
chat para hablar con hombres	3	23
hablar con putas gratis	3	23
latinchat medellin	3	23
xxx para hablar con mujeres	3	23
chat caliente en línea	2	23
chat caracaa	2	23
chat de amigos y novios gratis	2	23
chat de sexo.	2	23
chatear con personas gratis	2	23
contactos travestis	2	23
grupos de telegram gay caracas	2	23
latinchst	2	23
char de sexo	1	23
chat de jovenes	1	23
chat radio	1	23
contactos gay merida	1	23
sala de chats gratis	1	23
chat amigar	0	23
chat barrancabermeja	0	23
chat charlas	0	23
chat hombre	0	23
chat hot sin registrarse	0	23
chat org	0	23
chat rancagua	0	23
chateacongente	0	23
chatear gays bogotá	0	23
chatear gratis con maduras	0	23
chats internacionales	0	23
chats sin java	0	23
elchat net	0	23
hablar con hombres gay en maracaibo gratis	0	23
latinchar	0	23
mensajear con mujeres hot	0	23
salas de chat calientes	0	23
salas de chat sin java	0	23
chatvebezuela	19	22
sala de chat gay	17	22
chat travestis venezuela	16	22
chat cantv gratis	10	22
video chat gay colombia	7	22
chats en vivo	6	22
paginas gays para hablar	6	22
video chat con mujeres maduras	6	22
chat de dexo	5	22
chat gay bogota.	5	22
chat victoria	5	22
encuentros venezuela	5	22
mujeres calientes para chatear	5	22
caht gay	4	22
grupos gay venezuela	4	22
chat conocer gente gratis	3	22
chat de mujeres maduras	3	22
chat sensual	3	22
chatear caliente	3	22
chats calientes para hablar	3	22
hombre busca hombre caracas	3	22
chat al azar gratis	2	22
chatmundial	2	22
encuentro gay	2	22
sexo virtual venezuela	2	22
videochat hot	2	22
chat adolescentes de 13 a 18	1	22
chat amor	1	22
chat con mujeres xxx	1	22
chat parejas liberales	1	22
chat punto	1	22
chats eróticos	1	22
lesbianas venezuela	1	22
paginas chat gay	1	22
buenamusica	0	22
chafriens	0	22
chat 40	0	22
chat canal	0	22
chat cornud	0	22
chat de maduras gratis	0	22
chat espanol	0	22
chat gat bogota	0	22
chat gay bogita	0	22
chat gay bogora	0	22
chat gay de bogota	0	22
chat juvenil	0	22
chat lesbiana xxx	0	22
chat medellin	0	22
chat poeno	0	22
chatdelmundo.net	0	22
chateagay	0	22
chatear con casadas	0	22
chatear con hombres	0	22
chatear gratis sin java	0	22
chats para adolescentes	0	22
chst gay bogota	0	22
el chat sin java	0	22
para hablar con hombres xxx	0	22
sala de chat hot	0	22
sitios para chatear	0	22
vhat porno	0	22
xxx gey chat	0	22
xxx chat caracas gay	18	21
venezuela chat gay	17	21
chat l venezuela	14	21
mi chat.com	8	21
chat con señoras	7	21
chat e	6	21
paginas para hablar con mujeres gratis sin pagar	6	21
sexo gratis caracas	6	21
chat para hablar con chicas	5	21
chat para hablar con mujeres gratis	5	21
chatroulette latino	5	21
mujeres online chat	5	21
sexo gratis venezuela	5	21
conocer chicas online	4	21
gay xxx chat	4	21
paginas para chat hot	4	21
chat de sezo	3	21
chat de texto gay	3	21
chat gay venezuela telegram	3	21
chatear con mujeres de 40 a 50 años	3	21
chicas chat	3	21
chqt hot	3	21
hablar con chicas en vivo	3	21
chas calientes	2	21
chat gay fli	2	21
conocer gente online	2	21
gay chat online	2	21
chat de abiente de barquisimeto	1	21
chat de parejas	1	21
chat gsy bogota	1	21
chat hot latino	1	21
chat mayores 60	1	21
chat travesty	1	21
chatbde sexo	1	21
latinchay	1	21
latín chat gratis	1	21
novio virtual chat gratis	1	21
pagina de citas gay	1	21
random chat gay	1	21
salas de chat gratis y sin registro	1	21
caht porno	0	21
cali chat	0	21
chat con	0	21
chat de sumisas	0	21
chat gratis latinoamerica	0	21
chat mas de 50 años	0	21
chat monteria	0	21
chat pprno	0	21
chat wrotico	0	21
chatear gratis con mujeres solteras	0	21
cita gay	0	21
el chat español	0	21
enlaces gay colombiano	0	21
numeros de telefo gay acarigua	0	21
numeros de teléfono gay acarigua	0	21
www.latinchat.com paises	0	21
chatear con mujeres porno	5	20
chat en vivo online gratis mujeres	4	20
chat gay gratis.	4	20
chat mujeres hot	4	20
hablar con mujeres calientes gratis	4	20
videollamadas al azar gratis	4	20
chat.net gratis	3	20
chatear con mujeres hot	3	20
chattrans	3	20
conocer gente online gratis sin registrarse	3	20
sexo gay caracas	3	20
video chat gratis	3	20
bogotá chat gay	2	20
chat cachondo	2	20
chat con chicas hot gratis	2	20
chat gqy	2	20
chatear con gey	2	20
hablar con maduras	2	20
chat calientr	1	20
chat de gey	1	20
chat de sexl	1	20
chat gays gratis	1	20
chat gratis cristiano	1	20
chat más de 40	1	20
chat privados	1	20
chatea ya	1	20
morbochat	1	20
sex chst	1	20
video chat ga	1	20
buscar pareja venezuela	0	20
cchat gay	0	20
chat alicante	0	20
chat con mujeres lesbianas en caracas	0	20
chat de cornudos gratis	0	20
chat gay camara	0	20
chat guarico	0	20
chat pirno	0	20
chat sin jaba	0	20
chateagratis lesbianas	0	20
chatear con cubanas	0	20
chatgeneral	0	20
chatroulete español	0	20
el chat caliente	0	20
el chat gay net	0	20
latin gay chat	0	20
salas chat gratis	0	20
salas de chat internacional	0	20
terra alternativo	0	20
travstiechat	0	20
venezueladates	0	20
video chat gey	0	20
videochathotgay	0	20
chat travesti venezuela	15	19
sexo chat gratis	8	19
chat para gay	7	19
encuentros casuales venezuela	5	19
sexo gratis chat	5	19
chat con chicas malas	4	19
chat de adultos mayores	4	19
chat maduros	4	19
chicas calientes en linea	4	19
latin chat caracas	4	19
número de mujeres para chatear	4	19
chat caliente maduras	3	19
chat con mujeres en vivo	3	19
chat con mujeres hot gratis	3	19
chat con mujeres solteras gratis	3	19
chat online privado	3	19
chatear con chicas hot	3	19
chats xx	3	19
gay caracas telegram	3	19
mujeres calientes online	3	19
porno en chat	3	19
caht xxx	2	19
chat anónimo	2	19
chat caliente en linea gratis	2	19
chat con mujer	2	19
chat en linea hot	2	19
chat salas	2	19
chicas que quieran hablar por whatsapp	2	19
maduras en linea	2	19
para hablar con mujeres gratis	2	19
chat abierto	1	19
chat de sexi	1	19
chat gay live	1	19
chat jóvenes	1	19
chat sexual gratis	1	19
chat yaracuy	1	19
citas con mujeres mayores	1	19
hablar con personas	1	19
latimchat	1	19
latinchat paises	1	19
laton chat	1	19
omegle chat gay	1	19
paginas de chat en vivo	1	19
venechat	1	19
videollamadas online gratis sin registro españa	1	19
chat amor en línea gratis	0	19
chat casadas gratis	0	19
chat de amigos gratis	0	19
chat de sexo gay gratis	0	19
chat en espanol	0	19
chat en vivo online gratis sin registro	0	19
chat evangelico	0	19
chat gay venenzuela	0	19
chat hot net	0	19
chat liberal	0	19
chat online +18	0	19
chat xxx lesbianas	0	19
chatdelmundo net entrar	0	19
chateame caliente	0	19
chatear con solteras	0	19
chateo	0	19
chatfriends sexo	0	19
chatroulete españa	0	19
chatswinger	0	19
chatt gratis	0	19
conseguir novio gay caracas	0	19
erotico chat	0	19
gente chat net	0	19
para hablar con gay	0	19
ruleta de chat	0	19
terrachat cornudos	0	19
top chat gay	0	19
venezuela costumbres	0	19
videochat sin registro gratis	0	19
www buenamusica	0	19
ccs chat	16	18
chatear con mujeres reales	12	18
chat guanare	11	18
chat venezula	11	18
sexo en venezuela chat	10	18
chat con cámara y micrófono sin registro	8	18
chat con chicas trans	7	18
paginas para cornudos	7	18
chat más de 50	6	18
numeros de mujeres calientes	6	18
chats hor	5	18
chats para sexo	5	18
paginas para hablar de sexo	5	18
chat con hombres en línea	4	18
cjat gay	4	18
chat con madres solteras	3	18
chat csliente	3	18
chats en venezuela	3	18
grupo gay caracas	3	18
hablar hot	3	18
latinchat mas de 60	3	18
sitios para hablar con chicas	3	18
video chat sin registrarse	3	18
chat con maduras gratis	2	18
chat gratis adulto	2	18
chat miranda	2	18
chat online lesbianas	2	18
chat.erotico	2	18
chatamigos	2	18
chats calientes gratis	2	18
paginas para hablar con mujeres calientes	2	18
para chatear gratis	2	18
salas de chat para conocer gente	2	18
chat brasil gratis	1	18
chat citas	1	18
chat erótico online	1	18
chat para encontrar pareja gratis	1	18
chat para hablar con mujeres calientes	1	18
chatear con hombres más de 50 años	1	18
chatgay bogotá	1	18
chst erotico	1	18
gay en línea	1	18
grupos de telegram para conocer gente venezuela	1	18
hombres busca hombre	1	18
llamadas gay	1	18
páginas para chatear gratis	1	18
sexy chat	1	18
amigos online	0	18
chat bdsm	0	18
chat brasil	0	18
chat con el mundo	0	18
chat de casadas	0	18
chat de v	0	18
chat gay dale	0	18
chat gratis cornudos	0	18
chat lima	0	18
chat para site	0	18
chat toledo	0	18
chatear con chicas solteras gratis	0	18
chatear con gente	0	18
chatgay gratis	0	18
chatgratisaragua	0	18
chatmastulua	0	18
chatroulette spain	0	18
chats en español	0	18
chats gays en bogota	0	18
chatuniversogay	0	18
conocer personas en linea	0	18
el chat cristiano	0	18
elchat con	0	18
hombre busca hombre	0	18
latin chat org	0	18
latinxhat	0	18
salas de chat caliente	0	18
sexchat gay	0	18
sexi caracas	0	18
videochat gays	0	18
gay mérida	9	17
chat lesbianas en venezuela	6	17
chat video venezuela	6	17
videos chat gratis sin registro	6	17
chat de mujeres gratis	5	17
paginas de chat xxx	5	17
chat en línea con mujeres	4	17
chat hot snapchat	4	17
chatea con chicas	4	17
gay chats	4	17
videollamadas online gratis sin registro omegle	4	17
chat con trans gratis	3	17
chat gratis maduras	3	17
chat ligar gratis	3	17
chatea con trans	3	17
chatear con mujeres maduras gratis	3	17
chats de sexo gratis	3	17
chst hor	3	17
grupos de chat para conocer gente	3	17
maracaibo hot	3	17
quiero hablar con mujeres	3	17
video chat caliente	3	17
videollamadas online gratis sin registro chicas	3	17
caht de sexo	2	17
chat caliemte	2	17
chat gay caracas whatsapp	2	17
chat para conocer amigos	2	17
chateo xxx	2	17
chay de sexo	2	17
chicas chat hot	2	17
citas calientes gratis	2	17
gay barquisimeto	2	17
gay telegram caracas	2	17
hablar con mujeres mayores gratis	2	17
hablar xxx	2	17
pagina para conocer mujeres mayores	2	17
transexual en caracas	2	17
buscar novia en venezuela	1	17
chat con hombres gay	1	17
chat para buscar novia	1	17
chats con mujeres hot	1	17
chats de adultos	1	17
chay porno	1	17
chqt xxx	1	17
omegle para gay	1	17
sexchaster gay	1	17
canal mazmorra chat	0	17
charla hot	0	17
chat 60 años	0	17
chat cataluña	0	17
chat chica	0	17
chat corndos	0	17
chat cuba	0	17
chat eeotico	0	17
chat el vive	0	17
chat erotico sexo venezuela	0	17
chat erotico.	0	17
chat foro	0	17
chat gratis con mujeres solteras	0	17
chat kiwito	0	17
chat y television gratis	0	17
chatadultos	0	17
dale chat maracay	0	17
grupo whatsapp gay venezuela	0	17
latin chat sin registro con fotos	0	17
paginas de chat gratis	0	17
terrachats	0	17
v3n3zuela	0	17
videos gay venezolanos	0	17
paginas para hablar con gays venezuela barinas	16	16
encuentros sexuales venezuela	6	16
salaa de chat	6	16
videollamadas con mujeres maduras	6	16
chat con camara gratis sin registro	5	16
chat con señoras gratis	5	16
videollamadas con maduras	5	16
chat gay carcaas	4	16
chats con chicas gratis	4	16
habla con mujeres calientes	4	16
videollamadas con mujeres desconocidas gratis sin registro	4	16
chats mujeres	3	16
hablar con mujeres cachondas	3	16
paginas para chatear con mujeres solteras gratis	3	16
chat amigo	2	16
chat erotico online	2	16
chat gsy bgta	2	16
chat hlt	2	16
chateo porno	2	16
chats con chicas calientes	2	16
pagina para chat hot	2	16
paginas para hablar con chicas calientes	2	16
chat cachondos	1	16
chat con hombres maduros	1	16
chat de lesvianas	1	16
chat de pornos	1	16
chat maduras hot	1	16
chat para hablar con desconocidos	1	16
chatear con mujeres en vivo	1	16
chatear con mujeres solteras sin registrarse	1	16
citas en mérida venezuela	1	16
esoteric chat	1	16
grupos gay telegram caracas	1	16
hablar con mujeres solteras	1	16
hombres para hablar por whatsapp	1	16
página de chat	1	16
página gays	1	16
swx chat	1	16
xxx hablar con mujeres	1	16
chat de 18 a 25	0	16
chat de chicos	0	16
chat de seox	0	16
chat de sexo en español	0	16
chat el foro	0	16
chat erptico	0	16
chat gay nogota	0	16
chat lesbian	0	16
chat lleida	0	16
chat paisa	0	16
chat porno chat	0	16
chat sobre sexo gay	0	16
chat tlalnepantla	0	16
chateamos sexo	0	16
chatear con cuba	0	16
chatear con cubanos	0	16
chatear sin registro	0	16
chatlesbianas net	0	16
chatroulette espanol	0	16
chats cachondos	0	16
contactos de transexuales	0	16
cuernudo chat	0	16
foros venezuela	0	16
gente chat.net	0	16
latin chat net	0	16
video caht gay	0	16
video chat entre hombres	0	16
video chat gay caliente	0	16
webchat online	0	16
wed gay chat	0	16
www elchat com	0	16
chat hot adultas	14	15
chat de ambiente maracay	11	15
mipunto com mas de 40	11	15
chats con trans	8	15
chat ho5	5	15
videollamada gratis sin registro	5	15
chat con mujeres en linea	4	15
chat gay pasivo	4	15
sexchat gratis	4	15
videollamada con maduras	4	15
cha de sexo	3	15
chat de adultos gratis	3	15
chat de travesti	3	15
chat hog	3	15
chat lgtb	3	15
chat para niños de 15 a 17 años	3	15
encuentros casuales maracay	3	15
paginas para hablar con chicas	3	15
para chatear con hombres	3	15
página para hablar con chicas	3	15
video chat hot	3	15
chat con maduras calientes	2	15
chat con mujeres sin registro	2	15
chat en linea caliente	2	15
chat hot con mujeres gratis	2	15
chatando	2	15
chats pornl	2	15
gay online	2	15
llamar a mujeres	2	15
paginas de chat hot	2	15
páginas para hablar con chicas	2	15
sala de chat para adultos	2	15
video chat gratis con chicas	2	15
chac porno	1	15
charlas hot	1	15
chat caliente con maduras	1	15
chat caliente mujeres	1	15
chat calientw	1	15
chat coenudos	1	15
chat hot privado	1	15
chat para buscar pareja sin registro	1	15
chat para conseguir pareja	1	15
chat venezuela mipunto	1	15
chatear con chicas calientes gratis	1	15
chats para hablar	1	15
chats sex	1	15
conocer amigas	1	15
grupo gay telegram carabobo	1	15
grupos de telegram gay venezuela	1	15
llamadas calientes	1	15
porno char	1	15
puntochat gratis	1	15
cha5	0	15
chat con sumisas	0	15
chat cristiano el vive	0	15
chat de sexo gratuitos	0	15
chat erotica	0	15
chat falcon	0	15
chat gay maduro	0	15
chat grati	0	15
chat gratis en linea whatsapp	0	15
chat la mazmorra	0	15
chat maduras sexo	0	15
chat mayores de 50 años	0	15
chat mazmorra net	0	15
chat orgia	0	15
chat para cornudo	0	15
chat potno	0	15
chat sumisa	0	15
chat sumiso	0	15
chatear con gente de cuba	0	15
chatear en malaga gratis	0	15
chatear gratis java	0	15
chatear mas de 30	0	15
chatgratis gay	0	15
chattvgratis	0	15
chaty tv gratis	0	15
chatzona.org	0	15
chicas maduras gratis	0	15
conocer hombres gay en linea	0	15
conocer maduras gratis	0	15
costariqueñas	0	15
gay colombia chat	0	15
grupo de whatsapp gay caracas	0	15
lineas calientes gratis	0	15
maduras en vivo	0	15
terra chat movil	0	15
venezuela social	0	15
web cornudos	0	15
chatcantvvenezuela	14	14
chat gay xxx venezuela	12	14
chat travestí	12	14
chata hot	9	14
chay gay venezuela	9	14
trans en linea	7	14
chat calientes con mujeres	5	14
chat con chicas online	5	14
chats calientes con mujeres	5	14
chat con putas gratis	4	14
chat videollamada online gratis	4	14
chqt gay	4	14
chat fay	3	14
chat terra mazmorra	3	14
gay buscando pareja	3	14
lesbianas en linea	3	14
chat caluente	2	14
chat cornudos xxx	2	14
chat hot con trans	2	14
chat roulette españa	2	14
chatea gratis lesbianas	2	14
chatiar con mujeres	2	14
chats en linea gratis	2	14
escort gay caracas	2	14
grupo de telegram gay caracas	2	14
hablar con personas online	2	14
maduras chat hot	2	14
mujeres gratis	2	14
mujeres online	2	14
páginas para hablar	2	14
salas de chat para adultos	2	14
venecas telegram group	2	14
xxx chatea	2	14
chat de sexo virtual	1	14
chat gay random	1	14
chat gratis para lesbianas	1	14
chat h9t	1	14
chat hot anonimo	1	14
chat hot sexy	1	14
chat mas de 30	1	14
chat para buscar pareja gratis en español	1	14
chat para conocer	1	14
chat privado hot	1	14
chat privado online	1	14
chat sexo facil	1	14
chat videollamada gratis sin registrarse	1	14
chateamos gratis	1	14
chatear con lesbiana	1	14
chatear lesbianas	1	14
chats de mujeres calientes	1	14
chats gratis para conocer gente	1	14
cht sexo	1	14
citas gay valencia	1	14
dalas de chat	1	14
hablar con personas xxx	1	14
para chatear con mujeres	1	14
páginas para chatear	1	14
sala de chat xxx	1	14
salas dechat	1	14
video chat trans	1	14
xxx chat gratis	1	14
chat barinas .net	0	14
chat de chatear	0	14
chat de chicas lesbianas	0	14
chat gay video	0	14
chat gay xx	0	14
chat gratis con chicos	0	14
chat gratis tv	0	14
chat latin gay	0	14
chat malag	0	14
chat para	0	14
chat porno online	0	14
chat terra alternativa	0	14
chat terra mexico	0	14
chat teruel	0	14
chatear con tias buenas	0	14
chateas	0	14
chta porno	0	14
como hablar con mujeres gratis	0	14
el chat es	0	14
el chat gay	0	14
grupos telegram gay caracas	0	14
inforchat mas de 50	0	14
lesbianas latinas webcam	0	14
lesbianas venezuela.com	0	14
mundo chat	0	14
número de mujeres	0	14
porno chat gratis	0	14
sala de chat de lesbianas con audios	0	14
sex cht	0	14
sitio para chatear gratis	0	14
terra chat cornudos	0	14
terra venezuela	0	14
travesti venezuela	0	14
video chat gay sin registro	0	14
videochat gratis	0	14
xhat sexo	0	14
xxx chat.	0	14
xxx cht	0	14
mi punto chat 40	13	13
chat para transexuales	11	13
chat com mujeres	6	13
chat con transexual	6	13
mipunto.com chat mas de 30	5	13
chat aleatorio anónimo	4	13
chat en vivo con mujeres solteras	4	13
chat gratis adultos	4	13
latinchat latino	4	13
para hablar con chicas	4	13
video chat mujeres	4	13
chat con mujeres trans	3	13
chat de webcam	3	13
chats con chicas	3	13
chats gratis con mujeres	3	13
chats para tener sexo	3	13
chicas web gratis	3	13
conocer gente de venezuela	3	13
hablar con mujeres reales	3	13
mujeres para chatear gratis	3	13
video chat con mujeres gratis	3	13
videos chat	3	13
webcam gratis sin registro	3	13
ablar con mujeres	2	13
chat conocer personas	2	13
chat online mujeres	2	13
chats con mujeres maduras	2	13
chats cuckold	2	13
chatvgay	2	13
chica en linea	2	13
encuentros caracas	2	13
grupo gay telegram caracas	2	13
+18 chat	1	13
cgat gay	1	13
chat bqto	1	13
chat cornudos chile	1	13
chat de aexo	1	13
chat de lesbinas	1	13
chat de porn	1	13
chat en	1	13
chat gaybogota	1	13
chat gratis.net	1	13
chat hot anónimo	1	13
chat hot cornudos	1	13
chat lesbico gratis	1	13
chat oara adultos	1	13
chat para conocer gente whatsapp	1	13
chat para jóvenes	1	13
chats para hablar con mujeres	1	13
conocer personas gratis	1	13
maduras para chatear	1	13
número de teléfono de gay	1	13
pagina de chat en vivo	1	13
pagina para hablar	1	13
páginas calientes	1	13
quiero chatear con alguien	1	13
sala de chats	1	13
ablar con mujeres porno	0	13
buscar pareja whatsapp	0	13
chad cristiano	0	13
chad gratis para adultos	0	13
char caliente	0	13
chat 50	0	13
chat adolecentes	0	13
chat amistoso	0	13
chat caliente lesbianas	0	13
chat chile	0	13
chat con mujeres lesbianas	0	13
chat de lesb	0	13
chat del cornudo	0	13
chat eroric	0	13
chat esoterica	0	13
chat esoterismo tarot	0	13
chat gay vogota	0	13
chat gratis mas de 60	0	13
chat online para adultos	0	13
chat ontinyent	0	13
chat porno maduras	0	13
chate	0	13
chatear gratis online	0	13
chatear sin java ni registro	0	13
chatear sin registro sin java	0	13
chatelrincon	0	13
chatmichat	0	13
chato hot	0	13
chatroulette espana	0	13
chatroulotte	0	13
chats cristianos	0	13
chats hot online	0	13
chats libres	0	13
chatsgratis.net	0	13
chatvideo gratis	0	13
chqt porno	0	13
cht online	0	13
coneras perú telegram	0	13
conocer amigos	0	13
costumbres de venezuela	0	13
el chat el mejor sistema	0	13
el chat online	0	13
en chatroulette	0	13
gay chat salas	0	13
gay sex chat	0	13
geomundos	0	13
gratis chat	0	13
grupos hot venezuela	0	13
kiwito	0	13
latin chicos venezuela	0	13
latinchat.org	0	13
pagina para chatear con mujeres solteras gratis	0	13
porno cjat	0	13
porno xhat	0	13
salas de chat con camara y microfono	0	13
sitios para chatear gratis	0	13
venecas peru telegram	0	13
venezolana sumisa	0	13
videochat maduras	0	13
wed chat gay	0	13
xhat caliente	0	13
tranny chat	12	12
chat general venezuela	11	12
gente en linea	11	12
gay venezuela chat	10	12
chat tigre	6	12
chat con cámara gratis	5	12
chat swinguer	5	12
chatgsy	5	12
habla con chicas	5	12
chat telegram venezuela	4	12
mujeres hot para hablar	4	12
omegle gratis sin registro	4	12
sitios para hablar con mujeres	4	12
chat para travestis	3	12
chatear gratis con mujeres sin registro	3	12
chats gay sin rejistro	3	12
mujeres chateando	3	12
paginas de chat caliente	3	12
paginas de mujeres en vivo	3	12
transexuales venezuela	3	12
video chat gratis online	3	12
amor en línea gratis iniciar sesión	2	12
chat caliente gay	2	12
chat con mujeres caliente	2	12
chat con mujeres maduras gratis	2	12
chat en vivo hombres	2	12
chat para lesbiana	2	12
conocer chicas calientes gratis	2	12
gay whatsapp	2	12
grupos de chat hot	2	12
hat gay	2	12
sala de chat caliente	2	12
web cam gratis sin registro	2	12
chat con chicas xxx	1	12
chat de cali	1	12
chat de mujeres en vivo	1	12
chat de sexo anonimo	1	12
chat de solteros gratis	1	12
chat erotic	1	12
chat gay gratis bogota	1	12
chat lesbicos	1	12
chat libres	1	12
chat para gays	1	12
chat trans xxx	1	12
chatea con mujeres gratis	1	12
chatear con mujeres cachondas	1	12
chatear con mujeres xxx	1	12
chatenlinea	1	12
chats hots gratis	1	12
chicas chat gratis	1	12
chicas por whatsapp gratis	1	12
grupo gay venezuela	1	12
grupos gay caracas	1	12
nopor chat	1	12
paginas de gay	1	12
para hablar con mujeres calientes	1	12
seco chat	1	12
video chat de sexo	1	12
xxx chat gey	1	12
busco amigos para conversar	0	12
caliente en línea	0	12
cha caliente	0	12
chat adolescentes 15 a 20	0	12
chat amigos en español	0	12
chat con mujeres porno	0	12
chat cornudo xxx	0	12
chat cornudos hispano	0	12
chat de adolescentes de 12 a 15	0	12
chat de hombre	0	12
chat de seco gratis	0	12
chat docente	0	12
chat eroti	0	12
chat gay +18	0	12
chat gratis con trans	0	12
chat gratis para conocer gente	0	12
chat guadalajara	0	12
chat hot latin	0	12
chat hot lesbico	0	12
chat hot online gratis	0	12
chat manizales	0	12
chat mas de 50 y 60	0	12
chat mazmorras	0	12
chat net gay	0	12
chat sevilla	0	12
chat terra sin registro	0	12
chat v72	0	12
chatea grati	0	12
chatea gratis.net	0	12
chateagratis seo	0	12
chatear con gente gratis	0	12
chategratis	0	12
chatgay latino	0	12
chats terra alternativo	0	12
chatsado	0	12
cht de sexo	0	12
conocer gente hot	0	12
el chat erotico	0	12
elchat html5	0	12
free chat erotico	0	12
latinchat cornudo	0	12
latinchatgay	0	12
latincht	0	12
latinochat	0	12
les contactos	0	12
lstinchat	0	12
maduras gratis net	0	12
mujeres en línea para chatear	0	12
omegle en venezuela	0	12
omegle para gays	0	12
pagina para buscar pareja en venezuela	0	12
pagina para chatear gratis	0	12
paginas de chat de sexo	0	12
paginas para hablar con mujeres sin pagar	0	12
script chat mujeres	0	12
sexchaster	0	12
terra chat	0	12
trans gratis	0	12
tv y chat gratis	0	12
videochat gay colombia	0	12
www.mujeres de venezuela.net	0	12
chat de jaen venezuela	11	11
chat trams	8	11
chat gay en valencia	6	11
chat publico gratis	6	11
grupos porno venezuela	4	11
paginas para hablar con gays	4	11
swinger chat	4	11
chat de chicas trans	3	11
chat lesbiana gratis	3	11
chat para conseguir novia	3	11
chatea con mujeres calientes	3	11
chatroulette espagnol	3	11
gay chat xxx	3	11
paginas hot	3	11
sitio para hablar con mujeres	3	11
swxo chat	3	11
videochats	3	11
busco pareja whatsapp	2	11
chat con chicas calientes gratis	2	11
chat de transexual	2	11
chat gay sin censura	2	11
chat hispano	2	11
chat hombres	2	11
chat hot ccs	2	11
chat para coger	2	11
chat pornografico	2	11
chat sexo lesbianas	2	11
chat señoras mayores	2	11
chat transexual gratis	2	11
chat travestis gratis	2	11
chatear en linea gratis	2	11
chats de mujeres solteras	2	11
chats hot con chicas	2	11
chst xx	2	11
cornudos chats	2	11
gay chat español	2	11
habla con chicas calientes	2	11
numeros de chicas calientes	2	11
pagina para cornudos	2	11
paginas de chat para adultos	2	11
paginas para chatear con mujeres calientes	2	11
video chat lesbianas	2	11
amigos chat	1	11
canales gay	1	11
chat gay online gratis	1	11
chat hot linea	1	11
chat hott	1	11
chat online español	1	11
chat porno travesti	1	11
chat privado gratis	1	11
chat real con chicas	1	11
chat s	1	11
chatadulto	1	11
chatcalientes	1	11
chathit	1	11
chathoy	1	11
chats para conocer gente gratis	1	11
chats trans	1	11
chay caliente	1	11
citas sexuales	1	11
citas transexuales	1	11
como chatear con mujeres	1	11
conocer personas por chat	1	11
cruising caracas	1	11
gay busca hombre caracas	1	11
grupo de telegram gay venezuela	1	11
grupo telegram gay caracas	1	11
grupo telegram gay venezuela	1	11
hablar con chicas porno	1	11
lqtinchat	1	11
mujeres calientes en línea	1	11
numeros de transexuales	1	11
número de teléfono de hombres gays	1	11
online mujeres	1	11
porno de chat	1	11
página de gay	1	11
quiero chatear con mujeres	1	11
salas de sexo	1	11
solovenezolanas	1	11
vhat xxx	1	11
web chat gay	1	11
whatsapp gay	1	11
amigos en línea gratis	0	11
cam chat gay	0	11
cantv	0	11
chat amor en línea	0	11
chat cara	0	11
chat chicas lesbianas	0	11
chat con chicos	0	11
chat con hombres mayores	0	11
chat con mujeres soltera	0	11
chat en liena	0	11
chat en terra	0	11
chat esmas	0	11
chat gay bogta	0	11
chat gay ccs telegram	0	11
chat gratis almeria	0	11
chat gratis cali	0	11
chat gratis malaga	0	11
chat gsy bogotá	0	11
chat hot web	0	11
chat lima peru	0	11
chat mistico	0	11
chat nuevo	0	11
chat para ligar whatsapp	0	11
chat porno lesbianas	0	11
chat sin.registro	0	11
chat soledad	0	11
chat television	0	11
chat web hot	0	11
chat zaragoza	0	11
chat.net	0	11
chatcristiano	0	11
chatcuckold	0	11
chatear con amigas	0	11
chatear con mujeres lesbianas	0	11
chatiar xxx	0	11
chatroulette es	0	11
chats orgasmo	0	11
chats solteros	0	11
chay sexual	0	11
chàt roulette	0	11
citas gratis carabobo	0	11
cjat sexual	0	11
cornufos chat online	0	11
costumbres venezolanas	0	11
el chat el mejor	0	11
foro venezuela	0	11
forochat	0	11
gay chat bogotá	0	11
grupo telegram coneras	0	11
hot chat online	0	11
latinchatgratis	0	11
maduras venezuela.cita	0	11
omegle sin iniciar sesion	0	11
paginas caliente	0	11
paginas para hablar	0	11
paginas para hablar con personas en linea	0	11
peru coneras telegram	0	11
portal gay bogota	0	11
páginas gays	0	11
sex chay	0	11
sexchay	0	11
sexu chat	0	11
telegram caracas gay	0	11
terra chat sexo	0	11
video chat cristiano	0	11
video llamada gay	0	11
video llamadas gay	0	11
videocam gay	0	11
videollamada con desconocidos	0	11
www.elchat.com	0	11
chatvenezu3la	10	10
chatveneuela	8	10
mipunto com chat mas de 30	7	10
chat gay maturin	6	10
mujeres maduras para hablar	6	10
videollamadas con venezolanas	6	10
venezuela video chat	4	10
chat caliente con chicas gratis	3	10
chat web gay	3	10
hablar con señoras mayores	3	10
llamadas calientes online	3	10
omegle gay colombia	3	10
pagina de chat venezuela	3	10
videochat con mujeres	3	10
videollamadas venezolanas	3	10
aplicaciones para hablar con mujeres calientes gratis	2	10
bdsm chat	2	10
chat de 60 a 70 años	2	10
chat de citas gay	2	10
chat gratis mujeres	2	10
chat hot roulette	2	10
chat latinchat	2	10
chat para chicas	2	10
chat para hablar con gays	2	10
chat personas	2	10
chat pornk	2	10
chatea gay	2	10
chatear online	2	10
chatiar con gay	2	10
chats con maduras	2	10
chats con mujeres calientes gratis	2	10
chats hot en linea	2	10
chats lesbico	2	10
chicas hot para hablar	2	10
citas sexo	2	10
contactos de chicas	2	10
cruising merida venezuela	2	10
gay en linea	2	10
grupos de chat gay	2	10
maduras hot chat	2	10
numeros de mujeres	2	10
paginas para hablar con chicas gratis	2	10
paginas para hablar hot	2	10
paginas porno para chatear	2	10
pornos chat	2	10
webcam chat gratis	2	10
whatsapp de mujeres mayores de 60 años	2	10
amigos en venezuela	1	10
cantv net chat	1	10
char erotico	1	10
char erótico	1	10
chast porno	1	10
chat activo	1	10
chat camiente	1	10
chat con maduras caracas	1	10
chat cornudod	1	10
chat de gay latino	1	10
chat de mujeres xxx	1	10
chat fe sexo	1	10
chat gratis trans	1	10
chat hot line	1	10
chat latinos	1	10
chat libre sin registro	1	10
chat live gay	1	10
chat nocturno	1	10
chat online+18	1	10
chat para chatear gratis	1	10
chat prono	1	10
chat shemale	1	10
chat val	1	10
chatear con mujeres online	1	10
chatear xxx	1	10
chatpara adultos	1	10
chats gays online	1	10
chats para ligar	1	10
chats porn	1	10
chatsfriend	1	10
chicas para chatear por whatsapp	1	10
chicas venezuela	1	10
chst sex	1	10
conocer chicas calientes	1	10
hablar con mujeres gratis por whatsapp	1	10
número de teléfono de mujeres	1	10
paginas para chat gratis	1	10
para chatear con mujeres gratis	1	10
pornografia chat	1	10
sala del chat	1	10
sexo chats	1	10
tener sexo gratis	1	10
video chat online gay	1	10
videochat sin registrarse	1	10
xxx chay	1	10
caliente chat	0	10
caraqueñas telegram	0	10
cgat hot	0	10
chast xxx	0	10
chat 15	0	10
chat 15 a 20	0	10
chat bucaramanga	0	10
chat caliente escrito sin registro	0	10
chat chatear mas de 60	0	10
chat con mujeres solteras whatsapp	0	10
chat conocer	0	10
chat cristiano gratis sin registro	0	10
chat cristiano online	0	10
chat de.sexo	0	10
chat desexo	0	10
chat erotica gratis	0	10
chat erotismo	0	10
chat friends cornudos	0	10
chat gay gratis sin registro	0	10
chat gay.al	0	10
chat gey gratis	0	10
chat les gratis	0	10
chat lesbianas hot	0	10
chat maduro	0	10
chat movistar venezuela	0	10
chat ocio	0	10
chat online sexo	0	10
chat para follar gratis	0	10
chat pasto	0	10
chat porni	0	10
chat sexo anonimo	0	10
chat sexo cornudos	0	10
chat sexo xxx	0	10
chat sin registro ni java	0	10
chat tarot esoterismo	0	10
chat top gay	0	10
chat trans whatsapp	0	10
chat web sexo gratis	0	10
chat60	0	10
chat_en_espanol	0	10
chatdelmundo net	0	10
chatear 50	0	10
chatear gratis con lesbianas	0	10
chatearbox	0	10
chatgente	0	10
chatiar con chicas	0	10
chatmasde60	0	10
chats de amigos	0	10
chats online para conocer gente	0	10
chay sexo	0	10
chicas calientes en linia	0	10
conocer amistades	0	10
conocer gays maravay	0	10
el chat móvil	0	10
elchat gratis	0	10
gay bogota chat	0	10
gaysenvenezuela	0	10
hablar con gente caliente	0	10
hacer amigos online gratis	0	10
latin chat en español	0	10
latin chat lesbico	0	10
latin chay	0	10
latincaht	0	10
latinchat cornudos	0	10
latinchat piura	0	10
latino chat	0	10
maracaibochatgay	0	10
mas de 30	0	10
mas de 40	0	10
nrw chat	0	10
número de gay	0	10
números de mujeres	0	10
omegle gay gratis	0	10
paginas de amistades gratis	0	10
porno chateo	0	10
quiero hablar con chicas gratis en un chat	0	10
sala.de chat	0	10
salas de chat en español	0	10
sexo casadas chat	0	10
sexo gratis en venezuela	0	10
sonico chat gratis	0	10
sumisas chat	0	10
terra.com chat	0	10
transexuales en venezuela	0	10
travestichat	0	10
venezuela gay	0	10
video chat en vivo gratis	0	10
video chat gay online	0	10
videollamada gay online	0	10
videollamada gay sin registro	0	10
chst gay gratis	9	9
venezuela chst	9	9
latín chat.	7	9
grupos gay de whatsapp venezuela	5	9
mi punto.chat	5	9
chat sexo.gratis	4	9
chat trans hot	4	9
chat chicas trans	3	9
chat con mujere	3	9
chat les latinas	3	9
chicas para chatear por whatsapp gratis	3	9
habla con mujeres online	3	9
hablar con chicas cachondas	3	9
números de lesbianas	3	9
sala de chat venezuela la gente habla	3	9
adultos chat	2	9
amor en línea buscar pareja	2	9
chat brasil top grátis	2	9
chat con mujeres cachondas	2	9
chat de chicas hot	2	9
chat de porno gratis	2	9
chat hot sexo	2	9
chat hot.com	2	9
chat latino en vivo	2	9
chat más de 60	2	9
chat porno xx	2	9
chat sin registrarse	2	9
chatear con chicas solteras	2	9
chatear de sexo	2	9
citas con mujeres	2	9
citas gey	2	9
latinchat venezuela telegram	2	9
mujeres en linia	2	9
mujeres para chatear xxx	2	9
paginas transexual	2	9
shat porno	2	9
videollamada con mujeres mayores	2	9
videollamada gratis con mujeres sin registro	2	9
web gay	2	9
xxxporno chat	2	9
atrinchat	1	9
busco gay	1	9
chat con camara y micro	1	9
chat con desconocidos adolescentes	1	9
chat con viejas	1	9
chat cxx	1	9
chat de sexo con mujeres gratis	1	9
chat en vivo caliente	1	9
chat en vivo lesbianas	1	9
chat gay bta	1	9
chat gay de bogotá	1	9
chat terra edades	1	9
chat v44	1	9
chat valencia gratis	1	9
chatea hot	1	9
chatgaygratis	1	9
chats de porno	1	9
chats hot con mujeres	1	9
chats porno online	1	9
chatterra	1	9
chay gay bogotá	1	9
chicas calientes gratis	1	9
chicas online chat	1	9
chicas para chatear gratis	1	9
chqt caliente	1	9
citas con mujeres maduras	1	9
conocer amigos en linea	1	9
conocer mujeres mayores	1	9
dalechat venezuela	1	9
lesbianas en venezuela	1	9
linea hot	1	9
maduras para hablar	1	9
mas de 40 chat	1	9
números de chicas para conversar por whatsapp	1	9
omegle gratis	1	9
paginas de travestis	1	9
paginas gey	1	9
páginas de chat gratis	1	9
sala de chat con camara	1	9
sex char	1	9
telegram peru coneras	1	9
teléfono de gay	1	9
videochat mujeres	1	9
videos chat gay gratis	1	9
web cam venezolanas	1	9
amigos.com chat gratis en español	0	9
amor en línea	0	9
buenamusica com	0	9
buscando gay	0	9
calabozoenlinea.com	0	9
chat 12	0	9
chat adventista para solteros	0	9
chat buscar pareja	0	9
chat caliente españa	0	9
chat camaras gratis	0	9
chat con hombres gratis	0	9
chat cornudo terra	0	9
chat cornudos contenido	0	9
chat de docentes	0	9
chat de gente	0	9
chat de jóvenes	0	9
chat de lesvianas gratis	0	9
chat de sexo en linea	0	9
chat de sexo sin registro	0	9
chat etotico	0	9
chat gay almería	0	9
chat gay bogotá sin registro	0	9
chat gay gratis colombia	0	9
chat gay latam	0	9
chat gay latinoamerica	0	9
chat gratis alicante	0	9
chat gratis con travestis	0	9
chat gratis les	0	9
chat gratis mas de 50	0	9
chat guatemala gratis	0	9
chat hot latinas	0	9
chat hot online gay	0	9
chat les bogota	0	9
chat linre	0	9
chat mas 60	0	9
chat merida badajoz	0	9
chat online barquisimeto	0	9
chat online porno	0	9
chat para hacer amigos gratis	0	9
chat roulette gratis	0	9
chat sexp	0	9
chat sin registro con cam	0	9
chat soltero	0	9
chat srxo	0	9
chat video gratis sin registro	0	9
chat.chateagratis	0	9
chatea con chicas calientes	0	9
chatea.e	0	9
chatear murcia	0	9
chatear net	0	9
chatgaychile	0	9
chatlesb	0	9
chatlesbian	0	9
chatligar	0	9
chatroulette americana	0	9
chatroulette roulette chat	0	9
chats con mujeres solteras	0	9
chats para hablar de sexo	0	9
chats publicos	0	9
chatsex gay	0	9
chatzone foro	0	9
chicas cachondas chat	0	9
chicas sexy chat	0	9
chst lesbianas	0	9
chst sexual	0	9
chta de sexo	0	9
citas chat gratis	0	9
cjat erótico	0	9
colombia gay chat	0	9
contactossexovenezuela	0	9
conversaciones calientes	0	9
el chat com	0	9
el chat de cuba	0	9
foro para conocer gente	0	9
galicia chat	0	9
gay tachira	0	9
grupo gay whatsapp venezuela	0	9
hat de sexo	0	9
latinchat edades	0	9
latinchat edades mas de 50	0	9
latinchat tendencias	0	9
lesbiana venezuela	0	9
link para hablar con personas	0	9
maduras chat xxx	0	9
mujeres cachondas para hablar	0	9
numeros de lesbianas	0	9
paginas chatear gratis	0	9
porno chatt	0	9
porno chta	0	9
páginas para hablar con mujeres gratis	0	9
sado chat	0	9
sado gratis	0	9
sadomadochat	0	9
salas de chat online gratis	0	9
salas de chats gratis	0	9
stinchat	0	9
terra mexico chat	0	9
trans chat hot	0	9
vene chat	0	9
videntes online chat gratis	0	9
video chat con gay	0	9
video chay gay	0	9
web cam chat gratis vzla	0	9
www buenamusica com	0	9
xat gratis	0	9
xxx xhat	0	9
habla con chicas hot	6	8
hablar gratis con mujeres	5	8
chat ambiente barinas	4	8
chat de transexuales	4	8
chat tran	4	8
mujeres para chat hot	4	8
chat calinte	3	8
chat chica caliente	3	8
chat en línea gratis con mujeres	3	8
chat gay anónimo	3	8
chat publicos	3	8
chatear con travestis	3	8
chst gsy	3	8
foros gay	3	8
números de chicas calientes	3	8
camara chat	2	8
chat chica busca chica	2	8
chat hot free	2	8
chat para mayores de 60 años	2	8
chat porno mujeres	2	8
chat s3xo	2	8
chatea con mujeres hot	2	8
chatear gratis con mujeres xxx	2	8
chatporno gratis	2	8
chats con chicas hot	2	8
chats para adultos gratis	2	8
chats porno gratis	2	8
chicas trans chat	2	8
chsts hot	2	8
conocer mujeres venezolanas	2	8
gays en linea	2	8
hablar con mujeres sexo	2	8
lesbianas chats	2	8
lesbianaschat	2	8
mujeres para chat	2	8
números de whatsapp de chicas gratis	2	8
pagina para chatear con chicas	2	8
pagina para hablar con chicas	2	8
porno para hablar con mujeres	2	8
sumisa chat	2	8
brujos en linea gratis	1	8
chat adventista	1	8
chat amigos gratis	1	8
chat calientes en linea	1	8
chat casadas españa	1	8
chat con chicas cachondas	1	8
chat de mujeres cachondas	1	8
chat de solteras	1	8
chat gay .net	1	8
chat gratis de mujeres	1	8
chat gratis sin registro con cámara	1	8
chat gratis travestis	1	8
chat hir	1	8
chat hot cornudo	1	8
chat lesbianas online	1	8
chat mas 50	1	8
chat para amigar	1	8
chat para mujeres	1	8
chat sec	1	8
chatear gratis sexo	1	8
chatlatino	1	8
chats para hablar con gente	1	8
citas online con mujeres	1	8
conocer gente gay	1	8
conocer gente online gratis	1	8
contacto travesti	1	8
cornudos web	1	8
gay ccs	1	8
gay los teques	1	8
grupo gay telegram venezuela	1	8
grupos de whatsapp venezuela	1	8
hablar con mujeres en linea	1	8
hablar con personas gratis	1	8
hablar gratis	1	8
lati chat	1	8
llamada con mujeres solteras	1	8
michat	1	8
online gay chat	1	8
pagina de cornudos	1	8
pagina para hablar con chicas gratis	1	8
paginas de citas calientes	1	8
paginas para chat caliente	1	8
paginas para chatear hot	1	8
porno chat.	1	8
sala de chat lesbianas	1	8
salas de chst	1	8
sex chats	1	8
sexo chat online	1	8
sexo chst	1	8
sexo facil chat	1	8
vhat de sexo	1	8
video chat caliente con mujeres	1	8
video chat gratis en vivo	1	8
webchat hot	1	8
amigar com chat	0	8
amigos mayores de 60 años para conversar	0	8
busco amigos	0	8
caht sexo	0	8
cgat de sexo	0	8
chap hpt	0	8
char cornudo	0	8
chat +18 gratis	0	8
chat amostad	0	8
chat catolico	0	8
chat claiente	0	8
chat con adolescentes	0	8
chat con desconocidos hot gay	0	8
chat con venezolana	0	8
chat cultura	0	8
chat de gente de ambiente	0	8
chat de lesbians	0	8
chat de maduros	0	8
chat de mas de 50	0	8
chat de mas de 60 años	0	8
chat de mujer	0	8
chat de sexo con chicas	0	8
chat de terra	0	8
chat del mundo gratis	0	8
chat del pais	0	8
chat el	0	8
chat erotici	0	8
chat galicia	0	8
chat gay altern	0	8
chat gay bogota gratis	0	8
chat gay desnudos	0	8
chat gay gratis bogotá	0	8
chat gay gratis sin registrar	0	8
chat gay guadalajara	0	8
chat gratis mas de 50 a 60	0	8
chat gratis seco	0	8
chat gratis tarot	0	8
chat gratis toledo	0	8
chat gsy gratis	0	8
chat guey	0	8
chat habla hispana	0	8
chat ho	0	8
chat intercambio parejas	0	8
chat jovencitas	0	8
chat lesbianaa	0	8
chat lesvianas gratis	0	8
chat los angeles	0	8
chat maduritas	0	8
chat mas de 60 por edades	0	8
chat mi	0	8
chat mujeres sexo	0	8
chat para buscar parejas	0	8
chat para hablar con chicas gratis	0	8
chat para hablar con gente	0	8
chat parejas swinger	0	8
chat pornografía	0	8
chat privado gay	0	8
chat sexo whatsapp	0	8
chat sin tegistro	0	8
chat sumisos	0	8
chat sxo	0	8
chat toledo gratis	0	8
chat xxx maduras	0	8
chat-latino	0	8
chatdecornudos	0	8
chatea grátis	0	8
chatea xxx	0	8
chateamos hor	0	8
chatear chicas gratis	0	8
chatear con adolescentes	0	8
chatear con lesvianas	0	8
chatear con mujeres soltera	0	8
chatear en	0	8
chatear en internet	0	8
chatear gratis org	0	8
chatecam	0	8
chatmadri	0	8
chatroulette usa	0	8
chats amigos	0	8
chats con hombres	0	8
chats en línea	0	8
chats parejas	0	8
chats privados	0	8
chay erotico	0	8
cht caliente	0	8
citas en vivo con mujeres	0	8
conocer gente chat	0	8
conocer personas por internet gratis	0	8
conversaciones hot	0	8
elchat españa	0	8
en el chat	0	8
esmas net	0	8
fiestas de venezuela	0	8
free gay chat	0	8
gay carabobo telegram	0	8
gentechat cornudos	0	8
grupos de telegram venecas	0	8
hablar con gente	0	8
hablar con hombres desnudos	0	8
hablar con hombres en linea	0	8
hispano chat zaragoza	0	8
latinchat les	0	8
latinchat mexico	0	8
latonchat	0	8
ltinchat	0	8
maduras con cam gratis	0	8
mujeres chat gratis	0	8
mujeres en vivo para chatear	0	8
net chat	0	8
paginas de chat porno	0	8
paginas para chatear con personas	0	8
paginas porno chat	0	8
pareja venezuela	0	8
porno chqt	0	8
puntochat.it	0	8
página para chatear gratis	0	8
sala de chat de sexo	0	8
salas d chat	0	8
sex gay chat	0	8
transex venezuela	0	8
tu chat online	0	8
videncia gratis chat	0	8
video chat morbo del	0	8
videochatdevenezuela	0	8
vídeo chat gay	0	8
web chat hot	0	8
whatsapp chat hot	0	8
www elchat com gratis	0	8
www. chat	0	8
www.chat.com gratis	0	8
xxx chats gay	0	8
xxxxx chat	0	8
chat de venezuela porno	7	7
chat latin chat venezuela	7	7
chrtvenezuela	7	7
sala de chst	5	7
chaat gay	4	7
chat gratis con gay	4	7
chat video sin registro	4	7
shemale chat	4	7
videollamada gratis sin monedas	4	7
chat con travesti	3	7
chat enlinea	3	7
chat parejas gratis	3	7
chat trabesti	3	7
chatear gratis con mujeres calientes	3	7
chicas para chat hot	3	7
dala de chat	3	7
gay chat.	3	7
paginas para hablar con hombres gay	3	7
prostitutas chat	3	7
cha erotico	2	7
chat barcelona gratis	2	7
chat caliente chicas	2	7
chat con chica	2	7
chat con chicas lesbianas	2	7
chat cuernudo	2	7
chat de sexo trans	2	7
chat ee sexo	2	7
chat gratis chicas	2	7
chat gratis de lesbianas	2	7
chat gratis latino	2	7
chat hot real	2	7
chat maracay gratis	2	7
chat para porno	2	7
chat sexo con mujeres	2	7
chat solo con mujeres	2	7
chatear con camara gratis	2	7
chatear con mujeres en linea gratis	2	7
chatgau	2	7
chats nopor	2	7
chstgay	2	7
encuentros casuales	2	7
hablar con hombres gay	2	7
hablar con mujeres en línea	2	7
hablar con mujeres gratis sin pagar	2	7
maduras citas	2	7
merida gay	2	7
mujeres calientes chats	2	7
omegle para adolescentes	2	7
omegle venezuela	2	7
paginas gay para hablar	2	7
para hablar con chicas gratis	2	7
sex cha	2	7
sexo gratis en maracaibo	2	7
video chat con trans	2	7
videochat gratis con mujeres	2	7
videochat gratis sin registrarse	2	7
videochat hot sin registro	2	7
xxx para chatear	2	7
camgratis	1	7
chac xxx	1	7
charlar con mujeres	1	7
chat anónimo con mujeres	1	7
chat cañiente	1	7
chat con chicas solteras gratis	1	7
chat con cubanas	1	7
chat de amos y sumisas	1	7
chat debsexo	1	7
chat en vivo de mujeres	1	7
chat gau bogota	1	7
chat gay bogotá gratis	1	7
chat gey online	1	7
chat hot lesbi	1	7
chat online chicas	1	7
chat para buscar pareja	1	7
chat para conocer hombres	1	7
chat para sexo gratis	1	7
chat pornograficos	1	7
chat sexo gay gratis	1	7
chat sexo valencia	1	7
chat solo mujeres	1	7
chat soltera	1	7
chat solteros gratis	1	7
chat valencia gay	1	7
chat video gay	1	7
chatcon mujeres	1	7
chatear con chicas porno	1	7
chatear con chicas trans	1	7
chatmujeres	1	7
chatroulette español gratis	1	7
chatroulette spanish	1	7
chats erótico	1	7
chats online hot	1	7
chats sexuales gratis	1	7
chicas de 15 años para conocer	1	7
chsthot	1	7
chta caliente	1	7
citas mujeres mayores	1	7
conocer personas online gratis	1	7
gay busca gay	1	7
grupos de trans venezuela	1	7
grupos gay	1	7
hablar con gente porno	1	7
latinchat net	1	7
maduras chat gratis	1	7
mi punto com	1	7
mujer para chatear	1	7
mujeres maduras en vivo	1	7
mujeres solteras chat	1	7
numeros de hombres gays	1	7
números de gays	1	7
pagina de chat para conocer personas	1	7
pagina de gays	1	7
pagina gay en vivo	1	7
pagina para hablar con mujeres gratis	1	7
paginas de gays	1	7
paginas para chat	1	7
paginas para hablar con mujeres gratis	1	7
porno chat con mujeres	1	7
página para chatear con mujeres	1	7
sala de chat sexo	1	7
salas de chat erotico	1	7
salas para chatear	1	7
sexo en chat	1	7
sexo online chat	1	7
vhat sexo	1	7
video chat en vivo	1	7
videochat gratis y sin registro	1	7
videollamada con maduras gratis	1	7
amigos venezolanos	0	7
bogotá gay cha gratis	0	7
c h a t r a v e s t y	0	7
camelot chat	0	7
chad de sexo	0	7
char sex	0	7
chast gay	0	7
chat 26	0	7
chat acobardado	0	7
chat adolescentes gratis	0	7
chat aleatorio gay	0	7
chat alternativo	0	7
chat amigas	0	7
chat amos y sumisas	0	7
chat bar	0	7
chat caliebte	0	7
chat caliente por whatsapp	0	7
chat cam ga	0	7
chat catalunya	0	7
chat chicos 13 a 18	0	7
chat chile gay	0	7
chat con mas de 50	0	7
chat con solteras	0	7
chat contactos gratis	0	7
chat cornu	0	7
chat cornudos whatsapp	0	7
chat cornufo	0	7
chat cristianos gratis	0	7
chat de 12	0	7
chat de almeria	0	7
chat de cuba	0	7
chat de la tv	0	7
chat de lesbianas en caracas	0	7
chat de sexo lesbico	0	7
chat de sxo	0	7
chat del mundo net	0	7
chat el mejor sistema	0	7
chat en linea sexo	0	7
chat en vivo sin registro	0	7
chat encuentros	0	7
chat eroti o	0	7
chat erotoco	0	7
chat gay bog	0	7
chat gay con camara	0	7
chat gay en colombia	0	7
chat gay nu	0	7
chat gay pormo	0	7
chat gay ruleta	0	7
chat gay sin registrarse	0	7
chat gays online	0	7
chat gratis con	0	7
chat gratis el chat	0	7
chat gratis en vivo	0	7
chat gratis merida	0	7
chat gratis murcia	0	7
chat gratis para conocer personas	0	7
chat gratis sin registro mas de 50	0	7
chat gratis trujillo	0	7
chat hombres solteros	0	7
chat hot 18	0	7
chat hot dale	0	7
chat lesbinas	0	7
chat lesviana	0	7
chat ligar malaga	0	7
chat live chicas	0	7
chat madres solteras	0	7
chat movil hispano bdsm	0	7
chat net andalucia	0	7
chat net españa	0	7
chat neuquen	0	7
chat nuevos	0	7
chat para charlar	0	7
chat para ligar con mujeres	0	7
chat para solteros gratis	0	7
chat pv	0	7
chat rulet	0	7
chat sexo.	0	7
chat sobre sexo	0	7
chat te atreves	0	7
chat terra latinos	0	7
chat terra sex	0	7
chat v48	0	7
chat vidente gratis	0	7
chat video gay gratis	0	7
chat virtual gratis	0	7
chat whatsapp hot	0	7
chat zonq	0	7
chat. net	0	7
chat.caliente	0	7
chat.cornudo	0	7
chat.org	0	7
chatbgay	0	7
chatchatear	0	7
chatchile	0	7
chateagrati	0	7
chateamos net	0	7
chatear 100 gratis	0	7
chatear con	0	7
chatear con amigos gratis	0	7
chatear con tias	0	7
chatear cornudos	0	7
chatear por internet	0	7
chatgay.	0	7
chatgratis.net	0	7
chathispano valencia	0	7
chatroulet	0	7
chats con	0	7
chats de sumisas	0	7
chats hota	0	7
chats hots whatsapp	0	7
chats latinoamericanos	0	7
chats online xxx	0	7
chats para lesbianas	0	7
chats travestis	0	7
chatsfriends com	0	7
chatuol	0	7
chay gay colombia	0	7
chicas en el chat	0	7
chico busca chico chat	0	7
chst libre	0	7
chstea venezuela	0	7
chsy hot	0	7
chta sexo	0	7
chta zona	0	7
citas en maracaibo gratis	0	7
citas venezuela	0	7
cjat caliente	0	7
como chatear con mujeres gratis	0	7
conerss telegram	0	7
conocer amistades gratis	0	7
conocer personas chat	0	7
cuba chat	0	7
dale.chat caliente	0	7
el chat gratis sin registro	0	7
el chat net gratis	0	7
el mejor chat en español	0	7
foro chat hot	0	7
gay en venezuela	0	7
gay latin chat	0	7
gays venezolanos	0	7
gratis gay chat	0	7
grupo chat gay	0	7
grupos de chat	0	7
grupos de telegram venezolanas	0	7
hablar con amigos online	0	7
hablar con hombres gratis	0	7
latin chat caliente	0	7
lineas calientes	0	7
madura chat	0	7
pagina chatear	0	7
pagina de citas venezuela	0	7
pagina para chatear con mujeres	0	7
paginas chat gratis	0	7
paginas de chat gratis para encontrar pareja	0	7
paginas de citas gay	0	7
paginas para chatear en linea	0	7
página para hablar	0	7
páginas de citas gay	0	7
redlg	0	7
redlg contactos	0	7
salas de chat adolescentes	0	7
salas de chat para chatear	0	7
salas de chat sin registro	0	7
salas gay	0	7
sitios web para hablar con mujeres	0	7
slas de chat	0	7
terra.chat	0	7
travestis venezolanos	0	7
venezolanas calientes telegram	0	7
videncia gratis 2009	0	7
videochat cornudos	0	7
videochat de lesbianas	0	7
videollamada con mujeres gratis sin registro	0	7
web chat gratis	0	7
webchat hispano	0	7
www chat hot	0	7
www elchat	0	7
xxx de chat	0	7
chatgaybarquisimeto	6	6
sexo gratis puerto ordaz	6	6
chat hot monagas	5	6
chat oline	5	6
chatdevenezueña	5	6
chta venezuela	5	6
chat csliente venezuela	4	6
chat gratis de gay	4	6
chatear con chica	4	6
paginas de chat gay	4	6
chat apure	3	6
chat con cámara sin registro	3	6
chat gay v	3	6
chat señoras	3	6
chay gay gratis	3	6
citas caliente	3	6
conocer gente caliente	3	6
hablar con gente xxx	3	6
hombres gay en vivo	3	6
mujeres para hablar de sexo	3	6
porno de chats	3	6
videochat de sexo	3	6
aplicación para hablar con mujeres calientes	2	6
char gsy	2	6
chat amistades gratis	2	6
chat caliente latino	2	6
chat con colombianas	2	6
chat con maduras xxx	2	6
chat de mujeres hot	2	6
chat de porno gay	2	6
chat gratis para ligar	2	6
chat para conocer mujeres gratis	2	6
chatear con hombre	2	6
chathot gratis	2	6
chats sexual	2	6
chicas en vivo online gratis	2	6
citas caracas	2	6
encuentros sexuales caracas	2	6
grupo de chat gay	2	6
hablar con mujeres de sexo	2	6
latim chat	2	6
latinvhat	2	6
mujeres chat hot	2	6
mujeres maduras para chatear	2	6
mujeres que quieran chatear por whatsapp	2	6
numeros de chicas hot	2	6
páginas para chatear con mujeres	2	6
quiero hablar con chicas	2	6
telegram de mujeres solteras venezuela	2	6
video llamada con mujeres	2	6
video llamada con mujeres maduras	2	6
video llamadas con maduras	2	6
xxx chat sexual	2	6
adulto chat	1	6
buscar amistades gratis	1	6
caht caliente	1	6
char zona	1	6
chat amazonas	1	6
chat calientes online	1	6
chat citas gay	1	6
chat con chicas gratis online	1	6
chat con chicas porno	1	6
chat con cámara	1	6
chat con gey	1	6
chat con lesvianas	1	6
chat de chica	1	6
chat de hombres mayores	1	6
chat de parejas gratis	1	6
chat de sexo escrito	1	6
chat de sexo mujeres	1	6
chat de ve	1	6
chat en linea con mujeres	1	6
chat en linea para conocer gente	1	6
chat en vivo con hombres	1	6
chat erotico xxx	1	6
chat gah	1	6
chat gay colombi	1	6
chat gay colombia gratis	1	6
chat gay gratuito	1	6
chat gratis pornos	1	6
chat libre gay	1	6
chat online con chicas	1	6
chat online erotico	1	6
chat para conocer gente sin registro	1	6
chat para encontrar pareja	1	6
chat para parejas	1	6
chat porno lesbiana	1	6
chat sexo en linea	1	6
chat sexyal	1	6
chat trans online	1	6
chat video gratis	1	6
chat web cam gratis	1	6
chatea con mujeres xxx	1	6
chatear con desconocidos	1	6
chatear con lesbianas gratis	1	6
chatear con mujer	1	6
chatear con mujeres de sexo	1	6
chatear con señoras	1	6
chatear gay	1	6
chatgay xxx	1	6
chatroullete	1	6
chats con mujeres solteras gratis	1	6
chats para chatear	1	6
chaygay	1	6
chicas calientes online	1	6
chicas hot gratis	1	6
chicas para hablar por whatsapp	1	6
chst de sexo gratis	1	6
chát	1	6
citas con venezolanas	1	6
citas merida	1	6
conocer amigos chat	1	6
conocer chicas de venezuela	1	6
conocer gays cerca	1	6
conocer gente cerca de mi	1	6
conocer mujeres casadas gratis	1	6
hablar con chicas calientes gratis	1	6
hablar con mujeres online gratis	1	6
hablar con personas hot	1	6
hablar en linea gratis	1	6
lainchat	1	6
lantinchat	1	6
live gay gratis	1	6
llamada con mujeres solteras gratis	1	6
numero de gay	1	6
pagina gey	1	6
paginas de chat para conocer personas gratis	1	6
paginas de chatear	1	6
parejas net	1	6
porno caht	1	6
páginas hot	1	6
roulete chat	1	6
sala de citas gratis	1	6
salas de char	1	6
sex xhat	1	6
sexo chat gay	1	6
sitas sexuales	1	6
venecas telegram peru	1	6
video chat hot gay	1	6
video llamada online con gente desconocida	1	6
videochat online gratis sin registro	1	6
videollamadas hot	1	6
videollamadas online con mujeres sin registro	1	6
adolescentes chat	0	6
alternativa a terra chat	0	6
amor en línea chat gratis	0	6
barquisimeto gay telegram	0	6
bdsmchat	0	6
bogotagaychat	0	6
cam maduras gratis	0	6
canal chat barquisimeto	0	6
canal chat net	0	6
canal travesti	0	6
cati cantv	0	6
cha gay gratis	0	6
cha online	0	6
chat 15 años	0	6
chat aleatorio gratis	0	6
chat arnet	0	6
chat caliente anonimo	0	6
chat caliente app	0	6
chat caliente en vivo	0	6
chat caliente lesbiana	0	6
chat caliente.	0	6
chat cam gay	0	6
chat caracas telegram	0	6
chat chatear gratis	0	6
chat con adultos	0	6
chat con personas random	0	6
chat con viejos	0	6
chat cornud friend	0	6
chat cornudo gratis	0	6
chat cornudo linea erotica	0	6
chat cornudoa	0	6
chat cornudos españa	0	6
chat cornudos generado	0	6
chat de 50 a 60	0	6
chat de brasil	0	6
chat de chat	0	6
chat de citas hot	0	6
chat de contactos gratis	0	6
chat de murcia	0	6
chat de s xo	0	6
chat de s3xo	0	6
chat de sado	0	6
chat de sexo gratis sin registrarse	0	6
chat de sexo online gratis	0	6
chat de sexo para adultos	0	6
chat de solo mujeres	0	6
chat de srxo	0	6
chat de videntes	0	6
chat del amor	0	6
chat din registro	0	6
chat el chat net	0	6
chat erltico	0	6
chat eroticl	0	6
chat esotérico	0	6
chat extranjeros	0	6
chat gallego	0	6
chat gay bofota	0	6
chat gay desnudo	0	6
chat gay en chile	0	6
chat gay free	0	6
chat gay kiwi	0	6
chat gay neuquen	0	6
chat gay smartphone	0	6
chat gays en vivo	0	6
chat gey video	0	6
chat gratis con cámara	0	6
chat gratis erotico	0	6
chat gratis galicia	0	6
chat gratis lesbico	0	6
chat gratis ligar	0	6
chat gratis más de 50 años	0	6
chat gratis sin registrarse	0	6
chat gratis sin registro latinchat	0	6
chat grstis	0	6
chat hot +18	0	6
chat hot mujeres gratis	0	6
chat hot obline	0	6
chat infieles	0	6
chat latino hot	0	6
chat latino terra	0	6
chat les maduras	0	6
chat lesbians	0	6
chat lgbt colombia	0	6
chat libre gratis	0	6
chat libre hot	0	6
chat malaga gratis	0	6
chat mas de 60 años	0	6
chat mendoza argentina	0	6
chat movil cornudos	0	6
chat mujeres xxx	0	6
chat murciano	0	6
chat ne	0	6
chat nuevo leon	0	6
chat online adolescentes	0	6
chat para ligar gratis aplicaciones	0	6
chat pareja liberal	0	6
chat rn linea	0	6
chat roulette spain	0	6
chat salas org	0	6
chat sexo lesbico	0	6
chat sin registeo	0	6
chat social	0	6
chat solo para chicas	0	6
chat solo para mujeres	0	6
chat swinge	0	6
chat trujillo peru	0	6
chat videncia	0	6
chat yucatan	0	6
chat.porno	0	6
chatamistad	0	6
chatbrasil	0	6
chatde amigos	0	6
chatea en linea	0	6
chateagrqtis	0	6
chateamos.net	0	6
chatear adultos	0	6
chatear chicas	0	6
chatear con chicos	0	6
chatear con guarras	0	6
chatear con mas de 50	0	6
chatear gratis con chicas	0	6
chatear gratis con gente	0	6
chatear gratis mas de 50	0	6
chatear latino	0	6
chateavratis	0	6
chatfriends	0	6
chatgayonline	0	6
chato online	0	6
chatparejas	0	6
chatporno.	0	6
chats con prostitutas	0	6
chats de travestis	0	6
chats gay porno	0	6
chats gratis sin registro	0	6
chats gratuitos	0	6
chats lesvianas	0	6
chats para	0	6
chats privados online	0	6
chatsfriends sexo	0	6
chattytv	0	6
chaysfriends	0	6
chicas calientes chats	0	6
chst en linea	0	6
chst online gratis	0	6
citas sexuales gay	0	6
cjat hor	0	6
coger en linea	0	6
conocer amigas gratis	0	6
conocer gente por chat gratis	0	6
contacto de lesbianas	0	6
contacto sexo gratis	0	6
contactos gays	0	6
donde chatear gratis	0	6
donde puedo chatear con mujeres	0	6
el chat html5	0	6
el chat puebla	0	6
encuentra pareja	0	6
encuentros maracay	0	6
escort venezolana chst virtual	0	6
gat chat	0	6
gay bogota whatsapp	0	6
gay latino chat	0	6
gay net	0	6
gays anonimos	0	6
gays merida	0	6
gebtechat	0	6
general chat	0	6
gente para chatear	0	6
gratis chat online	0	6
grupo para conseguir novia	0	6
grupos gay whatsapp venezuela	0	6
grupos para hablar	0	6
guia gay	0	6
hablar con chicas solteras	0	6
hablar con gente online	0	6
hablar con lesbiana	0	6
hacer amigos online	0	6
hombres en linea	0	6
hot chat gratis	0	6
latin chat trujillo	0	6
latinchat trujillo	0	6
latino chat gay	0	6
latín chat gay	0	6
ligar chat	0	6
medellin chat	0	6
morbo gratis	0	6
movilchatcornudos	0	6
mujeres calientes gratis	0	6
mujeres para hablar en vivo	0	6
mujeres venezolanas buscando pareja	0	6
numero de mujeres calientes	0	6
omegle gay sin registro	0	6
omeglegay.com	0	6
pagina calientes	0	6
pagina de gey	0	6
paginas de chats	0	6
paginas para ver mujeres online gratis	0	6
pal chateo	0	6
para chatear con personas	0	6
para hablar con personas	0	6
porno gay chat	0	6
página de amor en línea gratis	0	6
roulette espanol	0	6
sala gay	0	6
salas de chat adultos	0	6
salas de chat publicas	0	6
salas de xhat	0	6
salas sexo	0	6
salasde chat	0	6
sexchar	0	6
sexo contacto venezuela	0	6
sexo por chat gratis	0	6
shemales venezuela	0	6
sitios para chatear online	0	6
sitios para hablar	0	6
telegram gay ccs	0	6
veneles	0	6
venezolanos gay telegram	0	6
venezuelanas telegram	0	6
video chat chicas	0	6
video chat de sexo gratis	0	6
video chat gau	0	6
video chat gays	0	6
video chst gay	0	6
videochat con maduras	0	6
videochat online	0	6
videollamadas con chicas online gratis sin registro	0	6
videollamadas con hombres gratis	0	6
videollamadas con mujeres	0	6
videollamadas online gratis 1v1	0	6
videoxhat gay	0	6
vidro chat gay	0	6
web chat adulto	0	6
webcam chat	0	6
webcams venezolanas	0	6
www chat	0	6
xat de chat	0	6
xxx chat sexo	0	6
xxx chatt	0	6
xxx hablar con personas	0	6
xxx margarita chat	0	6
chat linea caracas	5	5
chat morbo venezuela	5	5
chats porno vzla	5	5
chst general	5	5
puerto ordaz chat	5	5
salas de chat en español gratis	5	5
chat trabs	4	5
chat venuela	4	5
xhat travesti	4	5
anuncios gay	3	5
chat hot gsy	3	5
chat mayores de 40	3	5
chat veneziela	3	5
conocer mujeres	3	5
gay chay	3	5
gays chats	3	5
hablar con mujeres en vivo gratis	3	5
latinchat en español	3	5
sitios de chat hot	3	5
canalchat.net	2	5
charlar con mujeres gratis	2	5
chat agy	2	5
chat con travestis gratis	2	5
chat de sdxo	2	5
chat el linea	2	5
chat en venezuela latin chat	2	5
chat latinos gratis	2	5
chat lesbisnas	2	5
chat mujeres online	2	5
chat porno con mujeres	2	5
chat pornoxxx	2	5
chats de gays	2	5
citas para gays	2	5
conocer gente para tener sexo	2	5
conocer mujeres solteras whatsapp gratis	2	5
encuentros sexuales	2	5
grupos gay venezuela whatsapp	2	5
grupos para sexo	2	5
hablar con gente hot	2	5
hombres gays buscando pareja	2	5
latinchat chat latino gratis chatea con amigos	2	5
live chat video sin registro	2	5
llamadas hot en línea	2	5
maduras video chat	2	5
maduros gay chat	2	5
paginas gay gratis	2	5
sala de chat con camara y microfono	2	5
salas de chat más de 40	2	5
salas de chat xxx	2	5
salas ee chat	2	5
video chat gratis sin registrarse	2	5
video llamadas con mujeres gratis sin registro	2	5
webcam chat gratis sin registro	2	5
canal cornudos	1	5
cha sexo	1	5
charlas hot en linea	1	5
chat aleatorio sin registro	1	5
chat alicante gratis	1	5
chat anónimo gratis	1	5
chat chicas solteras	1	5
chat con mujeres cerca de mi	1	5
chat con muneres	1	5
chat cornudis	1	5
chat de 40	1	5
chat de amigas	1	5
chat de hombres gays	1	5
chat de lesbianas calientes	1	5
chat de lesbianas porno	1	5
chat en vivo en español	1	5
chat gay libre	1	5
chat gay obline	1	5
chat gay porno bogota	1	5
chat gratis casadas	1	5
chat gratis con chicas calientes	1	5
chat gratis con gays	1	5
chat gratis sin registros	1	5
chat gratis transexuales	1	5
chat gratuito	1	5
chat gsy xxx	1	5
chat gua	1	5
chat hot en linea gratis	1	5
chat hot en línea	1	5
chat hot merida	1	5
chat lesbia	1	5
chat mayores de 30	1	5
chat online gratis privado	1	5
chat para cojer	1	5
chat para hablar gratis	1	5
chat roullete	1	5
chat s xo	1	5
chat se sexo gratis	1	5
chat swiner	1	5
chat swingers	1	5
chat trans en vivo	1	5
chat valencis	1	5
chat video azar sin registro	1	5
chat zexo	1	5
chat. hot	1	5
chatear con extranjeros que hablen español gratis	1	5
chatear con mujeres sexo	1	5
chaten linea	1	5
chater con mujeres	1	5
chathot gay	1	5
chatroulete gratis	1	5
chatrulette	1	5
chats calientes en linea	1	5
chats de mujeres	1	5
chats hit	1	5
chats hots con mujeres	1	5
chats mujeres calientes	1	5
chats para ligar whatsapp	1	5
chet hot	1	5
chicas en linea para chatear	1	5
chtave	1	5
citas con mujeres calientes	1	5
citas con mujeres gratis	1	5
citas transexual	1	5
concer gente	1	5
conocer gente en linea	1	5
contacto gay valencia	1	5
contactos de chicas para hablar	1	5
culiar en linea gratis	1	5
dale chat caliente	1	5
el rincon del sexo	1	5
elchat venezuela	1	5
foro gay	1	5
gay buscando hombres	1	5
gay valencia chat	1	5
gay venezuela telegram	1	5
grupo de whatsapp de chicas de 15	1	5
grupo para hablar con mujeres	1	5
grupos para coger	1	5
grupos para hablar con mujeres	1	5
grupos whatsapp gay venezuela	1	5
habla con chicas gratis	1	5
hablar con chicas xxx	1	5
hablar con mujeres mayores	1	5
latinchat barranquilla	1	5
maduras en vivo gratis	1	5
maduritas gratis	1	5
mamas solteras chat	1	5
mujeres en chat	1	5
mujeres solteras para chatear	1	5
numeros de mujeres calientes gratis	1	5
número de teléfono de mujeres calientes	1	5
pagina de mujeres en vivo	1	5
pagina hot	1	5
paginas para chat gay	1	5
página para conocer personas gratis	1	5
salas de chat con camara	1	5
salas de chat porno	1	5
salas e chat	1	5
sals de chat	1	5
schat sexo	1	5
sexchat anonimo	1	5
sexo char	1	5
sexo en la victoria	1	5
sexo gratis venezolanas	1	5
sitio de chat gratis	1	5
sitios para hablar con gente	1	5
telegram gay caracas scrrop	1	5
tu chat	1	5
video chat con gays	1	5
video chats gay	1	5
video llamadas gratis sin registro	1	5
videollamadas gratis con desconocidos	1	5
videollamadas online gratis sin registro en español	1	5
videos chat gratis	1	5
xxx chat lesbianas	1	5
adolescentes chateando	0	5
amigos chatear	0	5
amigos en linea gratis sin registro	0	5
amigos en línea	0	5
amigos por chat	0	5
amistad chat	0	5
amor en linea chat	0	5
amor en linea net	0	5
amor y sexo chat	0	5
buscar chat gratis	0	5
buscar pareja en caracas gratis	0	5
busco hombres gay	0	5
caht erotico	0	5
cali es cali chat	0	5
camaras gay	0	5
canal chat esoterismo	0	5
casadas chat	0	5
cat de sexo	0	5
cbat hot	0	5
char sexual	0	5
charty tv	0	5
chastfriends	0	5
chat almeria gay	0	5
chat almeria gratis	0	5
chat almería	0	5
chat alternativo terra	0	5
chat amistades	0	5
chat anónimo gay	0	5
chat arabe en españa	0	5
chat argentina mendoza	0	5
chat calienre	0	5
chat calientes por whatsapp	0	5
chat canelota	0	5
chat cerca de mi	0	5
chat chica hot	0	5
chat cita	0	5
chat citas sexo	0	5
chat com travesti	0	5
chat con chicos gay	0	5
chat con hombre	0	5
chat cornudo free	0	5
chat cornudos.	0	5
chat cristiano españa	0	5
chat cristianos evangelicos	0	5
chat cruising	0	5
chat de 12 a 15 años	0	5
chat de 15 a 18	0	5
chat de adolescente	0	5
chat de ambiente panama	0	5
chat de amigo	0	5
chat de chatear gratis	0	5
chat de citas sin registro	0	5
chat de cornudos terra	0	5
chat de hombres solteros	0	5
chat de mazmorra	0	5
chat de medellin	0	5
chat de merida	0	5
chat de sexo con maduras	0	5
chat de sexoo	0	5
chat de videncia gratis	0	5
chat edades	0	5
chat el mejor	0	5
chat el mundo	0	5
chat en español gratis	0	5
chat en linea lesbianas	0	5
chat en linea mujeres	0	5
chat en línea en vivo	0	5
chat en línea para conocer gente	0	5
chat en medellin	0	5
chat en vivo mujeres gratis	0	5
chat erotico gay	0	5
chat gartis	0	5
chat gay camaras	0	5
chat gay en espanol	0	5
chat gay en español	0	5
chat gay gratis valencia	0	5
chat gay latin chat	0	5
chat gay maroc	0	5
chat gay online xxx	0	5
chat gay suba	0	5
chat gay top	0	5
chat gay vivo	0	5
chat gay.net	0	5
chat gey colombia	0	5
chat gratis cataluña	0	5
chat gratis com	0	5
chat gratis cucuta	0	5
chat gratis de cornudos	0	5
chat gratis más de 60	0	5
chat gratis net	0	5
chat gratis para conocer mujeres	0	5
chat gratis parejas	0	5
chat hiy	0	5
chat hot con madura	0	5
chat hot gay whatsapp	0	5
chat hot sex	0	5
chat hots gratis	0	5
chat internacionales	0	5
chat kesbianas	0	5
chat latino sin registro	0	5
chat lesbianas bogota	0	5
chat lesbiano	0	5
chat librr	0	5
chat ligoteo	0	5
chat mas d 40	0	5
chat mas de 50 y 60 gratis	0	5
chat mujeres y hombres	0	5
chat net gratis	0	5
chat net sevilla	0	5
chat online gay gratis	0	5
chat online sexual	0	5
chat ozu gratis	0	5
chat ozú	0	5
chat para conocer mujeres solteras gratis	0	5
chat para dultos	0	5
chat para hablar con gente gratis	0	5
chat para hablar online gratis	0	5
chat polno	0	5
chat por l	0	5
chat prno	0	5
chat roulete	0	5
chat rulet ispanya	0	5
chat sala gratis	0	5
chat sexo merida	0	5
chat sexo online gratis	0	5
chat sexusl	0	5
chat sin registro gay	0	5
chat sin registros	0	5
chat sw	0	5
chat terra com mx	0	5
chat tierra	0	5
chat vay	0	5
chat webchat	0	5
chat wet	0	5
chat wexo	0	5
chat zona cornudos	0	5
chat árabe	0	5
chat.chateagratis.net	0	5
chat.com gratis	0	5
chat.elchat.ney	0	5
chatafriends	0	5
chatamor	0	5
chatarg venezuela	0	5
chatcitas	0	5
chatea chay	0	5
chatea gratis gay	0	5
chatea gratis sexo	0	5
chatea-chat	0	5
chateagra	0	5
chateando	0	5
chatear chatear	0	5
chatear con camara	0	5
chatear con cristianos	0	5
chatear con travestis gratis	0	5
chatear gratis chicas	0	5
chatear gratis en	0	5
chatear mas de 60	0	5
chatear mayores de 60	0	5
chatear salas	0	5
chatear sin registrarse	0	5
chateargay	0	5
chateroticogratis	0	5
chatgayalmeria	0	5
chatgey	0	5
chathispano cornudos	0	5
chatiw es	0	5
chatmerida	0	5
chatnate tv	0	5
chatradio	0	5
chatroulett	0	5
chatroulette pc	0	5
chatroulette spagnolo	0	5
chats 12	0	5
chats de adolescentes	0	5
chats de citas gratis	0	5
chats español	0	5
chats friends gay	0	5
chats gay xxx	0	5
chats hot de whatsapp	0	5
chats hoy	0	5
chats lesbian	0	5
chats para gays	0	5
chats sexx	0	5
chatsfriends mas de 60	0	5
chatsonline	0	5
chatty tv	0	5
chatwin chat	0	5
chaty gratis	0	5
chatys tv	0	5
chatytv gratis	0	5
chatytvgratis	0	5
chatytvrcn	0	5
chicas en vivo chat	0	5
chsr sexo	0	5
chst travesti	0	5
chsts porno	0	5
chtahot	0	5
chwt hot	0	5
chát hot	0	5
citas caracas telegram	0	5
citas en venezuela	0	5
citas maracay	0	5
citas venezolanas	0	5
cjat cornudos	0	5
cjat lesbianas	0	5
comocer gente	0	5
conocer chicos gay cerca de mi	0	5
conocer gente cerca de mi gratis	0	5
conocer gente por el chat	0	5
conocer mujeres gratis	0	5
contacti sex	0	5
contactos chat	0	5
contactos travesti	0	5
conversar con chicas	0	5
cornudos chat friends	0	5
cornudos net	0	5
cornudos whatsapp	0	5
cristiano chat	0	5
dale chat adolescentes	0	5
dale chat mendoza	0	5
dale chat venezuela gay	0	5
dalechat hot venezuela	0	5
el chat amigos en español	0	5
el chat com gratis	0	5
el chat de ozu	0	5
el chat el chat	0	5
elchat 2	0	5
elchat2	0	5
entra y conoce gente nueva chat hispano	0	5
foros de chat	0	5
gay chat live	0	5
gente chst	0	5
gente hot	0	5
gente xhat	0	5
gentechat 60	0	5
geomundo chat	0	5
geomundos chat	0	5
grupo para hablar	0	5
grupo whatsapp venezolanos	0	5
hablar con gente gay	0	5
hablar con milfs	0	5
hablar con persona	0	5
hablar online	0	5
hacer amigos chat	0	5
hombres chat	0	5
lantichat	0	5
latin chat cornudos	0	5
latinchat cucuta	0	5
latinchat seco	0	5
latinchat trujillo peru	0	5
latinchat.net	0	5
latinchatnet	0	5
latnchat	0	5
latínchat gay	0	5
lesbianas chatear	0	5
lesvianas chat	0	5
linea caliente gratis	0	5
línea de chat gratis	0	5
mas de 60	0	5
mas de 60 chat	0	5
mendoza chat	0	5
merida chat	0	5
número de transexual	0	5
números de chicos para conversar por whatsapp	0	5
only gay chat	0	5
pagina citas gay	0	5
pagina de amistades gratis	0	5
pagina para conversar con mujeres mayores	0	5
paginas de citas en venezuela	0	5
paginas de citas en venezuela gratis	0	5
paginas de encuentro gay	0	5
paginas de maduras gratis	0	5
paginas maduras gratis	0	5
paginas para chat xxx	0	5
paginas para conocer mujeres mayores	0	5
para chatear con amigos	0	5
para chatear con mujeres solteras	0	5
parejas .net	0	5
porno cgat	0	5
porno chay	0	5
porno para hablar	0	5
páginas para conocer personas gratis	0	5
páginas para hablar con personas	0	5
que es chat hot	0	5
sala chat gremio docente	0	5
salas de caht	0	5
salas de chat eroticas	0	5
salas de chat españa	0	5
salas de chat españolas	0	5
salsa de chat	0	5
sexchat con mujeres	0	5
sexo en venezuela.net	0	5
sez chat	0	5
sitios para encontrar pareja gratis	0	5
sitios para hablar con gente online	0	5
snapchat chat hot	0	5
solteras chat	0	5
sumisa chat latin	0	5
telegram venezuela gay	0	5
terra chat amistad	0	5
tu chat gratis	0	5
tv chat gratis	0	5
ven chat	0	5
venecas en telegram	0	5
venezuela citas	0	5
vhat caliente	0	5
vhat en linea	0	5
video chat	0	5
video chat gay hot	0	5
video chat madura	0	5
videochat con mujeres calientes	0	5
videochat gratis sin registros	0	5
videochat lesbiana	0	5
videochay gay	0	5
videollamada gay	0	5
videollamadas con maduras gratis	0	5
webcam venezuela	0	5
whatsapp chat caliente	0	5
www chat gay	0	5
www el chat	0	5
xatgratis	0	5
xhat erótico	0	5
xxx caht	0	5
xxx chat de sexo	0	5
xxx chat xxx	0	5
xxx chats gays	0	5
xxx en chat	0	5
gay chat ve	4	4
chat gay b	3	4
chat gratis en caracas	3	4
chat lgb	3	4
chat sexo adultos	3	4
mipunto com más de 40	3	4
porno para chatear	3	4
webcam con mujeres gratis	3	4
chag gay	2	4
chap gay	2	4
chat cam sin registro	2	4
chat libre.	2	4
chat men	2	4
chat mujeres cachondas	2	4
chat salas gratis	2	4
chat trasvesti	2	4
chata gay	2	4
cht ve	2	4
citas travestis	2	4
cjat cornudo	2	4
en venezuela	2	4
hablar con mujeres gratis online	2	4
hombre buscando hombres	2	4
live gay chat	2	4
mujeres cachondas chat	2	4
número de mujeres calientes	2	4
números de chicas solteras para chatear	2	4
para ablar con mujeres	2	4
páginas para chat hot	2	4
roullete chat	2	4
sexo cha	2	4
sitios para hablar con mujeres gratis	2	4
videochat mujeres gratis	2	4
whatsapp de mujeres solteras en caracas	2	4
amigos para chatear	1	4
aplicaciones para hablar con mujeres porno	1	4
busco chat hot	1	4
cachondas gratis	1	4
cchat de sexo	1	4
chargay	1	4
chast hot	1	4
chat brasil online	1	4
chat caliente xxx	1	4
chat calientes con chicas	1	4
chat chicas en vivo	1	4
chat con camara web gratis	1	4
chat con cámara y micrófono	1	4
chat con lesbiana	1	4
chat con mujeres de 50 a 60 años	1	4
chat con mujeres por whatsapp	1	4
chat con personas calientes	1	4
chat cormudo	1	4
chat cornudo whatsapp	1	4
chat cornudos y cornudas	1	4
chat de cornudos xxx	1	4
chat de hombres gay	1	4
chat de homosexuales	1	4
chat de sexo de lesbianas	1	4
chat de terra alternativo	1	4
chat e sexo	1	4
chat en linea porno	1	4
chat en linea xxx	1	4
chat en línea sin registro	1	4
chat en vivo trans	1	4
chat gat gratis	1	4
chat gays colombia	1	4
chat gratis latin	1	4
chat gratis libre	1	4
chat gratis para buscar pareja	1	4
chat hor gratis	1	4
chat hot canal	1	4
chat hot?	1	4
chat intercambio de parejas	1	4
chat lesbianas sexo	1	4
chat mas 18	1	4
chat merida gay	1	4
chat morbo gay	1	4
chat mérida	1	4
chat online adultos	1	4
chat online latino	1	4
chat para chatear con gente	1	4
chat para encuentros	1	4
chat para follar	1	4
chat para solteros	1	4
chat pervertido	1	4
chat porno trans	1	4
chat privado con chicas	1	4
chat random.gay	1	4
chat sdxo	1	4
chat sexual whatsapp	1	4
chat solteras gratis	1	4
chat telegram gay venezuela	1	4
chat trasvestis	1	4
chat vivo gay	1	4
chat xaliente	1	4
chat zona gay	1	4
chat zone	1	4
chatbhot	1	4
chatcaloente	1	4
chate porno	1	4
chatea con maduras	1	4
chatear con cam	1	4
chatear con gays gratis	1	4
chatear con webcam	1	4
chats con lesbianas	1	4
chats de amistad	1	4
chats de sex	1	4
chats gratis online	1	4
chats hots online	1	4
chats porno xxx	1	4
chats pprno	1	4
chatzona gratis	1	4
chicas por internet	1	4
chst sin registro	1	4
chát xxx	1	4
conocer chicas chat	1	4
conocer gente gay sin registro	1	4
conocer mujeres calientes	1	4
conocer mujeres para sexo	1	4
conocer personas cerca de mi	1	4
conocer personas en línea gratis	1	4
conocer putas	1	4
contactos con gay	1	4
conversación caliente	1	4
en vivo gay	1	4
encuentros	1	4
encuentros hombres	1	4
encuentros sexuales gratis	1	4
foro chat gay	1	4
foros de lesbianas	1	4
gay chat latin	1	4
gay citas	1	4
gay disponible	1	4
gay encuentro	1	4
grupos de telegram xxx venezolanas	1	4
grupos gay de venezuela	1	4
habla con mujeres xxx	1	4
hablar con chicas gratis sin pagar	1	4
hablar con mujeres sin registro	1	4
hablar por chat	1	4
hat sexo	1	4
hombre busca hombres en caracas	1	4
latin char	1	4
latin chst	1	4
latinchat.	1	4
latunchat	1	4
live de hombres gey	1	4
lugares para chatear	1	4
mujeres en online	1	4
número de teléfono de sexo	1	4
números de mujeres calientes	1	4
omegle para trans	1	4
paginas de chat online gratis	1	4
paginas de chateo	1	4
paginas mujeres en vivo	1	4
paginas para chatear gratis con mujeres	1	4
pajinas calientes	1	4
para hablar con mujeres por whatsapp	1	4
personas hot	1	4
porno chatea	1	4
putas en chat	1	4
páginas de mujeres en vivo	1	4
sala de cha	1	4
sala de char	1	4
salas de chat para ligar	1	4
servicio gay	1	4
sexi chat caracas	1	4
sexo gay cerca	1	4
sitios de chat para conocer personas gratis	1	4
travestis en linea	1	4
vchat xxx	1	4
venecas en peru telegram	1	4
vhst hot	1	4
video chat con mujeres hot	1	4
video chat con señoras	1	4
video chat en linea	1	4
video chat gratis con mujeres	1	4
video chat gratis mujeres	1	4
video llamadas hot gratis	1	4
videochat gratis online	1	4
videochat online gratis	1	4
videochat sin	1	4
videollamada con mujeres calientes	1	4
videollamadas con desconocidos	1	4
videollamadas con trans gratis	1	4
videollamadas gays gratis	1	4
volano chat	1	4
xxx chats porno	1	4
xxxx chat gay	1	4
ablar con mujeres calientes	0	4
amigos en internet	0	4
amigos gratis	0	4
amistades por internet	0	4
anuncios gratis venezuela	0	4
app para ganar dinero chateando con mujeres	0	4
arnetchat	0	4
be ne chat	0	4
buscar salas de chat	0	4
buscar salas de chat gratis	0	4
busco amigos para chatear	0	4
busco chatear gratis	0	4
cam chat gratis sin registro	0	4
cam gratis sin registrarse	0	4
cam lesbiana	0	4
camara y chat	0	4
canal chat cornudos	0	4
canal chat gay	0	4
canalchat org	0	4
canales para chatear gratis	0	4
caracas xxx telegram	0	4
cgat porno	0	4
cgat xxx	0	4
cha zona	0	4
chad caliente	0	4
char cornudos	0	4
char hor	0	4
charlar con amigos	0	4
chast de sexo	0	4
chat +18 gay	0	4
chat 30 años	0	4
chat 48	0	4
chat adultos online	0	4
chat amas	0	4
chat amistad sevilla	0	4
chat amor gratis	0	4
chat anonimo caliente	0	4
chat anonimo sexo	0	4
chat ay	0	4
chat bdms	0	4
chat bogota lesbianas	0	4
chat boyaca gay	0	4
chat calente	0	4
chat calien	0	4
chat caliente te atreves	0	4
chat caliwnte	0	4
chat camara gratis sin registro	0	4
chat cataluña gratis	0	4
chat center	0	4
chat chile terra	0	4
chat colombia gratis whatsapp	0	4
chat con cachondas	0	4
chat con cam y microfono sin registro	0	4
chat con chicas caliente	0	4
chat con chicas sexo	0	4
chat con chicas sin registro	0	4
chat con desconocidos	0	4
chat con extranjeros	0	4
chat con gente caliente	0	4
chat con machos gay	0	4
chat con mujeres reales	0	4
chat con mujeres sexo	0	4
chat contactos	0	4
chat cormudos	0	4
chat cornidos	0	4
chat cristiana	0	4
chat cristiano chat	0	4
chat cristiano evangelico gratis	0	4
chat de alicante	0	4
chat de amistad gratis	0	4
chat de amistad más de 50	0	4
chat de amor gratis	0	4
chat de chateagratis	0	4
chat de gays gratis	0	4
chat de lesbianas en español	0	4
chat de malaga gratis	0	4
chat de murcia gratis	0	4
chat de se o	0	4
chat de sumisa	0	4
chat de travestis gratis	0	4
chat de webcam gratis	0	4
chat de zacatecas	0	4
chat do mundo	0	4
chat dr sexo	0	4
chat en el chat	0	4
chat en espanol gratis	0	4
chat en linda	0	4
chat en linea con chicas	0	4
chat en linea sin registro	0	4
chat en vivo gratis sin registro	0	4
chat encontrar pareja	0	4
chat entre amigos	0	4
chat erotico sexo	0	4
chat erotico whatsapp	0	4
chat eroticp	0	4
chat free gay	0	4
chat gar	0	4
chat gay al	0	4
chat gay aleatorio	0	4
chat gay bogota gay	0	4
chat gay de mendoza	0	4
chat gay espanol	0	4
chat gay gratid	0	4
chat gay instagram	0	4
chat gay pereira	0	4
chat gay viña	0	4
chat gays valencia	0	4
chat general gratis	0	4
chat gente chat	0	4
chat gorditas	0	4
chat gratis ahora	0	4
chat gratis chihuahua	0	4
chat gratis con mujeres sin registro	0	4
chat gratis internacional	0	4
chat gratis para conocer chicas	0	4
chat gratis salas	0	4
chat gratis whatsapp	0	4
chat gratis zaragoza	0	4
chat gsy colombia	0	4
chat gys	0	4
chat hombres gay online	0	4
chat hombres mayores de 60 años	0	4
chat hot en vivo	0	4
chat hot gays	0	4
chat hot hot	0	4
chat hot lesbiana	0	4
chat hot oline	0	4
chat hotgratis	0	4
chat iquitos	0	4
chat irc	0	4
chat kiwi almeria	0	4
chat kiwi sexo	0	4
chat latino cornudos	0	4
chat latino gratis sin registro	0	4
chat lesbianas calientes	0	4
chat lesbico online	0	4
chat lesbixo	0	4
chat libee	0	4
chat ligar sevilla	0	4
chat lubre	0	4
chat lésbicos	0	4
chat maduritos	0	4
chat maduros gays	0	4
chat mazmorra sin java	0	4
chat mosquera	0	4
chat movil	0	4
chat movil malaga	0	4
chat movistar	0	4
chat mujeres solteras colombia	0	4
chat murcia gratis	0	4
chat muy caliente	0	4
chat málaga	0	4
chat más de 50 gratis	0	4
chat música	0	4
chat net mexico	0	4
chat online en español	0	4
chat para buscar amigos	0	4
chat para conocer a mujeres les	0	4
chat para conocer mujeres lesbianas	0	4
chat para hablar con putas	0	4
chat para hacer amigos de todo el mundo gratis	0	4
chat para mayores de 50	0	4
chat para parejas liberales	0	4
chat para sex	0	4
chat peru trujillo	0	4
chat por o gay	0	4
chat por whatsapp con mujeres	0	4
chat porbo	0	4
chat roulette net	0	4
chat sefo	0	4
chat sexo web	0	4
chat sim registro	0	4
chat sin regostro	0	4
chat terra lesbico	0	4
chat texto gay	0	4
chat trav	0	4
chat valera	0	4
chat veteranas	0	4
chat viejos verdes	0	4
chat vive	0	4
chat xx x	0	4
chat xxx trans	0	4
chat y radio	0	4
chat ñ	0	4
chat. aliente	0	4
chat. caliente	0	4
chat. xxx	0	4
chat72	0	4
chata calientes	0	4
chatde sexo gratis	0	4
chatdelesbianas	0	4
chatea caliente	0	4
chatea con chicas gratis	0	4
chatea grafis	0	4
chatea online gratis	0	4
chatea sin registro	0	4
chateacongente barquisimeto	0	4
chateagartis	0	4
chatear club	0	4
chatear con alguien	0	4
chatear con camaras	0	4
chatear con chicas cachondas	0	4
chatear con chicas online gratis	0	4
chatear con chicas por whatsapp gratis	0	4
chatear con chicas porno gratis	0	4
chatear con chicos gratis	0	4
chatear con desconocidos gratis	0	4
chatear con mujeres gratis y sin registro	0	4
chatear con personas online	0	4
chatear con sexo	0	4
chatear con travestis en la web	0	4
chatear en línea	0	4
chatear gratis con gays	0	4
chatear gratis gay	0	4
chatear gratis malaga	0	4
chatear gratis mas de 60	0	4
chatear gratis mujeres	0	4
chatear gratis xxx	0	4
chatear lesvianas	0	4
chatear malaga	0	4
chatear mujeres	0	4
chatear online gratis	0	4
chatear social	0	4
chateargratis	0	4
chatelchat	0	4
chates gratis	0	4
chatesoterico	0	4
chatgay fli	0	4
chatgay sex	0	4
chatgay valencia	0	4
chatgaykiwi	0	4
chatgayuniverso	0	4
chatlatinconwepcamgay	0	4
chatlatinogay	0	4
chatparaadultos	0	4
chatroulette 10	0	4
chatroulette en espanol	0	4
chatroulette gay	0	4
chatroulette gratis online	0	4
chatroulette net	0	4
chats	0	4
chats adolescentes	0	4
chats calientes online	0	4
chats calientes whatsapp	0	4
chats conocer gente	0	4
chats de cornudos xxx	0	4
chats españoles	0	4
chats gays valencia	0	4
chats lesbi	0	4
chats libre	0	4
chats online adolescentes	0	4
chats online privados	0	4
chats para conocer chicas	0	4
chats seco	0	4
chats tv	0	4
chats xxx gay	0	4
chatsexo gratis	0	4
chatsporno	0	4
chatt bogotá gay	0	4
chatvee	0	4
chatwebcam	0	4
chatxxx.	0	4
chayea gratis	0	4
chica chat	0	4
chicos gay chat	0	4
chqt gqy	0	4
chqt hor	0	4
chst cornudos	0	4
chst de dexo	0	4
chst de lesbianas	0	4
chst gratis	0	4
chst v	0	4
cht gey	0	4
cht lesbianas	0	4
chtas porno	0	4
chwt gay	0	4
citas con chicas	0	4
citas con chicas calientes	0	4
citas con gay	0	4
citas con maduras gratis	0	4
citas xxx caracas	0	4
como chatear gratis	0	4
conocer gente por whatsapp gratis	0	4
conocer personas en caracas	0	4
contacto con casadas	0	4
contacto de gay	0	4
contacto de hombres	0	4
contacto sado	0	4
contacto trans	0	4
contactos gay bogotá	0	4
contatos gay	0	4
contscto sex	0	4
costumbres venezuela	0	4
cristiana chat	0	4
cuck chat	0	4
cómo encontrar pareja venezuela	0	4
dalechatea venezuela	0	4
el chat amigos	0	4
el chat chat	0	4
el chat con	0	4
el chat cubano	0	4
el chat de amigos	0	4
el chat guanajuato	0	4
el chat html	0	4
el chat mas caliente	0	4
el chat version 2	0	4
el chat.com	0	4
elchat com estados unidos	0	4
elchat version 2	0	4
elchat.	0	4
elchat.com estados unidos	0	4
elchax	0	4
elchaxm	0	4
encuentro gays	0	4
encuentros calientes	0	4
encuentros gays	0	4
encuentros sexuales en caracas	0	4
entrar en chat gratis	0	4
fiestas venezuela	0	4
foro de chat	0	4
gay chat roulette	0	4
gay chat sex	0	4
gay conocer	0	4
gay contacto	0	4
gay contactos	0	4
gays caracas telegram	0	4
gays en venezuela	0	4
gente para hablar	0	4
gratis chat sexy	0	4
grupo para sexo	0	4
grupos de whatsapp gay caracas	0	4
grupos telegram caracas gay	0	4
hablar con gente gratis	0	4
hablar con maduras gratis	0	4
hablar con mujeres casadas	0	4
hablar con señoras	0	4
hispachat gay	0	4
hispano chat	0	4
jovenes chat	0	4
latin chat cornudo	0	4
latin chat sexo	0	4
latinchag	0	4
latinchart	0	4
latinchat barcelona	0	4
latinchat bogota	0	4
latinchat puebla	0	4
latinchat sexo	0	4
lesbianas en caracas	0	4
ligar net	0	4
link para hablar con mujeres	0	4
live para hablar con mujeres	0	4
llamada hot en linea	0	4
llamadas hot en linea	0	4
lstin chat	0	4
lugar para chatear	0	4
maduritas chat	0	4
malaga chat	0	4
maracay hot	0	4
mujeres para chatiar	0	4
mujeres para hablar gratis	0	4
mujeres para llamar	0	4
numeros de chicos gay	0	4
numeros de hombres solteros gay	0	4
número de mujeres de barquisimeto para sexo	0	4
número de teléfono de gays	0	4
número de teléfono de porno	0	4
número de whatsapp de chicas para chatear	0	4
número de whatsapp de mujeres solteras en venezuela	0	4
número de whatsapp de travesti	0	4
números de gay	0	4
números de mujeres para chatear	0	4
números de whatsapp de gays	0	4
omegle gay	0	4
omegle gay chat	0	4
pagina de encuentros gay	0	4
paginas chat porno	0	4
paginas de chat sexo	0	4
paginas de chat sexual	0	4
paginas de chicas	0	4
paginas de encuentros gay	0	4
paginas gratis para chatear	0	4
paginas para conocer gente	0	4
paginas para conocer personas gratis	0	4
para chatear con chicas	0	4
para chatear con gente	0	4
para chatear con gente gratis	0	4
pornos chats	0	4
página de travesti	0	4
página de travestis	0	4
página gay para buscar pareja	0	4
página para conocer gente gratis	0	4
páginas de mujeres	0	4
páginas para chatear con mujeres gratis	0	4
quiero chat roulette	0	4
quiero chatear	0	4
quiero chatear con gente	0	4
quiero chatear gratis	0	4
rencontre femme venezuela	0	4
roulette chat hot	0	4
sadomazo chat	0	4
sal de chat	0	4
sala chat hot	0	4
sala chst	0	4
salaa chat	0	4
salas chats	0	4
salas d echat	0	4
salas de cha	0	4
salas de chat gay gratis	0	4
salas de chat gratis en español	0	4
salas de cht	0	4
salasdechat	0	4
sals chat	0	4
salss de chat	0	4
sex caht	0	4
sex citas	0	4
sexo chaster	0	4
sexo chta	0	4
sexo fácil chat	0	4
sexo gay ch	0	4
sitas gay	0	4
sitios de chat	0	4
sitios de chat de sexo	0	4
skype hot	0	4
telegram caracas chicas	0	4
telegram chat gay venezuela	0	4
telegram conerss	0	4
telegram gay maracay	0	4
telegram venecas org	0	4
telegram venecas peru	0	4
terra chat alternativa	0	4
terra chat sala gratis	0	4
topchatsites gay	0	4
trans chat whatsapp	0	4
trans contacto	0	4
trans para hablar	0	4
transexual venezuela	0	4
travestis en venezuela	0	4
venchat	0	4
venezolanas cam	0	4
venezolanos gay	0	4
venezuelateencuentra	0	4
video chat con mujeres calientes	0	4
video chat de mujeres calientes	0	4
video chat hot gratis	0	4
video chat hot sin registro	0	4
video chat lesbiana	0	4
video llamada gay sin registro	0	4
video vhat gay	0	4
videochat caliente	0	4
videochat con mujeres maduras	0	4
videochat gratis con maduras	0	4
videollamadas gay	0	4
videollamadas online gratis gay	0	4
videos chats gay	0	4
vudeo chat gay	0	4
web de cornudos	0	4
web de lesbianas	0	4
web para chatear	0	4
whatsapp caliente	0	4
whatsapp chat gay	0	4
whatsapp cornudos	0	4
whatsapp de chicas calientes	0	4
whatsapp de mujeres solteras caracas	0	4
whatsapp hot chat	0	4
www chateagratis net salas general	0	4
www.chatear.com gratis	0	4
xx chat	0	4
xxx chsts	0	4
xxx vhat	0	4
xxx. chat	0	4
chat anonimo gay	3	3
chat con camara sin registro	3	3
chatea porno	3	3
chicas en vivo chat gratis	3	3
parejas. net	3	3
chat con cam sin registro	2	3
chat con prostitutas	2	3
chat con sexo	2	3
chat gay en vivo gratis	2	3
chat gay gratos	2	3
chat gey telegram venezuela	2	3
chat hot xxx	2	3
chat para conocer pareja	2	3
chat sexual.	2	3
chat trana	2	3
chatear gays	2	3
chatrulett	2	3
chica para chatear	2	3
chicas para conocer	2	3
chts hot	2	3
citas para hombres gay	2	3
citas para sexo gratis	2	3
citas trans	2	3
conocer hombres gay	2	3
contactos gay en valencia	2	3
elchat gay	2	3
grupo de whatsapp porno venezuela	2	3
live xxx venezuela	2	3
mujeres contacto	2	3
mujeres maduras gratis	2	3
numeros de chicas	2	3
omegle online gratis mujeres	2	3
omegle tv gratis sin registro	2	3
sala hot	2	3
sex chat mujeres	2	3
trans contactos	2	3
vhat gay gratis	2	3
video chat con trans gratis	2	3
video chat gay venezuela	2	3
video llamadas gratis gay	2	3
videollamada con mujeres venezuela	2	3
app para hablar con chicas calientes	1	3
busco amistades	1	3
busco chicas para chatear	1	3
busco novia whatsapp	1	3
cahat porno	1	3
cha5 hot	1	3
chad hot	1	3
charlar con trans	1	3
chast calientes	1	3
chat cakiente	1	3
chat calientes para hablar	1	3
chat camara gay	1	3
chat chat sex	1	3
chat chicas sin registro	1	3
chat con cam en español	1	3
chat con cam gratis	1	3
chat con camara gratis sin registro en español	1	3
chat con camara web	1	3
chat con chicas en línea gratis	1	3
chat con mijeres	1	3
chat con mujeres gratis hot	1	3
chat cornudi	1	3
chat dd sexo	1	3
chat de adolecentes	1	3
chat de sex gratis	1	3
chat de sexo whatsapp	1	3
chat en valencia	1	3
chat eotico	1	3
chat eróticos gratis	1	3
chat gaty	1	3
chat gay amistad	1	3
chat gay coñombia	1	3
chat gay en línea	1	3
chat gay fly	1	3
chat gay joven busca maduro	1	3
chat gay latino gratis	1	3
chat gay valencia gratis	1	3
chat gay xxx.	1	3
chat gayxxx	1	3
chat gey porno	1	3
chat gratis amistad	1	3
chat gratis en línea whatsapp con mujeres	1	3
chat gratis para hablar	1	3
chat gratis.com	1	3
chat gwy	1	3
chat hot con mujeres calientes	1	3
chat hot valencia	1	3
chat menores	1	3
chat obline hot	1	3
chat para adultos sin registro	1	3
chat privado con mujeres	1	3
chat privado sexo	1	3
chat ramdon gay	1	3
chat random chicas	1	3
chat random sin registro	1	3
chat sexo escrito	1	3
chat sexo grstis	1	3
chat sexu	1	3
chat sexual lesbianas	1	3
chat sexual porno	1	3
chat si registro	1	3
chat solteros telegram	1	3
chat terra sexo	1	3
chat videollamada	1	3
chat whatsapp gay	1	3
chata caliente	1	3
chatea con chicas online	1	3
chatea con mujeres cachondas	1	3
chatear con chicas en vivo	1	3
chatear con chicas xxx	1	3
chatear con mujeres de 40 a 50 años gratis	1	3
chatear con mujeres para culiar	1	3
chatear gratis lesbianas	1	3
chatprno	1	3
chatroulette en vivo	1	3
chatroulote	1	3
chatrroulete	1	3
chatrroulette	1	3
chatrulete	1	3
chatrullette	1	3
chats amistad	1	3
chats con mujeres xxx	1	3
chats gays xxx	1	3
chats gratis porno	1	3
chats online con mujeres	1	3
chats online sin registro	1	3
chats para conocer mujeres	1	3
chats para gay	1	3
chatt de sexo	1	3
chhat hot	1	3
chicas para hablar gratis	1	3
chst con chicas	1	3
chst hot gratis	1	3
cita con mujeres maduras	1	3
conocer a chicas	1	3
conocer gay whatsapp	1	3
conocer trans	1	3
contacto de travesti	1	3
contacto para sexo	1	3
contactos de mujeres	1	3
cornudos paginas	1	3
cruising chat	1	3
el chat porno	1	3
fhat hot	1	3
foros gays	1	3
gay en vivo	1	3
gay paginas	1	3
gays cerca de mi ubicación	1	3
gays mérida	1	3
gente caliente	1	3
grupo de whatsapp cornudos	1	3
grupo telegram venecas	1	3
grupos de telegram venezolanas xxx	1	3
grupos para conseguir pareja	1	3
grupos xxx venezuela	1	3
hablar chicas	1	3
hablar con mujer	1	3
hablar con putas	1	3
hot chat rooms	1	3
lesbianas de venezuela	1	3
lesbianas online	1	3
llamadas con mujeres solteras	1	3
llamadas gratis con mujeres solteras	1	3
maduras videollamadas	1	3
morbo gay telegram	1	3
número de teléfono de hombres gay	1	3
omegle sin registrarse	1	3
online gay	1	3
pagina de chat gay	1	3
pagina de chicas online	1	3
pagina para conocer gente	1	3
paginas de sexchat	1	3
paginas para chatear y conocer gente	1	3
para hablar con hombres	1	3
prepagos gay	1	3
prepagos gratis	1	3
páginas de citas gratuitas	1	3
sala chat gay	1	3
salas chat gay	1	3
sex chat anonimo	1	3
sex chat trans	1	3
sex chat.	1	3
sexo casual venezuela	1	3
sexo en línea	1	3
sexo gratis cerca	1	3
sexo gratis maracaibo	1	3
teléfono gay	1	3
trans chat gratis	1	3
trans para chatear	1	3
trans xhat	1	3
transexual chat	1	3
travestis venezolanas	1	3
vhatgay	1	3
video chat adultos	1	3
video llamada con mujeres gratis	1	3
video llamada porno sin registro	1	3
video llamadas con mujeres gratis	1	3
videochat gay gratis	1	3
videochat porno gratis sin registro	1	3
videollamada con madura	1	3
videollamada con mujeres latinas	1	3
videollamada con mujeres solteras gratis sin registro	1	3
videollamada online gratis	1	3
videollamadas con lesbianas	1	3
videollamadas con mujeres latinas	1	3
webchat sexo	1	3
wed gay	1	3
whatsapp de mujeres de maracay	1	3
www.chat	1	3
xhat en linea	1	3
xxx chats online	1	3
al sex chat	0	3
alguien para chatear	0	3
algun chat gratis	0	3
alicante chat	0	3
alternativo terra	0	3
amigos ligar	0	3
amigos venezuela	0	3
amigos.com chat	0	3
amistad en linea	0	3
amistad gay	0	3
amor en línea registrarse gratis	0	3
app para ganar dinero chateando con hombres	0	3
babados colombia telegram	0	3
barrio latino chat	0	3
bogota chat	0	3
bogotá gay cha	0	3
bogotá gay chat gratis	0	3
bogotágay chat	0	3
brujos y chamanes gratis	0	3
buscar pareja por whatsapp	0	3
busco amigas de 40 a 50 años	0	3
busco amigas para chatear	0	3
busco chat	0	3
busco chat gratis	0	3
busco novia	0	3
busco novio gay	0	3
cam y chat	0	3
canal chat amistad	0	3
canal sonora chat	0	3
canalchat cornudos	0	3
caraqueñas xxx telegram	0	3
cariñosas venezolanas telegram	0	3
casada chat	0	3
cbat caliente	0	3
cchat caliente	0	3
cha para sexo	0	3
cha porno gratis	0	3
chact xxx	0	3
chad en vivo	0	3
chah hot	0	3
chap hot	0	3
char chatear	0	3
char en linea	0	3
charlar con chicas	0	3
chat +40	0	3
chat 47	0	3
chat adilto	0	3
chat adolescentes whatsapp	0	3
chat adulto sexo	0	3
chat adultos sexo	0	3
chat aex	0	3
chat afe	0	3
chat afultos	0	3
chat alcazar de san juan	0	3
chat aleatorio con chicas gratis	0	3
chat aliente	0	3
chat almeria hispano	0	3
chat almería gratis	0	3
chat ambiente panama	0	3
chat amigos gay	0	3
chat amigos sevilla	0	3
chat anonimo con mujeres	0	3
chat anonimo hot	0	3
chat anonimo sin registro	0	3
chat aventura	0	3
chat barcelona kiwi	0	3
chat bdsm mazmorra	0	3
chat bene	0	3
chat blablat	0	3
chat brasil net	0	3
chat busca pareja	0	3
chat caleinte	0	3
chat caliente español	0	3
chat caliente latinchat	0	3
chat caliente linea	0	3
chat caliente xx	0	3
chat calienye	0	3
chat calirnte	0	3
chat cam gay gratis	0	3
chat cama	0	3
chat casdas	0	3
chat charlar	0	3
chat chatea	0	3
chat chatea gratis	0	3
chat chatear canal amigos	0	3
chat chatear canal mas de 50	0	3
chat chicas sexo	0	3
chat chimbote	0	3
chat cirnudos	0	3
chat citas xxx	0	3
chat ciudades españolas	0	3
chat colombia cali	0	3
chat colombia medellin	0	3
chat con amigos online	0	3
chat con cámara y micrófono gratis	0	3
chat con gente online	0	3
chat con mayores	0	3
chat con mujeres online gratis	0	3
chat con webcam gratis sin registro	0	3
chat congente	0	3
chat conocer amigos	0	3
chat cornudas	0	3
chat cornudo chile	0	3
chat cornudo.	0	3
chat cornudos kiwi	0	3
chat cornudps	0	3
chat cornuti	0	3
chat cristiano con poder	0	3
chat cubano diversidad	0	3
chat cucklod	0	3
chat de 12 años	0	3
chat de 50	0	3
chat de 60	0	3
chat de casados	0	3
chat de citas online gratis	0	3
chat de cornudos pasión.es	0	3
chat de cuba gratis	0	3
chat de hot	0	3
chat de la tele barcelona	0	3
chat de lesbianas en bogota	0	3
chat de lesbianas latinas	0	3
chat de los cuarenta principales	0	3
chat de sedo	0	3
chat de sex9	0	3
chat de sexi gratis	0	3
chat de sexo en vivo	0	3
chat de sexo gratis sin registro	0	3
chat de solteros y solteras	0	3
chat de sonora gratis	0	3
chat de tarot	0	3
chat del mundo en español	0	3
chat del mundo movistar	0	3
chat en lina	0	3
chat en vivo adultos	0	3
chat en vivo con gay bogotá	0	3
chat en vivo cámara gratis	0	3
chat en vivo mujeres	0	3
chat encuentro	0	3
chat erotico español	0	3
chat erotico totalmente gratis	0	3
chat erotuco	0	3
chat español gratis	0	3
chat faliente	0	3
chat friends 50	0	3
chat friends gratis	0	3
chat galicia city	0	3
chat galicia gratis	0	3
chat gay alternativo	0	3
chat gay bogota sin registro	0	3
chat gay bogotagay	0	3
chat gay bohota	0	3
chat gay cl	0	3
chat gay cruising	0	3
chat gay cucuta	0	3
chat gay cundinamarca	0	3
chat gay cxx	0	3
chat gay de	0	3
chat gay de chile	0	3
chat gay de valencia	0	3
chat gay hombres	0	3
chat gay lleida	0	3
chat gay maracaibo telegram	0	3
chat gay onlien	0	3
chat gay por whatsapp	0	3
chat gay room	0	3
chat gay rosario	0	3
chat gay salamanca	0	3
chat gay sin sensura	0	3
chat gay tele	0	3
chat gay telegram	0	3
chat gay videos	0	3
chat gay xxxx	0	3
chat gays latino	0	3
chat gayy	0	3
chat gebte	0	3
chat gey valencia	0	3
chat gey xxx	0	3
chat gratis buscar pareja	0	3
chat gratis con chicas sin registro	0	3
chat gratis en español sin registro	0	3
chat gratis en español y sin registro	0	3
chat gratis españa mas de 50	0	3
chat gratis gallego	0	3
chat gratis gratis	0	3
chat gratis latinchat	0	3
chat gratis manizales	0	3
chat gratis mas 60	0	3
chat gratis mayores de 60 años	0	3
chat gratis merida yucatan	0	3
chat gratis org	0	3
chat gratis sin registrarte	0	3
chat grqtis	0	3
chat hhot	0	3
chat hispano almeria	0	3
chat hombres gay	0	3
chat homosexuales	0	3
chat hot .	0	3
chat hot gratis con mujeres	0	3
chat hot gratis online	0	3
chat hot grátis	0	3
chat hot hay	0	3
chat hot la	0	3
chat hot madura	0	3
chat hot por whatsapp	0	3
chat hot travestis	0	3
chat hot venezuela dale chatea	0	3
chat hot.net	0	3
chat huelva	0	3
chat irc cornudos	0	3
chat irc murcia	0	3
chat kiwi alicante	0	3
chat l	0	3
chat latina	0	3
chat latini	0	3
chat latino caliente	0	3
chat latino com	0	3
chat latino en espanol	0	3
chat latín	0	3
chat les colombia	0	3
chat lesbian gratis	0	3
chat lesbiana bogotá	0	3
chat lesbianas barcelona	0	3
chat lesbianas bogotá	0	3
chat lesbianas colombia	0	3
chat lesbianas porno	0	3
chat lesbis	0	3
chat lesvicos	0	3
chat lgbt online	0	3
chat liberales	0	3
chat libr	0	3
chat libre sexo	0	3
chat librw	0	3
chat ligue	0	3
chat madura xxx	0	3
chat mature	0	3
chat mayores	0	3
chat mayores de 60 gratis	0	3
chat merida gratis	0	3
chat merida yucatan	0	3
chat mexico terra	0	3
chat morbo whatsapp	0	3
chat movil gay	0	3
chat mundial en español	0	3
chat murcia zona	0	3
chat musica gratis	0	3
chat málaga gratis	0	3
chat ner	0	3
chat network	0	3
chat online con mujeres gratis	0	3
chat online gay xxx	0	3
chat online jovenes	0	3
chat online para adolescentes	0	3
chat online sin registro gratis	0	3
chat orno	0	3
chat ozu mas de 60	0	3
chat p****	0	3
chat paja gay	0	3
chat para aduktos	0	3
chat para amigos	0	3
chat para amistad	0	3
chat para conversar	0	3
chat para hablar con amigos	0	3
chat para hablar con mujeres xxx	0	3
chat para hablar con personas	0	3
chat para hablar hot	0	3
chat para latinos	0	3
chat para mayores de 40 años	0	3
chat para mayores de 60	0	3
chat para pareja	0	3
chat para sexo virtual	0	3
chat parejas irc	0	3
chat por i	0	3
chat por no gratis	0	3
chat porko	0	3
chat porn.	0	3
chat porrno	0	3
chat provincias	0	3
chat puebla	0	3
chat rou	0	3
chat roulett	0	3
chat roulette online	0	3
chat sagunto	0	3
chat sexo chicas	0	3
chat sexo hot	0	3
chat sexo real	0	3
chat sexua	0	3
chat sin registro 1v1 free	0	3
chat sonico.es	0	3
chat ssxo	0	3
chat tb	0	3
chat telegram amistad	0	3
chat terra almeria alternativo	0	3
chat terra regiones	0	3
chat teruel terra	0	3
chat trnas	0	3
chat tv en vivo	0	3
chat urbanización	0	3
chat w	0	3
chat web cam	0	3
chat web gratis	0	3
chat web sexo	0	3
chat wn linea	0	3
chat women	0	3
chat x x	0	3
chat xona	0	3
chat xxx porno	0	3
chat zons	0	3
chat. gay	0	3
chat.de.sexo	0	3
chat.sexo	0	3
chat77	0	3
chata sexo	0	3
chata veneu	0	3
chatamigos gratis	0	3
chatamigos.org	0	3
chatango gay	0	3
chatea con chicas hot	0	3
chatea con gays	0	3
chatea graris	0	3
chatea gratis adolescentes	0	3
chatea gratis con mujeres	0	3
chatea gratis online	0	3
chateagrais	0	3
chateagratis .net	0	3
chateagratis cornudos	0	3
chateagratis lesbiana	0	3
chateagratis net mas de 60	0	3
chateagratis.net app	0	3
chateagratis.ney	0	3
chateagrstis	0	3
chateamos chat terra	0	3
chatear amigos	0	3
chatear chica	0	3
chatear con chicas por whatsapp	0	3
chatear con chicos gays	0	3
chatear con gente de argentina	0	3
chatear con gente online	0	3
chatear con les	0	3
chatear con mujeres de 40	0	3
chatear en español	0	3
chatear galicia	0	3
chatear gay net	0	3
chatear gente	0	3
chatear gratis con travestis	0	3
chatear gratis en internet	0	3
chatear gratis español	0	3
chatear gratis galicia	0	3
chatear gratis net	0	3
chatear gratis terra	0	3
chatear gratuitamente	0	3
chatear libre	0	3
chatear porn	0	3
chatear web	0	3
chatelvive	0	3
chateo gay	0	3
chates	0	3
chatgay almeria	0	3
chatgayvalencia	0	3
chathispano travestis	0	3
chatiaporno	0	3
chatlima	0	3
chatmasde50	0	3
chatmurcia	0	3
chato caliente	0	3
chatporno gay	0	3
chatprono	0	3
chatroom gay	0	3
chatroulette chat	0	3
chatroulette colombia	0	3
chatroulette e	0	3
chatroulette esp	0	3
chatroulette free	0	3
chatroulette on line	0	3
chatroulette texto	0	3
chatroulettre	0	3
chatrulet	0	3
chatruleta	0	3
chats amistades	0	3
chats anonimos	0	3
chats casadas	0	3
chats citas	0	3
chats con radio	0	3
chats contactos	0	3
chats cornudos xxx	0	3
chats de trans	0	3
chats de video	0	3
chats en espanol	0	3
chats gallegos	0	3
chats gay bogota	0	3
chats gay whatsapp	0	3
chats gays whatsapp	0	3
chats gratis de sexo	0	3
chats gratuito	0	3
chats hot gay	0	3
chats mas de 60	0	3
chats medellin	0	3
chats para follar gratis	0	3
chats pormo	0	3
chats sado en español	0	3
chats sexo gratis	0	3
chatsfrienda	0	3
chatsfruends	0	3
chatsinregistro	0	3
chatt sexo	0	3
chatter online	0	3
chatv35	0	3
chatv72	0	3
chatvhot	0	3
chatwa gratis	0	3
chaty caracol	0	3
chatyrv	0	3
chatzona mas de 60	0	3
chatzone entrar	0	3
chhat gay	0	3
chicas chateando	0	3
chicas para hablar de sexo	0	3
chicas trans gratis	0	3
chsr hot	0	3
chsr porno	0	3
chst gay bogotá	0	3
chst les	0	3
chst lesbico	0	3
chst porn	0	3
chst seco	0	3
chta libre	0	3
chta trans	0	3
chtat porno	0	3
chwt porno	0	3
chát gay	0	3
cita sexo	0	3
citas barquisimeto	0	3
citas hot gratis	0	3
cjat erotico	0	3
cjat sex	0	3
cjatfriends	0	3
club chatear	0	3
con chicas	0	3
coneras telegran	0	3
conocer chicas para sexo	0	3
conocer chicas por chat	0	3
conocer gebte	0	3
conocer gente nueva gratis	0	3
conocer mujeres para tener sexo	0	3
conocer personas en vivo	0	3
contactar con gente gratis	0	3
contacto con hombres	0	3
contacto de trans	0	3
contactos chicos gay	0	3
contactos gratis por whatsapp	0	3
contactos hombres	0	3
contactos sexo	0	3
conversaciones de cornudos	0	3
conversaciones hot whatsapp	0	3
conversar con mujeres gratis	0	3
cornudos gratis	0	3
costumbres en venezuela	0	3
crear sala de chat gratis	0	3
cuckoldchat	0	3
cvat gay	0	3
dale chat 50	0	3
dale chat cornudos	0	3
dale chat hot	0	3
dale chat mas de 50	0	3
dale chat mas de 60	0	3
donde puedo chatear gratis	0	3
educadores con su gente chat	0	3
el chat bolivia	0	3
el chat de la television	0	3
el chat de sevilla	0	3
el chat españa	0	3
el chat gratis en español	0	3
el chat mendoza	0	3
el chat sexo	0	3
el chat zacatecas	0	3
el chatea	0	3
elchat usa	0	3
encontrar pareja	0	3
encuentros +18	0	3
encuentros casuales caracas	0	3
encuentros casuales gay	0	3
entrar en el chat gratis	0	3
freski chat mas de 40	0	3
gay busca pareja	0	3
gay cerca	0	3
gay chat c	0	3
gay chat en vivo	0	3
gay chats gratis	0	3
gay merida telegram	0	3
gay venezuela whatsapp	0	3
gay.net	0	3
gaycruising chat	0	3
gchat gay	0	3
gebte chat	0	3
gemte chat	0	3
gente c h at	0	3
gentechar	0	3
gentechat sexo	0	3
gentechay	0	3
grupo gay caracas telegram	0	3
grupo para conocer gente	0	3
grupo para conocer personas	0	3
grupos de citas	0	3
grupos de encuentros	0	3
grupos de telegram de venezolanas	0	3
grupos de whatsapp gays venezuela	0	3
grupos gay caracas telegram	0	3
grupos gays caracas	0	3
grupos gays venezuela	0	3
guys desnudos para chatear	0	3
hablar con chicas trans	0	3
hablar con chicos gratis	0	3
hablar con gays online	0	3
hablar con personas en linea	0	3
hente chat	0	3
hispano chats	0	3
hombre chat	0	3
hot chat gay	0	3
https://roulette.chat/	0	3
irc sohbet	0	3
latin chan	0	3
latin chat medellin	0	3
latin chat telegram	0	3
latincat	0	3
latinch	0	3
latinchat panama	0	3
latinchta	0	3
layinchat	0	3
les chat gratis	0	3
lesbianas cam	0	3
liga chat	0	3
linea chat	0	3
live chat mujeres gratis	0	3
llamadas calientes gratis	0	3
llamadas gay hot	0	3
llamda gay	0	3
llamda hot gay	0	3
locanto gay caracas	0	3
maduras whatsapp	0	3
maduros chat	0	3
mejor chat gay	0	3
mensajear con mujeres	0	3
mensajes con mujeres gratis	0	3
movil latinchat	0	3
mujeres maduras conocer	0	3
mujeres maracay	0	3
mujeres venezolanas solteras buscando pareja	0	3
mujeres viciosas gratis	0	3
mundochat	0	3
mychattv	0	3
numero de mujeres	0	3
numeros de whatsapp de chicas	0	3
número de chicas	0	3
números de travesti	0	3
números de whatsapp para conversar con mujeres	0	3
omegle para ligar	0	3
omegle tlg	0	3
omegle tv gratis	0	3
pagina chat	0	3
pagina chat gratis	0	3
pagina de chicas	0	3
pagina de conocer gente gratis	0	3
pagina de mujeres	0	3
pagina lesbiana	0	3
pagina para chatear con mujeres gratis	0	3
pagina para conocer mujeres mayores gratis	0	3
pagina para conocer personas gratis	0	3
pagina para conversar con personas	0	3
pagina para encuentros gay	0	3
paginas chat hot	0	3
paginas de hombres gay	0	3
paginas de mujeres	0	3
paginas de mujeres en linea	0	3
paginas gratis para conocer gente	0	3
paginas para chat en linea	0	3
paginas para chatear gratis sin registro	0	3
paginas para cojer	0	3
paginas para conocer amigos gratis	0	3
paginas para conocer gente gratis	0	3
paginas para conocer mujeres maduras	0	3
paginas para encontrar pareja gratis	0	3
paginas para hablar con lesbianas	0	3
paginas para videollamadas calientes	0	3
paginas web para hablar con personas	0	3
pajinas gay	0	3
para chatear con chicas gratis	0	3
pareja en venezuela	0	3
parejas liberales chat	0	3
phorno chat	0	3
pormo chat	0	3
porno chast	0	3
porno chet	0	3
porno vhat	0	3
prepago guanare	0	3
privr chat gay	0	3
página para conocer mujeres	0	3
páginas de gays	0	3
que paso con latinchat	0	3
quiero chat mas de 50	0	3
quiero chatear con chicas	0	3
radio chat	0	3
roulette chat gratis	0	3
roulette chat roulette	0	3
roulette chatroulette	0	3
sadochat	0	3
sadocontactos	0	3
sala chat gay colombia	0	3
sala chat online	0	3
sala de chat internacional	0	3
sala de chat libre	0	3
sala de chat valencia	0	3
sala de xhat	0	3
salas chat cam	0	3
salas chat gay bogota	0	3
salas de chat gays	0	3
salas de chat gratis sin registro	0	3
salas de chat gratuito	0	3
salas de chat gratuitos	0	3
salas de chay	0	3
salas dw chat	0	3
scort gay caracas	0	3
script chat gay	0	3
sec chat	0	3
servicios gay	0	3
sex chatro	0	3
sex vhat	0	3
sexi chat	0	3
sexo barquisimeto	0	3
sexo en caracas	0	3
sexo gay en merida	0	3
sexo venezuela	0	3
singles venezuela	0	3
sitas gey	0	3
sitio gay	0	3
sitio para chatear	0	3
sitios chatear gratis	0	3
sitios de encuentro gay	0	3
sitios para chat hot	0	3
sitios web para chatear con mujeres gratis	0	3
skype de chicas	0	3
sla de chat	0	3
solteros chat	0	3
telegram caraqueñas	0	3
telegram encuentros venezuela	0	3
telegram gay chats	0	3
telegram porno caracas	0	3
terra chat mexico	0	3
terra chat sala ligar	0	3
terra com ve	0	3
terra es chat amigos	0	3
top chats gay	0	3
trans chat lines	0	3
trans chat xxx	0	3
trans encuentros	0	3
trans online	0	3
trans venezuela	0	3
transexual.net	0	3
travestis online	0	3
travstichat	0	3
una sala de chat	0	3
vchat hot	0	3
venezolanas +18 telegram	0	3
venezu3	0	3
venezuela chat hot	0	3
venezuelan webcam	0	3
vhat erotico	0	3
vhat libre	0	3
video chat con chicas	0	3
video chat de mujeres	0	3
video chat gsy	0	3
video chat lesbico	0	3
video chat sin censura	0	3
video chat sin registro gratis	0	3
video chat trans gratis	0	3
video chta gay	0	3
video cjat gay	0	3
video llamadas calientes gratis	0	3
video llamadas gay gratis	0	3
video xhat gay	0	3
videochat cristiano	0	3
videochat en vivo	0	3
videochat gay sin registro	0	3
videochat gratuito sin registro	0	3
videochat lesbianas	0	3
videollamada con chicos gay	0	3
videollamada con mujeres calientes gratis	0	3
videollamada gay hot	0	3
videollamada gratis online	0	3
videollamada online gratis sin registro	0	3
videollamadas con mujeres gratis online	0	3
videollamadas con mujeres gratis sin registro	0	3
videollamadas gay gratis	0	3
videollamadas sin registro	0	3
wasap caliente	0	3
web chat caliente	0	3
webcam chat gay	0	3
webcam venezolanas	0	3
webs para chatear	0	3
webs para hablar con gente	0	3
wwsado	0	3
www chat com gratis	0	3
www.elchat.com gratis	0	3
wwwchat	0	3
x x x chat	0	3
xat gratis sin registro	0	3
xatea cornudos	0	3
xhat gratis	0	3
xhat hor	0	3
xhat lesbianas	0	3
xhat sex	0	3
xxx chat lesbiana	0	3
xxx chts	0	3
xxx cjat	0	3
xxx hablar con chicas	0	3
chat 20	2	2
chat cornos	2	2
chat gay online sin registro	2	2
chat gay travestis	2	2
chat gratis gay en caracas	2	2
chat hot girl	2	2
chat hoy gay	2	2
chat tarvesti	2	2
chat trns	2	2
chat ttavesti	2	2
chat vebez	2	2
chat venezuela la gente habla	2	2
chatea con putas	2	2
chatear mas de 40	2	2
chats para conseguir pareja	2	2
chats para conversar online	2	2
chta gya	2	2
citas para sexo	2	2
citas sexo gratis	2	2
conoce mujeres gratis	2	2
conocer gente en linea gratis	2	2
gay caht	2	2
gay cam chat	2	2
gay chat a	2	2
gay xhat	2	2
grupos de whatsapp cornudos	2	2
latín chst	2	2
omegle azar	2	2
porno hablar con mujeres	2	2
red social porno de venezuela	2	2
sexo en vivo venezuela	2	2
shemale whatsapp	2	2
videochat latinas	2	2
videollamadas con extraños	2	2
videollamadas porno sin registro	2	2
azar chat	1	2
buscando hombres gay	1	2
busco gay homosexuales	1	2
caht cornudos	1	2
cam al azar gratis	1	2
cam gay chat	1	2
canalchat ecuador	1	2
chacaliente	1	2
char gay gratis	1	2
char libre	1	2
chat 18 gratis	1	2
chat al porno	1	2
chat anime gratis	1	2
chat calienhe	1	2
chat caliente.com	1	2
chat cam gratis	1	2
chat cam hot	1	2
chat candente	1	2
chat cirnudo	1	2
chat con camara online	1	2
chat con gay gratis	1	2
chat con madura	1	2
chat con mujeres cachondas gratis	1	2
chat con mujeres desconocidas	1	2
chat con mujeres sin registrarse	1	2
chat con otras personas	1	2
chat cornido	1	2
chat cristianos gratis sin registro	1	2
chat d esexo	1	2
chat de camara	1	2
chat de de sexo	1	2
chat de lesbianas xxx	1	2
chat de prostitutas	1	2
chat erotico en linea	1	2
chat foros	1	2
chat gag	1	2
chat gasy	1	2
chat gau gratis	1	2
chat gay con cam	1	2
chat gay gratis online	1	2
chat gay latinos	1	2
chat gay sexo gratis	1	2
chat gay sexual	1	2
chat gay whatsap	1	2
chat gayv	1	2
chat gentr	1	2
chat ggay	1	2
chat gratis gays	1	2
chat gratis sin registro con camara	1	2
chat hau	1	2
chat hispano zaragoza	1	2
chat hor online	1	2
chat hot 18+	1	2
chat hot con hombres	1	2
chat hot lésbico	1	2
chat hot roulete	1	2
chat internacional gratis	1	2
chat jhot	1	2
chat leabianas	1	2
chat lebianas	1	2
chat ledbianas	1	2
chat linea gratis	1	2
chat live gratis	1	2
chat mujeres reales	1	2
chat online gey	1	2
chat online gratis sin registro	1	2
chat online gratis venezuela	1	2
chat online lesbiana	1	2
chat orgias	1	2
chat para hablar con lesbianas	1	2
chat para sexo gay	1	2
chat porno gratis sin registro	1	2
chat prostituta	1	2
chat roleta	1	2
chat rulate	1	2
chat scort	1	2
chat seco gratis	1	2
chat sexo travestis	1	2
chat sexuak	1	2
chat solo chicas	1	2
chat swx	1	2
chat teans	1	2
chat terra.com	1	2
chat tranq	1	2
chat travest	1	2
chat video gratis online	1	2
chat video llamada gay	1	2
chat xornudo	1	2
chat y videollamada con mujeres gratis	1	2
chat. sexo	1	2
chat18	1	2
chata hots	1	2
chatea en línea	1	2
chatea gratis con chicas	1	2
chatea gratis hot	1	2
chatea gratis travestis	1	2
chatear con cam gratis	1	2
chatear con colombianas	1	2
chatear gratis gay xxx	1	2
chatear gratis y hacer amigos	1	2
chatear online gratis sin registrarse	1	2
chatroulet gratis	1	2
chatroulete en español	1	2
chatroulette video chat en español	1	2
chatrulete español	1	2
chats con gays	1	2
chats de parejas	1	2
chats gay telegram	1	2
chats online gay	1	2
chats sex gratis	1	2
chats sexo gay	1	2
chatt sex	1	2
chay en linea	1	2
chay gay xxx	1	2
chet de sexo	1	2
chicas contactos	1	2
chicas para sexo gratis	1	2
chico busca chico	1	2
chst gay xxx	1	2
chst latino	1	2
chsts xxx	1	2
chta sexual	1	2
chta xx	1	2
citas con transexuales	1	2
citas en caracas	1	2
cjat sin registro	1	2
cjatgay	1	2
conocer gente sexo	1	2
conocer mujeres adultas	1	2
conocer mujeres online	1	2
conocer personas xxx	1	2
conocer venezolanas en chile	1	2
contactos de trans	1	2
contactos en merida	1	2
conversaciones cornudos	1	2
cornjdo	1	2
cornudoschat	1	2
cyat hot	1	2
donde chatear con mujeres	1	2
encuentros mujeres	1	2
gay chatt	1	2
gay chta	1	2
gay men chat	1	2
gay messenger	1	2
gey chat	1	2
grupo gay chat	1	2
grupo gay maracaibo	1	2
grupo whatsapp gay	1	2
grupos de whatsapp de venezuela	1	2
grupos de whatsapp maracaibo	1	2
grupos gay whatsapp	1	2
grupos swinger venezuela	1	2
hablar con mujeres hot gratis	1	2
hablar con personas calientes	1	2
latincchat	1	2
lesbianas caracas	1	2
lesbianas chat hot	1	2
lesbianas para chatear	1	2
lesbianas prepago	1	2
ligues gay	1	2
live chat chicas	1	2
llamadas con chicas online	1	2
llamar a chicas	1	2
mujer en vivo gratis	1	2
mujeres de venezuela buscando pareja	1	2
mujeres solteras 40 años venezuela	1	2
mujeres solteras buscando pareja venezuela	1	2
numero de mujeres gratis	1	2
numero de putas gratis	1	2
numero travesti	1	2
numeros de whatsapp gay	1	2
número de gey	1	2
número de teléfono de mujeres p****	1	2
número de whatsapp de mujeres	1	2
números de mujeres whatsapp	1	2
ome tv gratis sin registro	1	2
omegle chat gratis sin registro	1	2
omegle méxico	1	2
omegle para adultos gay	1	2
online chat gratis	1	2
pagina para hablar de sexo	1	2
pagina transexual	1	2
paginas transexuales	1	2
porno chat whatsapp	1	2
porno número de whatsapp	1	2
páginas de chat en vivo gratis	1	2
páginas de citas en venezuela	1	2
páginas de gay	1	2
páginas para tener sexo	1	2
quiero hablar con personas	1	2
sala chat sexo	1	2
salad de chat	1	2
sexo cht	1	2
sexo contacto	1	2
sexo en linea	1	2
sexo en linea gay	1	2
sexo gratis chats	1	2
sexo por whatsapp gratis	1	2
sexo video chat	1	2
sexo xxx chat	1	2
sexochat gratis	1	2
sitios de chat gratis	1	2
sitios web para chatear	1	2
trans chats	1	2
transexuales encuentros	1	2
travesti gratis	1	2
valencia gay chat	1	2
venecas telegran	1	2
vhat jot	1	2
video chat con chicas gratis	1	2
video chat con mujeres gratis sin registro	1	2
video chat en vivo con mujeres	1	2
video chat sin registros	1	2
video chat transexual	1	2
video llamada gay gratis	1	2
video llamada sin registro	1	2
video llamadas gratis	1	2
videochat amigos	1	2
videochat calientes	1	2
videochat hot caliente	1	2
videochat hot gratis	1	2
videochat latina	1	2
videochats gratis sin registro	1	2
videollamada con mujeres gratis calientes	1	2
videollamadas con mujeres calientes gratis	1	2
videollamadas gratis con mujeres	1	2
viedo chat gay	1	2
whatsapp de chicos gay	1	2
whatsapp de mujeres calientes	1	2
whatsapp para chatear con mujeres	1	2
zona gay web	1	2
1v1 chat video call gratis	0	2
algun chat bueno	0	2
alguna pagina para chatear	0	2
almeria chat	0	2
alternativa chat terra	0	2
amigas chat	0	2
amigas por internet	0	2
amigo para chatear	0	2
amigos en linea gratis	0	2
amigos gay	0	2
amigos on line	0	2
amigos online para conversar	0	2
amistad ligar	0	2
amor en linia	0	2
aplicaciones para hablar con chicas calientes	0	2
aplicación para chatear con mujeres gratis	0	2
app para conocer personas en venezuela	0	2
apps para videollamadas con extraños	0	2
aprender a chatear gratis	0	2
atrio chat.	0	2
barquisimeto xxx telegram	0	2
barranquilla chat	0	2
bdsm chats	0	2
bdsm venezuela	0	2
blat chat	0	2
bsdm chat	0	2
busca gay	0	2
buscar amigas para chatear	0	2
buscar chicas	0	2
buscar mujeres para chatear	0	2
buscar novio	0	2
buscar pareja	0	2
busco amigos de 50 a 60 años	0	2
busco amigos extranjeros que hablen español gratis	0	2
busco amigos gay	0	2
busco amigos para salir	0	2
busco amistad	0	2
busco novia chat	0	2
busco novio whatsapp	0	2
busco pareja	0	2
busco pareja gay	0	2
busco travestis	0	2
cahat caliente	0	2
caht sex	0	2
caht sexual	0	2
cajt got	0	2
cale chat	0	2
cali cali chat	0	2
cali es cali sala de chat	0	2
caliente en linea	0	2
canal chat lesbianas	0	2
canal chat murcia	0	2
canal chat org	0	2
canal chat trujillo	0	2
canal shemale	0	2
canal trasvesti	0	2
canal travestis	0	2
canal xhat	0	2
canalchat.org	0	2
canales de chat	0	2
canales de lesbianas	0	2
cantv cati	0	2
cantv mensajes	0	2
cantv venezuela	0	2
caracas porno telegram	0	2
caracol chat	0	2
casa de citas conocer mujeres	0	2
casadas gratis	0	2
cat gay	0	2
cchat hot	0	2
cchat sexo	0	2
cgateagratis	0	2
cha en linea	0	2
cha gratis	0	2
cha terra	0	2
cha tv	0	2
chaat hot	0	2
chaat sexo	0	2
chad de amigos	0	2
chag hot	0	2
chag xxx	0	2
chanty tv	0	2
chaot hot	0	2
chap sexo	0	2
char de lesbianas	0	2
char gau	0	2
char gay bogota	0	2
char net	0	2
char sexo gratis	0	2
charlar con gente	0	2
charlas chat	0	2
charlas con mujeres	0	2
charolet chat	0	2
chart sexo	0	2
chast sex	0	2
chat	0	2
chat + 18	0	2
chat +18 hot	0	2
chat 12 años	0	2
chat 13 a 18	0	2
chat 13 años	0	2
chat 18 +	0	2
chat 50 60 gratis	0	2
chat 60 y mas	0	2
chat adole	0	2
chat adolescentes de 12 a 15 años	0	2
chat adukto	0	2
chat adulto porno	0	2
chat adultos hot	0	2
chat adultos xxx	0	2
chat aleatorio en vivo	0	2
chat alicante geomundos	0	2
chat amas y sumisos	0	2
chat amateur	0	2
chat amigas gratis	0	2
chat amigo gratis	0	2
chat amistad mas de 50	0	2
chat amistad whatsapp	0	2
chat amistad.	0	2
chat amsitad	0	2
chat anoniml	0	2
chat anonimo aleatorio	0	2
chat anonimo de sexo	0	2
chat anonimo lesbianas	0	2
chat anonimo online	0	2
chat anonimo sex	0	2
chat atrevido	0	2
chat barranquilla gratis	0	2
chat bate	0	2
chat bgta gy	0	2
chat blat blat	0	2
chat bogita gay	0	2
chat brasil.top	0	2
chat brasilia	0	2
chat brsil top	0	2
chat caiente	0	2
chat cal	0	2
chat calencia	0	2
chat cali colombia	0	2
chat cali es cali ambiente	0	2
chat cali gratis	0	2
chat cali lesbianas	0	2
chat calie	0	2
chat calienge	0	2
chat calienta	0	2
chat calientd	0	2
chat caliente colombia	0	2
chat caliente dale	0	2
chat caliente dale chat	0	2
chat caliente en español	0	2
chat caliente sexo	0	2
chat caliete	0	2
chat calinete	0	2
chat cam gratis sin registrarse	0	2
chat can gay	0	2
chat canalchat	0	2
chat canarias	0	2
chat casadas infieles	0	2
chat casados españa	0	2
chat cay	0	2
chat chat	0	2
chat chatea gratis net	0	2
chat chatear galicia	0	2
chat chatroulette	0	2
chat chicas online	0	2
chat chicas whatsapp	0	2
chat chicos	0	2
chat club	0	2
chat coenudo	0	2
chat colombianas	0	2
chat com chicas	0	2
chat com trans	0	2
chat con alguien	0	2
chat con camara gratis y sin registro	0	2
chat con desconocidos gratis	0	2
chat con maduro	0	2
chat con mayores de 60	0	2
chat con mujeres de 40 a 45 años	0	2
chat con mujeres solteras sin registrarse	0	2
chat con niños de 12	0	2
chat con pasivos	0	2
chat con prostituta	0	2
chat con putas xxx	0	2
chat con viejas gratis	0	2
chat con web cam gratis	0	2
chat con webcam gratis y sin registro	0	2
chat con xxx	0	2
chat conocer chicas	0	2
chat conocer mujeres	0	2
chat conudos	0	2
chat cornudos colombia	0	2
chat cornudos irc	0	2
chat cornudos linea erotica	0	2
chat cornudos mexico	0	2
chat cornudos usuarios	0	2
chat cristiano chile	0	2
chat cristiano colombia	0	2
chat cristiano españa sin registro	0	2
chat cristiano gente	0	2
chat cristiano sin registro	0	2
chat cristiano whatsapp	0	2
chat crossdresser	0	2
chat cubana	0	2
chat cucuta gratis	0	2
chat de almería	0	2
chat de amigos en español	0	2
chat de amistades	0	2
chat de cataluña	0	2
chat de chatsfriends	0	2
chat de chicas en vivo	0	2
chat de chile gay	0	2
chat de colombia gratis	0	2
chat de colombianos	0	2
chat de conocer gente	0	2
chat de gratis	0	2
chat de lesbianaa	0	2
chat de lesbianas colombia	0	2
chat de los adolescentes	0	2
chat de los angeles	0	2
chat de lésbicas	0	2
chat de madres solteras	0	2
chat de mendoza	0	2
chat de menores	0	2
chat de ozu	0	2
chat de parejas en whatsapp	0	2
chat de personas	0	2
chat de sevilla	0	2
chat de sexk	0	2
chat de sexo caliente	0	2
chat de sexo cornudos	0	2
chat de sexo privado	0	2
chat de sexos	0	2
chat de sexp	0	2
chat de sez	0	2
chat de swxo gratis	0	2
chat de sx	0	2
chat de tarot gratis	0	2
chat de terra sin registro	0	2
chat de video gay	0	2
chat de videos gay	0	2
chat de viejos	0	2
chat de whatsapp sexo	0	2
chat de xexo	0	2
chat de zexo	0	2
chat decente	0	2
chat del chat	0	2
chat distrito capital	0	2
chat divertido	0	2
chat dominacion	0	2
chat el chat gratis	0	2
chat el net	0	2
chat elchat.net	0	2
chat elrincon	0	2
chat en bogota gay gratis	0	2
chat en libea	0	2
chat en linea amigos	0	2
chat en linea con mujeres gratis	0	2
chat en linea en vivo	0	2
chat en linea sex	0	2
chat en linea.	0	2
chat en lunea	0	2
chat en línea gratis todo el mundo	0	2
chat en skype	0	2
chat en vivo con mujeres gratis	0	2
chat en vivo gratis adultos	0	2
chat en ñinea	0	2
chat encuentros gratis	0	2
chat entre primos	0	2
chat erotico amateur	0	2
chat erotico anonimo	0	2
chat erotico gratuito	0	2
chat eróticas	0	2
chat erótico xxx	0	2
chat estados unidos más de 50	0	2
chat evangelico gratis	0	2
chat evangelicos	0	2
chat facil	0	2
chat femenino	0	2
chat filtrado xxx	0	2
chat filtrados xxx	0	2
chat follar	0	2
chat fri	0	2
chat friend sexo	0	2
chat friens gay	0	2
chat gais	0	2
chat gay .	0	2
chat gay 1	0	2
chat gay barrancabermeja	0	2
chat gay bogotá terra	0	2
chat gay bolivia	0	2
chat gay call	0	2
chat gay can	0	2
chat gay cap	0	2
chat gay con foto	0	2
chat gay crussing	0	2
chat gay encuentros	0	2
chat gay f	0	2
chat gay fontibon	0	2
chat gay gdl	0	2
chat gay gratis español	0	2
chat gay gratis latino	0	2
chat gay gratuit	0	2
chat gay ibague	0	2
chat gay jovenes	0	2
chat gay latinoamericano	0	2
chat gay llamada	0	2
chat gay manizales	0	2
chat gay medellin	0	2
chat gay merida yucatan	0	2
chat gay morbo	0	2
chat gay plasencia	0	2
chat gay rancagua	0	2
chat gay real	0	2
chat gay roulette	0	2
chat gay salas	0	2
chat gay seco	0	2
chat gay sin re	0	2
chat gay sin registro bogota	0	2
chat gay soacha	0	2
chat gay texcoco	0	2
chat gay travesti	0	2
chat gay tunja	0	2
chat gay tv	0	2
chat gay valenci	0	2
chat gay valencia españa	0	2
chat gay y	0	2
chat gay zona	0	2
chat gays whatsapp	0	2
chat gente liberal	0	2
chat gey chile	0	2
chat girardot	0	2
chat global	0	2
chat gra	0	2
chat gratis +18	0	2
chat gratis .net	0	2
chat gratis calientes	0	2
chat gratis caracol	0	2
chat gratis con gente	0	2
chat gratis de amistad	0	2
chat gratis en	0	2
chat gratis en cali	0	2
chat gratis en espanol	0	2
chat gratis en terra	0	2
chat gratis espanol	0	2
chat gratis españa	0	2
chat gratis españa sin registro	0	2
chat gratis español	0	2
chat gratis friends	0	2
chat gratis guadalajara	0	2
chat gratis mas de 40	0	2
chat gratis más de 50	0	2
chat gratis on line	0	2
chat gratis sin registro con mujeres	0	2
chat gratis trasvestis	0	2
chat gratis valencia	0	2
chat gratis webcam	0	2
chat gratis y sin registrarse	0	2
chat gratis.	0	2
chat grats	0	2
chat gratuita gay	0	2
chat guarras	0	2
chat gya online	0	2
chat hablar	0	2
chat hay gratis	0	2
chat hetero	0	2
chat hispano gratis	0	2
chat hispano toledo	0	2
chat hispano valencia	0	2
chat hit gay	0	2
chat hort	0	2
chat horñt	0	2
chat hot adultos	0	2
chat hot com	0	2
chat hot con chicas gratis	0	2
chat hot gau	0	2
chat hot gay online	0	2
chat hot gratis.	0	2
chat hot hombres	0	2
chat hot jovenes	0	2
chat hot libre	0	2
chat hot messenger	0	2
chat hot on line	0	2
chat hot te atreves	0	2
chat hot virtual	0	2
chat hoyñt	0	2
chat ille	0	2
chat internet	0	2
chat irc hispano	0	2
chat larino	0	2
chat latin peru	0	2
chat les peru	0	2
chat les_maduras	0	2
chat lesbiana sexo	0	2
chat lesbianaas	0	2
chat lesbianas maduras	0	2
chat lesbianas medellin	0	2
chat lesbianas valencia	0	2
chat lesbianas.net	0	2
chat lesbina	0	2
chat lesbuanas	0	2
chat lescontactos	0	2
chat lesmaduras	0	2
chat libte	0	2
chat ligar whatsapp	0	2
chat live trans	0	2
chat logar	0	2
chat los 40 principales	0	2
chat línea	0	2
chat madrid kiwi	0	2
chat maduras valencia	0	2
chat maduro gay	0	2
chat malaga ligar	0	2
chat malaga movil	0	2
chat martos	0	2
chat mas de 50 gratis	0	2
chat mature gratis	0	2
chat mazmorra chateagratis	0	2
chat mazmorra zona	0	2
chat morbo xxx	0	2
chat movi	0	2
chat movil gratis	0	2
chat mujere	0	2
chat murcia hispano	0	2
chat málaga ligar	0	2
chat más de 50 y 60 españa	0	2
chat móvil	0	2
chat móvil gratis	0	2
chat net sexo	0	2
chat niños 12	0	2
chat niños de 13	0	2
chat nqn	0	2
chat oara hablar	0	2
chat oirno	0	2
chat ol	0	2
chat onile	0	2
chat online adulto	0	2
chat online citas	0	2
chat online con mujeres solteras	0	2
chat online gratis hot	0	2
chat online hot gratis	0	2
chat online para conocer gente	0	2
chat online sin registrarse	0	2
chat online video	0	2
chat online xxx gratis	0	2
chat osos gay	0	2
chat ozu amistad	0	2
chat pa	0	2
chat para adolescentes de 12 a 15	0	2
chat para adolescentes de 14 a 16	0	2
chat para adultos en vivo	0	2
chat para casados gratis	0	2
chat para conocer a gente	0	2
chat para conocer chicas gratis	0	2
chat para conocer extranjeros	0	2
chat para conocer parejas	0	2
chat para conseguir amigos	0	2
chat para culiar	0	2
chat para gorditas	0	2
chat para hablar con chicos	0	2
chat para hablar xxx	0	2
chat para hacer amistad	0	2
chat para hacer amistades	0	2
chat para lesvianas	0	2
chat para platicar	0	2
chat para platicar con gente	0	2
chat piura	0	2
chat pofno	0	2
chat ponro	0	2
chat por camara gratis	0	2
chat por edades	0	2
chat por skype	0	2
chat por whatsapp gratis	0	2
chat por.o	0	2
chat porno hot	0	2
chat porno lesbico	0	2
chat porno privado	0	2
chat priv	0	2
chat prostitutas	0	2
chat puerto cruz	0	2
chat ramdom gay	0	2
chat real xxx	0	2
chat reynosa	0	2
chat room gay	0	2
chat room hot	0	2
chat roulet	0	2
chat roulette espana	0	2
chat roulette us	0	2
chat rrotico	0	2
chat rulet gratis	0	2
chat ruleta gratis	0	2
chat rulete	0	2
chat rumba	0	2
chat sado gratis	0	2
chat salou	0	2
chat san	0	2
chat san fernando	0	2
chat se o	0	2
chat seexo	0	2
chat seox	0	2
chat seso	0	2
chat sev	0	2
chat sex.	0	2
chat sex9	0	2
chat sexk	0	2
chat sexo caliente	0	2
chat sexo cornudo	0	2
chat sexo fácil	0	2
chat sexo geatis	0	2
chat sexo grtis	0	2
chat sexo hispano	0	2
chat sexo lesbiana	0	2
chat sexo sin registro	0	2
chat sexo travesti	0	2
chat sexual anónimo	0	2
chat sexual mujeres	0	2
chat sexual online	0	2
chat sexuall	0	2
chat sexx	0	2
chat sexy gay	0	2
chat sez	0	2
chat sin baneo	0	2
chat sin regiatro	0	2
chat sin registro 1v1 fre	0	2
chat sin registro con mujeres	0	2
chat sin registro hot	0	2
chat sin registro terra	0	2
chat sin registro y gratis	0	2
chat sin registto	0	2
chat sincelejo	0	2
chat sitas	0	2
chat skype	0	2
chat skype online	0	2
chat swinger online	0	2
chat swzo	0	2
chat teavestis	0	2
chat terra amistad	0	2
chat terra barcelona alternativo	0	2
chat terra soria	0	2
chat tierra gratis	0	2
chat trans sex	0	2
chat transexuales gratis	0	2
chat trasn	0	2
chat travestie	0	2
chat travesties	0	2
chat travestis colombia	0	2
chat travestis net	0	2
chat v 48	0	2
chat v region	0	2
chat valencia org	0	2
chat valle	0	2
chat venezia	0	2
chat vidente	0	2
chat video	0	2
chat vrasil top	0	2
chat web gay gratis	0	2
chat webcam online	0	2
chat whatsapp caliente	0	2
chat whatsapp lesbianas	0	2
chat whatsapp sexo	0	2
chat xalienre	0	2
chat xxx con mujeres	0	2
chat xxx sexo	0	2
chat y amistad	0	2
chat y tv en vivo	0	2
chat zapopan	0	2
chat zaragoza gratis	0	2
chat zina	0	2
chat zona.	0	2
chat-net	0	2
chat. elchat. net	0	2
chat. porno	0	2
chat.ate	0	2
chat.con	0	2
chat.cornudos	0	2
chat.el chat	0	2
chat.xxx	0	2
chat30	0	2
chat48	0	2
chatamizades net	0	2
chatandalucia	0	2
chatarf	0	2
chatave	0	2
chatave les	0	2
chatbogota gay	0	2
chatbrasil top	0	2
chatcasadas	0	2
chatchileno	0	2
chatd e sexo	0	2
chatde	0	2
chatdelmumdo	0	2
chate chate	0	2
chatea con amigos	0	2
chatea con lesbianas	0	2
chatea con personas	0	2
chatea grat	0	2
chatea gratid	0	2
chatea gratis galicia	0	2
chatea gratis.	0	2
chatea gratis. net	0	2
chatea gratis.com	0	2
chatea gratos	0	2
chatea gratus	0	2
chatea hratis	0	2
chatea.com	0	2
chatea.net	0	2
chateachay	0	2
chateafriends	0	2
chateageatis	0	2
chateagfatis	0	2
chateagratis españa	0	2
chateagratis net amistad	0	2
chateagratis net mazmorra	0	2
chateagratis net salas	0	2
chateagratis net sexo	0	2
chateagratis sexo	0	2
chateagratis travestis	0	2
chateagratis-net	0	2
chateagratis.	0	2
chateagratis.jet	0	2
chateagratis.net murcia	0	2
chateagratis.nrt	0	2
chateagrats	0	2
chateagtatis	0	2
chateahrstis	0	2
chateame gay	0	2
chatear amigas	0	2
chatear amigos gratis	0	2
chatear amistades	0	2
chatear con amigos online	0	2
chatear con chicas gratis sin registro	0	2
chatear con españoles	0	2
chatear con extranjeros	0	2
chatear con gente de colombia	0	2
chatear con gente de españa	0	2
chatear con jente	0	2
chatear con mujeres hermosas	0	2
chatear con mujeres sin registrarse	0	2
chatear con mujeres trans	0	2
chatear con parejas	0	2
chatear con personas cerca de mi	0	2
chatear con trans gratis	0	2
chatear cratis	0	2
chatear en cali	0	2
chatear en espanol	0	2
chatear en linea con mujeres solteras gratis	0	2
chatear en línea gratis	0	2
chatear g	0	2
chatear gratis adolescentes	0	2
chatear gratis ahora	0	2
chatear gratis amistad	0	2
chatear gratis con chicos	0	2
chatear gratis con un vidente	0	2
chatear gratis en español	0	2
chatear gratis gays	0	2
chatear gratis mas 50	0	2
chatear gratis mazmorra	0	2
chatear gratis murcia	0	2
chatear gratis salas	0	2
chatear gratis sin registrar	0	2
chatear irc	0	2
chatear mujeres gratis	0	2
chatear ozu	0	2
chatear roulette	0	2
chatear travestis	0	2
chatear tv	0	2
chateargratis.net	0	2
chatega	0	2
chateo gratis	0	2
chaterótico	0	2
chatesgratis	0	2
chatfirends	0	2
chatfriend	0	2
chatfriends mazmorra	0	2
chatfriends.com	0	2
chatgay kiwi	0	2
chatgay telegram	0	2
chatgay.cl	0	2
chatgaycam	0	2
chatgayfli	0	2
chatgraris	0	2
chatgratis caracas	0	2
chatgratis sexo	0	2
chatgratisvenezuela	0	2
chatgya	0	2
chathot online	0	2
chati tv gratis	0	2
chatibre	0	2
chaticq	0	2
chatitv	0	2
chatiw español	0	2
chatlatinos	0	2
chato de sexo	0	2
chato gay	0	2
chato hpt	0	2
chato sexo	0	2
chato venezuela	0	2
chato xxx	0	2
chatonline gratis	0	2
chatonline hot	0	2
chatpolis	0	2
chatrolette	0	2
chatrouleete	0	2
chatrouletegay	0	2
chatroulette 1v1	0	2
chatroulette aleatorio	0	2
chatroulette ga	0	2
chatroulette international	0	2
chatroulette mexico	0	2
chatroulette roulette	0	2
chatroulette spagna	0	2
chatroulette web	0	2
chatroulette world	0	2
chatroulette ç	0	2
chatrouletteespañol	0	2
chatroullette	0	2
chatroulotte españa	0	2
chatruletw	0	2
chats 18	0	2
chats abiertos	0	2
chats adulto	0	2
chats alicante	0	2
chats anonimos gay	0	2
chats barranquilla	0	2
chats calientes sin registro	0	2
chats chatear	0	2
chats con chicas xxx	0	2
chats con mujeres cachondas	0	2
chats cxx	0	2
chats de chicas	0	2
chats de pareja	0	2
chats de sexo xxx	0	2
chats de whatsapp calientes	0	2
chats en medellin	0	2
chats gat	0	2
chats gay en vivo	0	2
chats gays porno	0	2
chats gratis en linea	0	2
chats hotd	0	2
chats jovenes	0	2
chats latino	0	2
chats latinos	0	2
chats lesbiana	0	2
chats mayores de 50	0	2
chats mundiales	0	2
chats o chat	0	2
chats online para jovenes	0	2
chats online porno	0	2
chats para amistad	0	2
chats para buscar pareja	0	2
chats para hablar con chicas	0	2
chats para hacer amigos	0	2
chats picantes	0	2
chats por	0	2
chats porni	0	2
chats porno gay	0	2
chats porno.	0	2
chats salas	0	2
chats sevilla	0	2
chats+18	0	2
chatsexo gay	0	2
chatsfrirnds	0	2
chatsgay	0	2
chatsin registro	0	2
chatt en linea	0	2
chatt online	0	2
chattrolet	0	2
chattroulete	0	2
chattt xxx	0	2
chatv gratis	0	2
chatvalencia	0	2
chatvideo sin registro	0	2
chatwit	0	2
chatxaliente	0	2
chaty gay	0	2
chatzona españa	0	2
chatzona sexo	0	2
chay tv	0	2
chica whatsapp gratis sin registro	0	2
chicas calientes whatsapp	0	2
chicas caracas	0	2
chicas chat whatsapp	0	2
chicas en linia	0	2
chicas en vivo online	0	2
chicas hot en linea	0	2
chicas on line	0	2
chicas para chat	0	2
chicas para conversar	0	2
chicas privado	0	2
chicas venezolanas buscando pareja en españa	0	2
chicos chat	0	2
chicos gay valencia	0	2
chile chat gay	0	2
chqt de sexo	0	2
chqt sexo	0	2
chst amistad	0	2
chst cornudo	0	2
chst gay online	0	2
chst grátis	0	2
chst ho	0	2
chst hot.	0	2
chst hoy	0	2
chst sexy	0	2
chst zona	0	2
chstcaliente	0	2
chstea gratis	0	2
chsteagrstis	0	2
chstnet	0	2
chstsfriends	0	2
cht sex	0	2
cht sexual	0	2
chta +18	0	2
chta gratis	0	2
chta hor	0	2
chta hoy	0	2
chta sex	0	2
chtas xxx	0	2
chwt sexo	0	2
chya gay	0	2
chát gratis	0	2
citas con chicas trans	0	2
citas con gays	0	2
citas con hombres gays	0	2
citas con mujeres mayores de 50 años gratis	0	2
citas con mujeres mayores gratis	0	2
citas en barquisimeto	0	2
citas en maracaibo	0	2
citas en maracay	0	2
citas en telegram venezuela	0	2
citas homosexuales	0	2
citas maracaibo	0	2
citas puerto ordaz	0	2
citas seco	0	2
citas sexuales en caracas	0	2
citasgays	0	2
cjat gratis	0	2
cjatea gratis	0	2
cjay hot	0	2
cjst hot	0	2
club de amistad	0	2
cobtactossex	0	2
como chatear gratis con mujeres	0	2
conoce personas online	0	2
conocer amigos cerca de mi	0	2
conocer amigos en el chat	0	2
conocer amigos online	0	2
conocer amigos por el chat	0	2
conocer chicas gratis sin pagar	0	2
conocer chicas gratis sin registrarse	0	2
conocer extranjeros	0	2
conocer gente en internet	0	2
conocer gente messenger	0	2
conocer gente para chatear	0	2
conocer gente sin registrarse	0	2
conocer hombres activos	0	2
conocer mujeres en linea gratis	0	2
conocer mujeres hot	0	2
conocer señoras mayores	0	2
conocer venezolanas en españa	0	2
contactar travestis	0	2
contacto de mujeres	0	2
contacto de mujeres maduras	0	2
contacto de transexuales	0	2
contacto gays	0	2
contacto sex.	0	2
contacto transexuales	0	2
contactos calientes	0	2
contactos con mujeres	0	2
contactos gay valencia	0	2
contactos lesbianas	0	2
contactos mujeres	0	2
contactos mujeres maduras	0	2
contactos ssex	0	2
conversar con gente	0	2
conversar con hombres en chat en linea	0	2
cornudo venezolano	0	2
costumbre de venezuela	0	2
cotas gay	0	2
cruising en caracas	0	2
cuckhold chat	0	2
cuckold chats	0	2
cuxkold chat	0	2
dale chat cristiano	0	2
dale chat gay	0	2
dale chat gratis	0	2
dale chatea venezuela	0	2
dalechat caliente venezuela	0	2
dalechat venezuelahot	0	2
dalechatea venezuela hot	0	2
dating venezuela	0	2
devenez chat	0	2
dexo chat	0	2
donde hablar con mujeres	0	2
e l chat	0	2
e-chat	0	2
el chat com chat	0	2
el chat cubano gratis	0	2
el chat friends	0	2
el chat los angeles	0	2
el chat movil html5	0	2
el chat para chatear	0	2
el chat terra	0	2
el chat trujillo	0	2
el chat.com chat	0	2
el chat.com gratis	0	2
el chatdelatele	0	2
el mejor chat español	0	2
elchap	0	2
elchat com elchat	0	2
elchat guatemala	0	2
elchat net html	0	2
elchatelchat	0	2
elcht	0	2
elcjat	0	2
encuentro hot	0	2
encuentros en caracas	0	2
encuentros gey	0	2
encuentros sexo	0	2
entrar en sala de chat	0	2
ero chat	0	2
es mas chat	0	2
española chatroulette	0	2
estrischat	0	2
falcon chat	0	2
fiestas populares de venezuela	0	2
foros online chat	0	2
foros para chatear	0	2
foros para hablar con gente	0	2
free gay chat online	0	2
gay chat chile	0	2
gay chat fli	0	2
gay chat web	0	2
gay chat whatsapp	0	2
gay chat xx	0	2
gay chile chat	0	2
gay chst online	0	2
gay cita	0	2
gay gr chat	0	2
gay hat	0	2
gay hot chat	0	2
gay online chat	0	2
gay venezolano	0	2
gaychat chile	0	2
gays cerca de mi	0	2
gays en merida	0	2
gays web	0	2
gente chat gratis	0	2
gente chat.	0	2
gey en vivo	0	2
grnte chat	0	2
grupo de telegram para conocer mujeres venezuela	0	2
grupo de telegram venezolanas xxx	0	2
grupo de whatsapp venezuela	0	2
grupo gay whatsapp	0	2
grupo porno venezuela	0	2
grupo trans chat	0	2
grupos de chat online	0	2
grupos de encuentros sexuales	0	2
grupos de telegram caracas gay	0	2
grupos de telegram gorditas	0	2
grupos de venezuela	0	2
grupos de whatsapp gay bogota	0	2
grupos de whatsapp maracay	0	2
grupos de whatsapp para conocer gente	0	2
grupos gay chat	0	2
grupos para conseguir pareja whatsapp	0	2
grupos para tener sexo	0	2
grupos porno whatsapp venezuela	0	2
grupos whatsapp venezuela	0	2
gsy chat	0	2
habla con chicas online	0	2
habla con gays	0	2
hablar con chicas gratis sin registro	0	2
hablar con chicos de 14 años	0	2
hablar con desconocidos por chat	0	2
hablar con gente en linea	0	2
hablar con maduros	0	2
hablar con mujeres gratis sin registro	0	2
hablar gay	0	2
hablar hot por internet	0	2
hablar mujeres	0	2
hat caliente	0	2
hombre busca hombre barinas	0	2
hombres buscando hombre	0	2
hot chat room	0	2
hot gay chat	0	2
hot venezuela	0	2
hoteles gay en caracas	0	2
icq chat net	0	2
internet foro chat chat	0	2
irc chat	0	2
irc hispano	0	2
irc hispano chat	0	2
jovencitas venezolanas telegram	0	2
katinchat	0	2
la capital de chat	0	2
lacnchatv	0	2
larin chat	0	2
latibchat	0	2
latin caht	0	2
latin chat cucuta	0	2
latin chat lesbiana	0	2
latin chat terra	0	2
latin chat.	0	2
latin cht	0	2
latin chta	0	2
latinas buscando pareja	0	2
latincgat	0	2
latinchad	0	2
latinchat com	0	2
latinchat esoterico	0	2
latinchat kiwi	0	2
latinchat lesbiana	0	2
latinchat mas de 40	0	2
latinchat merida	0	2
latinchat movil	0	2
latinchat peru gratis	0	2
latinchat perú	0	2
latinchat puebla mexico	0	2
latinchat quiero	0	2
latinchatd	0	2
latinchats org	0	2
latinchqt	0	2
latincjat	0	2
latinschat org	0	2
les chat	0	2
lesbianas chat gratis	0	2
lesbianas chat xxx	0	2
lesbianas net	0	2
lesbianas pagina	0	2
lesbianas venezolanas	0	2
leschat	0	2
ligar con chicas gratis	0	2
ligar en chat	0	2
ligar sin registro	0	2
lima chat	0	2
limachat	0	2
live chat gay	0	2
llamada con mujeres sin registro	0	2
llamadas gratis venezuela	0	2
llamadas hot	0	2
llamadas online gay	0	2
los mejores chats para ligar	0	2
lqtin chat	0	2
lstinchst	0	2
madres solteras chat	0	2
maduras cam gratis	0	2
maduras chats	0	2
maduras en la web	0	2
maracaibo gay telegram	0	2
mas de 50	0	2
mazmorra chatcongente	0	2
mazmorras chat	0	2
mensajear con mujeres solteras gratis	0	2
mi chat latino	0	2
mi chat temuco	0	2
mi costa chat	0	2
mirc hispano	0	2
morbo entre amigos	0	2
morbo online	0	2
mujer chat	0	2
mujeres casadas gratis	0	2
mujeres contactos	0	2
mujeres de 40 años solteras buscando pareja gratis	0	2
mujeres en línea gratis sin registro	0	2
mujeres en san fernando	0	2
mujeres en vivo chat	0	2
mujeres hot gratis	0	2
mujeres mayores citas	0	2
mujeres sin registro	0	2
mujeres solteras buscando pareja gratis	0	2
mujeres solteras whatsapp	0	2
mujeres venezolanas buscando pareja en colombia	0	2
murcia chat	0	2
net chat gay	0	2
numero de chicas calientes	0	2
numero de travesti	0	2
numeros de chicas gratis	0	2
numeros de hombres gay	0	2
número de chicas calientes	0	2
número de gay de whatsapp	0	2
número de gays	0	2
número de mujeres p****	0	2
número de teléfono gay	0	2
número de travesti	0	2
número de whatsapp de chicas calientes	0	2
número de whatsapp gay	0	2
números de mujeres de whatsapp gratis	0	2
números de whatsapp de mujeres	0	2
omegle amor	0	2
omegle gratis gay	0	2
omegle para lesbianas	0	2
online chat gay	0	2
onlinegay	0	2
pagina de amistades	0	2
pagina de chats	0	2
pagina de conocer	0	2
pagina de lesbianas	0	2
pagina de transexuales	0	2
pagina de travesti	0	2
pagina para chat	0	2
pagina para chatear online	0	2
pagina para conocer chicas gratis	0	2
pagina para conocer mujeres	0	2
pagina para tener sexo gratis	0	2
pagina para ver chicas	0	2
pagina para ver mujeres online gratis	0	2
paginas de chat en linea	0	2
paginas de chat erotico	0	2
paginas de chats privados gratis	0	2
paginas de citas en caracas	0	2
paginas de citas hot	0	2
paginas de contactos de sexo	0	2
paginas de mujeres calientes	0	2
paginas de webcam chat	0	2
paginas para buscar amistades gratis	0	2
paginas para buscar mujeres mayores	0	2
paginas para chatear con gente	0	2
paginas para chatear con mujeres gratis	0	2
paginas para chatear online	0	2
paginas para chatiar	0	2
paginas para conocer hombres gay	0	2
paginas para conocer mujeres	0	2
paginas para conocer personas	0	2
paginas para encontrar sexo gratis	0	2
paginas para hacer amistades gratis	0	2
paginas swinger gratis	0	2
paginas web gay	0	2
paguinas gay	0	2
paja chat gay	0	2
palchateo	0	2
para conocer chicas	0	2
para hablar con chicos	0	2
para hablar con gente	0	2
pareja chat	0	2
pastorumba chat	0	2
pchat gay	0	2
pchat hot	0	2
personas chateando	0	2
personas para chatear	0	2
platicar con mujeres	0	2
por o chat	0	2
porn chat	0	2
porno chat gay	0	2
porno con chat	0	2
prono chat	0	2
página de mujeres	0	2
página para chatear con hombres	0	2
página para hablar con gente	0	2
páginas para conocer amigos	0	2
quiero chatear con mujeres de 35 a 40 años	0	2
radiochat	0	2
ramdon chat gay	0	2
redplaneta chat mas de 50	0	2
rincon venezolano	0	2
room gay chat	0	2
rouletechat	0	2
roulette chats	0	2
roulette.chat	0	2
roulletechat	0	2
rulet chat	0	2
rulettechat	0	2
sala caliente	0	2
sala chat españa	0	2
sala de chat adultos	0	2
sala de chat de españa	0	2
sala de chat en espanol	0	2
sala de chat españa	0	2
sala de chat mas de 60 dale	0	2
sala de chat mujeres porno	0	2
sala de chat porno	0	2
sala de chatear	0	2
salas dd chat	0	2
salas de chat con video	0	2
salas de chat de lesbianas	0	2
salas de chat en cali	0	2
salas de chat gratuitas	0	2
salas de chat hot gratis	0	2
salas de chat irc	0	2
salas de chat latino	0	2
salas de chat medellin	0	2
salas de chat org	0	2
salas de chat.	0	2
salas de chateo	0	2
salas de lesbianas	0	2
salas de video chat gratis	0	2
salas de videochat	0	2
salas del chat	0	2
salas para chatear gratis	0	2
salas video chat gratis	0	2
salas webcam	0	2
salaxhat	0	2
schat de sexo	0	2
scort gay de mérida venezuela	0	2
sex cbat	0	2
sex char.	0	2
sex chat gau	0	2
sex chate	0	2
sex chst gay	0	2
sexi en linea	0	2
sexo caracas	0	2
sexo chat lesbianas	0	2
sexo chat.	0	2
sexo con mujeres gratis	0	2
sexo en barquisimeto	0	2
sexo en linea chat	0	2
sexo en venezuela citas	0	2
sexo en vivo mcy	0	2
sexo gay ccs	0	2
sexo gay encuentros	0	2
sexo gratis por whatsapp	0	2
sexo linea	0	2
sext chat	0	2
shemale contactos	0	2
sitios de chat porno	0	2
sitios de mujeres	0	2
sitios para chatear con mujeres	0	2
sitios para conocer personas gratis	0	2
sitios web para hablar con personas	0	2
solo maduras gratis	0	2
solteras	0	2
solteras en linea	0	2
srxo chat	0	2
tchat hot	0	2
telegram citas venezuela	0	2
telegram coneras peruanas	0	2
telegram gay barquisimeto	0	2
telegram gay venezolano	0	2
telegram gay zulia	0	2
telegram venecas en peru	0	2
telegram venezuelanas	0	2
telegram.im venecas	0	2
telegran coneras	0	2
telegran venecas	0	2
terra alternativa	0	2
terra chat cornudo	0	2
terra chat españa	0	2
terra chat español	0	2
terra chat hispano	0	2
terra chat ligar	0	2
terra chat mas de 50	0	2
terra chat monterrey	0	2
terra chat movil gratis	0	2
terra chat sin registro	0	2
terra chat teruel	0	2
terrachat sexo	0	2
trabesti chat	0	2
trans chat online	0	2
trans citas	0	2
trans hot chat	0	2
trans whatsapp	0	2
transexual contactos	0	2
travesti caracas	0	2
travestie chat	0	2
travestis chats	0	2
travestischat	0	2
tvchat	0	2
tvychatgratis	0	2
valencia chat	0	2
vchat porno	0	2
vene6	0	2
veneca webcam	0	2
venecas hot telegram	0	2
venecas telegram grupo	0	2
venecastelegram	0	2
venezolana omegle xxx	0	2
venezolana web cam	0	2
venezolanas buscando pareja	0	2
venezolanas para salir	0	2
venezolanas webcam	0	2
venezuela amiga	0	2
venezuela badoo	0	2
venezuela dating site free	0	2
venezuela gays	0	2
venezuelagay telegram	0	2
vhat hor	0	2
vhat sex	0	2
vhst gay	0	2
vhst got	0	2
vidente gratis por chat	0	2
video char gay	0	2
video chat adulto on line	0	2
video chat caliente gratis	0	2
video chat con chicas calientes	0	2
video chat con mujeres calientes gratis	0	2
video chat con transexuales	0	2
video chat de gay	0	2
video chat gratis gay	0	2
video chat hot sin registrar	0	2
video chat mujeres calientes	0	2
video chat mujeres sin registro	0	2
video chat para gays	0	2
video chatgay	0	2
video chats gratis	0	2
video chatt hot	0	2
video chst gsy	0	2
video llamada caliente	0	2
video llamada gey	0	2
videochat caliente con mujeres	0	2
videochat cam gratis	0	2
videochat chicas	0	2
videochat con chicas	0	2
videochat con mujeres sin registro	0	2
videochat con mujeres.	0	2
videochat en directo gratis	0	2
videochat en linea sin registro	0	2
videochat gratis españa	0	2
videochat gratis español	0	2
videochat gratuito	0	2
videochat porno sin registro	0	2
videochat sin registrar	0	2
videochat trans	0	2
videochat.net	0	2
videochatcristiano	0	2
videochatgsy	0	2
videochats con mujeres	0	2
videochats gratis	0	2
videochats sin registro	0	2
videollamada al azar	0	2
videollamada al azar con mujeres	0	2
videollamada al azar gratis	0	2
videollamada con gays gratis	0	2
videollamada con hombres	0	2
videollamada con hombres calientes	0	2
videollamada con mujeres gratis online sin registro	0	2
videollamada con mujeres online gratis sin registro	0	2
videollamada con mujeres solteras	0	2
videollamada en linea	0	2
videollamada gay caliente	0	2
videollamada hot sin registro	0	2
videollamada online gratis sin registrarse	0	2
videollamada trans gratis	0	2
videollamadas con hombres	0	2
videollamadas con mujeres online gratis	0	2
videollamadas en vivo gay	0	2
videollamadas gay online	0	2
videollamadas online gratis sin registro con mujeres	0	2
videollamadas online hot	0	2
videos chas gey	0	2
videos chats	0	2
videos chats con mujeres	0	2
vieeo chat gay	0	2
viseo chat gay	0	2
vsexo	0	2
vídeo chat con mujeres	0	2
wasap de sexo	0	2
web chat sexo	0	2
web para hablar con gente	0	2
webcam maduras gratis	0	2
webchat gay gratis	0	2
webchat mazmorra	0	2
webchat roulette	0	2
webchats cornudos	0	2
wep cam chat	0	2
whatsapp de cornudos	0	2
whatsapp de mujeres	0	2
whatsapp de sexo	0	2
whatsapp de venezolanas solteras	0	2
whatsapp gay caracas	0	2
whatsapp gay chat	0	2
www el chat com	0	2
www latinchat com paises	0	2
www salas de chat gratis	0	2
www.elchat.net gratis	0	2
www.latinchat.com.mx mexico	0	2
xat jovenes	0	2
xchat gay	0	2
xchat hot	0	2
xhat ho	0	2
xhat sin registro	0	2
xhat trans	0	2
xhatcaliente	0	2
xhatea gratis	0	2
xhateagratis	0	2
xhats porno	0	2
xxx chat con mujeres	0	2
xxx chatear con mujeres	0	2
xxx chet	0	2
xxx contacto	0	2
xxx gay chay	0	2
xxx lesbianas chat	0	2
xxx para hablar con personas	0	2
xxx porno chat	0	2
çhat	0	2
çhat gratis	0	2
50 chat	1	1
ablar con chicas	1	1
amigoschat	1	1
aplicaciones para chatear con mujeres solteras gratis	1	1
app de citas gratis venezuela	1	1
app para conocer gente de otros países gratis	1	1
bate papo .net	1	1
buscar parejas	1	1
busco sexo	1	1
caht +18	1	1
caht gay gratis	1	1
canales porno de whatsapp	1	1
cbat gay	1	1
cchat sex	1	1
cchat venezuela	1	1
cha sexo gratis	1	1
cha trans	1	1
cha travesti	1	1
chaatve	1	1
chapt xxx	1	1
char fay	1	1
charla con mujeres	1	1
charlar con desconocidos	1	1
chat amigos online	1	1
chat amista	1	1
chat anistad	1	1
chat buscar mujeres	1	1
chat cabinas	1	1
chat caliente con trans	1	1
chat cam trans	1	1
chat camara sin registro	1	1
chat cin cam	1	1
chat colombia gratis	1	1
chat con camaras	1	1
chat con jovencitas	1	1
chat con tranny	1	1
chat cuba gratis	1	1
chat de san juan	1	1
chat de sexo con extraños	1	1
chat de sexo free	1	1
chat de sexo graris	1	1
chat de sexo hispano	1	1
chat de sexo travestis en venezuela	1	1
chat de sexo x	1	1
chat de sexso	1	1
chat en camara	1	1
chat en linea sin registrar	1	1
chat en vivo con chicas gratis	1	1
chat en vivo mujeres solteras	1	1
chat gaj	1	1
chat gay altino	1	1
chat gay bogota colombia	1	1
chat gay cerca	1	1
chat gay cerca de mi ubicación	1	1
chat gay citas	1	1
chat gay grats	1	1
chat gay grtis	1	1
chat gay hoy	1	1
chat gay ia gratis	1	1
chat gay para hablar	1	1
chat gay ramdon	1	1
chat gay sin registrarte	1	1
chat gay valemcia	1	1
chat gay?	1	1
chat gayvgratis	1	1
chat gratis 18	1	1
chat gratis con camaras	1	1
chat gratis con mujeres xxx	1	1
chat gratis web cam	1	1
chat gy venezuela	1	1
chat hay online	1	1
chat hgay	1	1
chat hit gratis	1	1
chat hot de sexo	1	1
chat hot gratos	1	1
chat hot grupos	1	1
chat hot para jovenes	1	1
chat hot sexo online	1	1
chat hot travesti	1	1
chat latinas	1	1
chat lesbico hot	1	1
chat online ga	1	1
chat online gays	1	1
chat online gente	1	1
chat online lesbico	1	1
chat para buscar sexo	1	1
chat para chatear con mujeres	1	1
chat para hablar con chicas calientes	1	1
chat para xxx	1	1
chat pornor	1	1
chat real sexo	1	1
chat rouñette	1	1
chat sex valencia	1	1
chat sexi gay	1	1
chat sexos	1	1
chat sexuales gratis	1	1
chat sexy online	1	1
chat sin registro video	1	1
chat smigos	1	1
chat sumision	1	1
chat sxo gratis	1	1
chat trand	1	1
chat ttans	1	1
chat video caliente	1	1
chat video camara	1	1
chat video camara gratis	1	1
chat video online gratis	1	1
chat video sin registro gratis	1	1
chat video trans	1	1
chat x x x	1	1
chat y sexo	1	1
chatahot	1	1
chatbdsm	1	1
chatconmujeres	1	1
chatea con putas gratis	1	1
chatear con milf	1	1
chatear con mujeres lindas	1	1
chatear gratis con gay	1	1
chatear para sexo	1	1
chatear xxx gratis	1	1
chatear y conocer gente	1	1
chathgay	1	1
chatiar con putas	1	1
chato gratis	1	1
chatohot	1	1
chatrandom net	1	1
chatroletespaña	1	1
chatroulette 2026	1	1
chatroulettex	1	1
chatroutte	1	1
chats alternativos	1	1
chats calientes.	1	1
chats chicas	1	1
chats con mujeres gratis sin registro	1	1
chats de sexo gratuitos	1	1
chats ga	1	1
chatsex gratis	1	1
chattrulette	1	1
chatvde sexo	1	1
chatvideo mujeres	1	1
chatweb cam	1	1
chatxgay	1	1
chatxxxgay	1	1
chay gay latino	1	1
chet gay	1	1
chica busca chica chat	1	1
chicas calientes en vivo	1	1
chicas en line	1	1
chicas en vivo	1	1
chst alicante	1	1
chst gay colombia	1	1
chst gay latino	1	1
chst gay valencia	1	1
chst hay	1	1
chst trans	1	1
chstvenezuela	1	1
chta jot	1	1
chwt de sexo	1	1
cita con maduras	1	1
cita con trans	1	1
citas de gay	1	1
citas para gay	1	1
cjat gau	1	1
concoer gente	1	1
conocer chica trans	1	1
conocer chicas	1	1
conocer chicos gay	1	1
conocer travestis	1	1
contacto cornudo	1	1
contacto gay xxx	1	1
contactos erotico	1	1
contactos les	1	1
contactos para sexo gratis	1	1
contatos de gays	1	1
conversar con mujeres	1	1
cucklod chat	1	1
cyat gay	1	1
encuentro con trans	1	1
encuentro sexuales gay	1	1
encuentros gay whatsapp	1	1
encuentros trans	1	1
encuentros transexuales	1	1
fhat gay	1	1
follar en venezuela	1	1
free gay chats	1	1
gay chst	1	1
gay en barinas	1	1
gay pagina	1	1
gay telefono	1	1
gaycaht	1	1
grupo de gay	1	1
grupo de gay whatsapp	1	1
grupo de telegram venezuela xxx	1	1
grupo de telegram xxx venezuela	1	1
grupo de whatsapp de venezuela	1	1
grupo de whatsapp mayores de 60	1	1
grupo de whatsapp para buscar pareja	1	1
grupo de whatsapp xxx venezuela	1	1
grupo para coger	1	1
grupo para tener sexo	1	1
grupos de citas telegram venezuela	1	1
grupos de gay	1	1
grupos de whatsapp maturin	1	1
grupos de whatsapp venezuela xxx	1	1
grupos porno chat	1	1
hablar con gey	1	1
hablar con hombres gays	1	1
hablar con milf	1	1
hablar con transexuales	1	1
hombres gay online	1	1
latin chat colombia	1	1
latinchat colombia gratis	1	1
latinchat ecuador	1	1
latín cha	1	1
lesbianas conocer	1	1
link de grupo gay	1	1
live gratis mujeres	1	1
live porno venezuela	1	1
llamadas con mujeres solteras gratis	1	1
llamadas gays	1	1
ltin chat	1	1
mensajes con mujeres	1	1
mujeres buscando pareja por whatsapp gratis apk	1	1
mujeres calientes en tu zona	1	1
mujeres chatear	1	1
mujeres chats	1	1
mujeres de caracas buscando pareja	1	1
mujeres gratis por whatsapp	1	1
mujeres maduras citas	1	1
mujeres para ablar	1	1
mujeres para ligar gratis	1	1
mujeres para sexo cerca de mi	1	1
mujeres para sexo maracay	1	1
mujeres para sexo msracay	1	1
numero gay whatsapp	1	1
numeros de chicas para chatear	1	1
numeros gay	1	1
numeros telefonicos de mujeres	1	1
número de lesbianas	1	1
número de putas gratis	1	1
omegle gei	1	1
pagina conocer gente	1	1
pagina de chat online gratis	1	1
pagina de citas gays	1	1
pagina de citas sin registro	1	1
pagina de travestis	1	1
pagina web gay	1	1
paginas de citas venezuela	1	1
paginas de contactos gay	1	1
paginas gay para chatear	1	1
paginas liberales	1	1
paginas para buscar sexo gratis	1	1
paginas para chat de sexo	1	1
paginas para gays	1	1
paginas para hablar con putas	1	1
paginas para hacer videollamadas con extraños	1	1
paginas solo para mujeres	1	1
paginas web para chatear gratis	1	1
para chat	1	1
personas para hablar por whatsapp	1	1
porno chat porno	1	1
porno hablar con chicas	1	1
página de cornudos	1	1
páginas de transexuales	1	1
páginas para gays	1	1
páginas trans	1	1
roulette cha	1	1
roulettechat	1	1
rulete cha	1	1
sala chat de sexo	1	1
salas chat xxx	1	1
scor gay caracas	1	1
scort gay carabobo	1	1
scort gay merida	1	1
sex cgat	1	1
sex chqt	1	1
sex. chat	1	1
sexo chat free	1	1
sexo gratis citas	1	1
sexo gratis trujillo	1	1
sexteo chat	1	1
shemale chat online	1	1
sitio de mujeres solas	1	1
sitio web para hablar con personas	1	1
sitios de videollamadas gratis	1	1
strip chat venezuela	1	1
tchat trans	1	1
telegram gay merida	1	1
tran chat	1	1
trans encuentros caracas	1	1
trans encuentros casuales	1	1
trans xxx chat	1	1
transexual cerca de mi	1	1
travesti venezuela.net	1	1
tu chat gay	1	1
venezolana whatsapp	1	1
videchat porno	1	1
video call sin registro	1	1
video chat con hombres gay	1	1
video chat con mijeres	1	1
video chat en vivo gratis para adultos	1	1
video chat gratis con trans	1	1
video chat online caliente	1	1
video chat online sin registro	1	1
video chat para gay	1	1
video chat sed	1	1
video chat sin registrar	1	1
video chat xxx gratis	1	1
video llamada azar	1	1
video llamada con mujeres gratis sin registro	1	1
video llamada en vivo	1	1
video llamadas con mujeres	1	1
video llamadas con mujeres calientes gratis	1	1
video llamadas porno sin registro	1	1
video llamda con mujeres gratis	1	1
videochat +18	1	1
videochat caliente gratis	1	1
videochat con mujeres gratis	1	1
videochat gay online	1	1
videochat gratis chicas	1	1
videochat lesbico	1	1
videochat porno	1	1
videochat sexo sin registro	1	1
videochat sin monedas	1	1
videochat sin registros	1	1
videollamada +18	1	1
videollamada con gente random	1	1
videollamada con mujeres caliente	1	1
videollamada con mujeres gratis online	1	1
videollamada hot gay	1	1
videollamada maduras	1	1
videollamada mujeres sin registro	1	1
videollamadas con extraños gratis sin registro	1	1
videollamadas con mijeres	1	1
videollamadas con mujeres gratis hot	1	1
videollamadas con mujeres gratis y sin registro	1	1
videollamadas gratis online	1	1
videollamadas gratis sin registro con mujeres	1	1
videos chat gratis con mujeres	1	1
videos chat online	1	1
videos chats gays	1	1
vodeochatgay	1	1
vídeo chat porno	1	1
web conocer gente	1	1
web de citas gay	1	1
web para hablar con chicas	1	1
whatsapp de chicas solteras	1	1
whatsapp de hombres gay	1	1
whatsapp de maduras	1	1
whatsapp de travesti	1	1
xhat hit	1	1
xxx chats gratis	1	1
18+ caht	0	1
1v1 chat gratis	0	1
1vs1 chat	0	1
1vs1 chat con mujeres gratis	0	1
3l chat	0	1
ablar con mujeres gratis	0	1
adolescente chat gratis	0	1
aex chat	0	1
afree chat gay	0	1
alternativa terra chat	0	1
amigar	0	1
amigo chatear	0	1
amigos abierto ahora	0	1
amigos calientes	0	1
amigos capital	0	1
amigos con derechos	0	1
amigos de chat	0	1
amigos de venezuela	0	1
amigos en chat	0	1
amigos gays	0	1
amigos gey	0	1
amigos merida	0	1
amigos para chatear gratis en español	0	1
amigos por el chat	0	1
amistad venezuela	0	1
amistad venezuela telegram	0	1
amistades en linea	0	1
amistarium chat	0	1
amor en linea chat gratis	0	1
amor en línea chat	0	1
amor en línea iniciar sesión	0	1
amor gay en linea	0	1
amoren linea	0	1
amores en linea	0	1
anon chat gay	0	1
anonimo chat	0	1
anonimos chat	0	1
anuncio travestis	0	1
aplicación para hablar con mujeres	0	1
aplicación para ver con quién chatea mi pareja por messenger	0	1
app chat hot	0	1
app para hablar con mujeres porno	0	1
arabe chat	0	1
archivos hot cabimas	0	1
arnet chat	0	1
asistente virtual cantv	0	1
asistente virtual de cantv	0	1
atrio chst	0	1
azar chat gratis	0	1
azar venezuela	0	1
badoo gratis entrar	0	1
badoo venezuela	0	1
barcelona chat	0	1
benechat	0	1
benechat gay	0	1
bideochat gay	0	1
bla blat	0	1
bogota ga chat	0	1
bogota gay chat terra	0	1
bogota gay com	0	1
bogota gay whatsapp	0	1
bogotachat gay	0	1
bomba chat	0	1
brasil chat top	0	1
brujeria gratis por whatsapp	0	1
brujo gratis para hacer preguntas	0	1
brujos gratis por whatsapp	0	1
buen chat	0	1
busca parejas	0	1
buscando novia	0	1
buscando novias	0	1
buscando pareja	0	1
buscando pareja en venezuela	0	1
buscando pareja gay	0	1
buscando pareja whatsapp	0	1
buscando una pareja	0	1
buscar amigos gay	0	1
buscar amistades en linea	0	1
buscar chicos	0	1
buscar gay	0	1
buscar hombres gay	0	1
buscar mujeres	0	1
buscar mujeres casadas	0	1
buscar mujeres p****	0	1
buscar novio gay	0	1
buscar pareja en caracas	0	1
buscar pareja en línea	0	1
buscar travesti	0	1
busco amigas de 30 a 40 años	0	1
busco chica para chatear	0	1
busco chicas	0	1
busco chicas lesbianas	0	1
busco gays	0	1
busco hombre gay	0	1
busco mujer para chatear por whatsapp	0	1
busco novia por internet	0	1
busco novia venezolana	0	1
busco pareja gratis	0	1
busco trans	0	1
busco travesti	0	1
c h a t g a y s	0	1
cabimas hot	0	1
cahat hot	0	1
cahat xxx	0	1
cahatgay	0	1
caht chatear	0	1
caht hor	0	1
caht libre	0	1
caht terra	0	1
caht tv	0	1
cahtea gratis	0	1
cahtroullet	0	1
cajt sexo	0	1
caliente whatsapp	0	1
calientes online	0	1
caliescali chat	0	1
cam chat	0	1
cam fay	0	1
cam gay sin registro	0	1
cam gsy	0	1
cam sexo en vivo venezolanas	0	1
cam venezuela	0	1
camara chat gratis	0	1
cami12wwgratis	0	1
can chat gay	0	1
canal char	0	1
canal chat hot	0	1
canal chat lesbiana	0	1
canal chat mazmorra	0	1
canal chat tv	0	1
canal chst	0	1
canal de whatsapp porno	0	1
canal sonora chat gratis	0	1
canal transexual	0	1
canalchat adolescentes	0	1
canalchat argentina	0	1
canalchat esoterismo	0	1
canalchat hot	0	1
canalchat mexico	0	1
canalchat sumisas	0	1
canalchat,org	0	1
canalchat-org	0	1
canales de chat gratis	0	1
canales de telegram lesbianas	0	1
canales de telegram venezolanas	0	1
canales de whatsapp de mujeres	0	1
canales gays	0	1
canales porno para whatsapp	0	1
canales porno whatsapp	0	1
cantv asistente virtual	0	1
cantv caty	0	1
cantv en linea	0	1
cantv ve	0	1
caracas guy	0	1
caracolchaty	0	1
casa de citas gay	0	1
cathv	0	1
cati #cantv	0	1
cbat de sexo	0	1
cbat sexo	0	1
ccam gay	0	1
cchat porno	0	1
cchat xxx	0	1
ccs gratis	0	1
cel chat	0	1
celebraciones tradicionales de venezuela	0	1
cgat caliente	0	1
cgat cornudos	0	1
cgat terra	0	1
cgaychat	0	1
cha de mujeres en vivo	0	1
cha gau	0	1
cha net	0	1
cha sin registro	0	1
cha tgratis	0	1
cha ve	0	1
cha5 gay	0	1
cha5 gratis	0	1
chaat de sexo	0	1
chaat gratis	0	1
chaat net	0	1
chaat xxx	0	1
chaatv	0	1
chaf gay	0	1
chaf porno	0	1
chag caliente	0	1
chag de sexo	0	1
chag porno	0	1
chag sex	0	1
chag sexo	0	1
char adulto	0	1
char gay online	0	1
char gratis	0	1
char roulette	0	1
char seco	0	1
char travesti	0	1
charea gratis	0	1
chareame	0	1
charlar xxx	0	1
charrulet español	0	1
charrulete	0	1
chast tv	0	1
chat .net	0	1
chat 14 años	0	1
chat 17	0	1
chat 18+ gay	0	1
chat 1v1 mujeres	0	1
chat 20 años	0	1
chat 30	0	1
chat 50 a 60	0	1
chat 50 y 60	0	1
chat 55	0	1
chat 71	0	1
chat 72	0	1
chat abierto sin registrarse	0	1
chat abuelas	0	1
chat adolescente gratis	0	1
chat adolescentes 12 a 15	0	1
chat adolesentes	0	1
chat aduktos	0	1
chat adulto online	0	1
chat adultos sex	0	1
chat aduto	0	1
chat ahora	0	1
chat ain registro	0	1
chat alazar	0	1
chat alcala de guadaira	0	1
chat aleatorio	0	1
chat aleatorio mujeres gratis	0	1
chat almeri	0	1
chat almería sin registro gratis	0	1
chat alternativo almeria	0	1
chat alternativo malaga	0	1
chat amigod	0	1
chat amigos barcelona	0	1
chat amigos lima	0	1
chat amigos valencia	0	1
chat amistad online	0	1
chat amistad telegram	0	1
chat amistas	0	1
chat amistd	0	1
chat amor amistad	0	1
chat amor en linea gratis	0	1
chat amor en linea-mexico	0	1
chat amoroso	0	1
chat ancash	0	1
chat andalucia	0	1
chat andaluz	0	1
chat anigos	0	1
chat anonimo +18	0	1
chat anonimo argentina	0	1
chat anonimo brasil	0	1
chat anonimo random	0	1
chat anonimo xxx	0	1
chat anónimo hot	0	1
chat anónimo online	0	1
chat argentino mendoza	0	1
chat asultos	0	1
chat bandolero	0	1
chat barcelona irc	0	1
chat barcelona sexo	0	1
chat barranquilla zona gratis	0	1
chat beasil top	0	1
chat berazategui	0	1
chat bogota hay	0	1
chat bolivia gratis	0	1
chat bradil top	0	1
chat brasil top.	0	1
chat brasileiros	0	1
chat brasileño	0	1
chat bsdm	0	1
chat bsm	0	1
chat bucaro	0	1
chat buenos aires	0	1
chat burate	0	1
chat buscar amigos	0	1
chat buscar pareja gratis	0	1
chat ca	0	1
chat cali cali	0	1
chat cali es cali	0	1
chat caliene	0	1
chat calient3	0	1
chat caliente aleatorio	0	1
chat caliente con cam	0	1
chat caliente con mujeres gratis	0	1
chat caliente medellín	0	1
chat caliente online sin registro	0	1
chat caliente panama	0	1
chat caliente usa	0	1
chat caliente valencia	0	1
chat caliente y gratis	0	1
chat calientee	0	1
chat cam	0	1
chat cam 10	0	1
chat cam caliente	0	1
chat cam español	0	1
chat cam gays	0	1
chat cam gratis gay	0	1
chat cam roulet	0	1
chat camara online	0	1
chat casadas valencia	0	1
chat casero	0	1
chat casero xxx	0	1
chat catolico omega	0	1
chat catolicos	0	1
chat católico	0	1
chat chat chat chat	0	1
chat chat xxx	0	1
chat chateagratis	0	1
chat chatear españa	0	1
chat chatear gratis mas de 50	0	1
chat chatear gratis mas de 60	0	1
chat chatear murcia	0	1
chat chats	0	1
chat chicas gratis sin registro	0	1
chat chicas sex	0	1
chat chicas xxx	0	1
chat chicos de 14	0	1
chat chihuahua	0	1
chat chile gratis	0	1
chat chileno	0	1
chat chueca	0	1
chat chueca latin	0	1
chat chueca trabestis	0	1
chat colombianos	0	1
chat com gay	0	1
chat con abuelas	0	1
chat con amigas	0	1
chat con arabes	0	1
chat con cam sin registrarse	0	1
chat con cam y micro	0	1
chat con cam y micro gratis	0	1
chat con camara gratis online	0	1
chat con camaras gratis	0	1
chat con canara	0	1
chat con chicas al azar	0	1
chat con chicas lindas	0	1
chat con chicas por whatsapp	0	1
chat con chicos de 13	0	1
chat con chicos gratis	0	1
chat con chilenos	0	1
chat con chucas	0	1
chat con cm	0	1
chat con cornudo	0	1
chat con desconocidos online	0	1
chat con escort	0	1
chat con españolas	0	1
chat con españoles	0	1
chat con españoles mayores de 50	0	1
chat con extranjeros europeos gratis	0	1
chat con extranjeros millonarios gratis	0	1
chat con extraños al azar	0	1
chat con extraños gratis	0	1
chat con foto latinchat	0	1
chat con gente cerca de ti	0	1
chat con gente de cuba	0	1
chat con gorditas	0	1
chat con hombres gays	0	1
chat con hombres hot	0	1
chat con latinas	0	1
chat con madura xxx	0	1
chat con maduritas	0	1
chat con milf	0	1
chat con muejres	0	1
chat con mujeres con camara	0	1
chat con mujeres en vivo gratis	0	1
chat con mujeres gratis xxx	0	1
chat con mujeres whatsapp	0	1
chat con parejas	0	1
chat con personas de todo el mundo	0	1
chat con personas gratis	0	1
chat con personas xxx	0	1
chat con porno	0	1
chat con tias	0	1
chat con todo el mundo	0	1
chat con trans xxx	0	1
chat con una chica	0	1
chat con una mujer	0	1
chat con video gratis	0	1
chat con videollamada gratis sin registrarse	0	1
chat con web gratis	0	1
chat con webcam sin registro	0	1
chat con webcams gratis	0	1
chat conoce gente	0	1
chat cornudo hispano	0	1
chat cornudos argentina	0	1
chat cornudos friends	0	1
chat cornudos generado usuario	0	1
chat cornudos peru	0	1
chat cornudos usuario	0	1
chat cornufos	0	1
chat cornuto	0	1
chat cotnudos	0	1
chat cqliente	0	1
chat cristiana evangelica	0	1
chat cristiano argentina	0	1
chat cristiano com	0	1
chat cristianos solteros	0	1
chat cristianos solteros gratis	0	1
chat cruising gay	0	1
chat crussing	0	1
chat cubanas	0	1
chat cubano gratis	0	1
chat cubanos	0	1
chat cybersexo	0	1
chat cúcuta	0	1
chat dale caliente	0	1
chat de 12 a 15	0	1
chat de 13 a 18 años	0	1
chat de 13 años	0	1
chat de 15 a 20	0	1
chat de 15 años	0	1
chat de 18	0	1
chat de 50 y 60	0	1
chat de amas y sumisos	0	1
chat de amiga	0	1
chat de amigos colombia	0	1
chat de amigos y novios	0	1
chat de asturias	0	1
chat de awxo	0	1
chat de barcelona	0	1
chat de bate papo gratis	0	1
chat de bdsm	0	1
chat de bolivia	0	1
chat de chatea gratis	0	1
chat de chatear gratis galicia	0	1
chat de chicas porno	0	1
chat de citas cali	0	1
chat de citas online	0	1
chat de citas porno	0	1
chat de citas xxx	0	1
chat de colombia	0	1
chat de cornudo tenerife	0	1
chat de cornudos mexico	0	1
chat de cristianos	0	1
chat de encuentros	0	1
chat de españa	0	1
chat de galicia	0	1
chat de gordas	0	1
chat de guadalajara	0	1
chat de infieles	0	1
chat de les arg	0	1
chat de lesbian	0	1
chat de lesbianas chile	0	1
chat de lesbianas en argentina	0	1
chat de ligar gratis	0	1
chat de ligue	0	1
chat de madura	0	1
chat de mas de 40	0	1
chat de mayores	0	1
chat de mayores de 60	0	1
chat de mujer a mujer	0	1
chat de mujeres porno	0	1
chat de mujeres y hombres	0	1
chat de murcia españa	0	1
chat de niños y adolescentes	0	1
chat de novios	0	1
chat de online	0	1
chat de panama	0	1
chat de paraguay	0	1
chat de pareja	0	1
chat de peru gratis	0	1
chat de pirno	0	1
chat de puebla	0	1
chat de puerto rico	0	1
chat de religion	0	1
chat de salas gratis	0	1
chat de se xo	0	1
chat de sec	0	1
chat de seci	0	1
chat de seexo	0	1
chat de sefo	0	1
chat de sexo con desconocidos	0	1
chat de sexo en línea	0	1
chat de sexo facil	0	1
chat de sexo gratus	0	1
chat de sexo grtis	0	1
chat de sexo terra	0	1
chat de sexo valencia	0	1
chat de sexo virtual gratis	0	1
chat de sexo.gratis	0	1
chat de sexualidad	0	1
chat de skype	0	1
chat de sumisos	0	1
chat de swinger	0	1
chat de swingers	0	1
chat de tijuana	0	1
chat de trujillo	0	1
chat de uol	0	1
chat de videntes gratis	0	1
chat de video	0	1
chat de video gay online	0	1
chat de video gratis	0	1
chat de video sin registro	0	1
chat de vigo	0	1
chat de viudos de 50 años	0	1
chat de wexo	0	1
chat de whatsapp caliente	0	1
chat de whatsapp porno	0	1
chat de yucatan	0	1
chat de zaragoza	0	1
chat del	0	1
chat del salvador	0	1
chat desmadre	0	1
chat desmadres	0	1
chat devsexo	0	1
chat dex	0	1
chat diverso bariloche	0	1
chat el mejor sistema de amigos en español	0	1
chat elchat. net	0	1
chat en almeria	0	1
chat en cali	0	1
chat en castellano gratis	0	1
chat en colombia gratis	0	1
chat en cuba	0	1
chat en el mundo	0	1
chat en espanol free	0	1
chat en español online	0	1
chat en la web	0	1
chat en ligne	0	1
chat en linea video	0	1
chat en lineas	0	1
chat en lines	0	1
chat en linra	0	1
chat en lonea	0	1
chat en malaga	0	1
chat en mendoza	0	1
chat en merida	0	1
chat en murcia	0	1
chat en puebla	0	1
chat en salas	0	1
chat en sevilla	0	1
chat en vigo	0	1
chat en vivo gay xxx	0	1
chat en vivo gays	0	1
chat en vivo gratis con chicas	0	1
chat en vivo online gratis con mujeres	0	1
chat en vivo para adultos	0	1
chat en vivo parejas	0	1
chat en zaragoza	0	1
chat en.comlinea	0	1
chat en.linea	0	1
chat encuentros gay	0	1
chat entre hombres	0	1
chat erorica	0	1
chat erotic gratis	0	1
chat erotic9	0	1
chat erotiche	0	1
chat erotico free	0	1
chat erotico lesbianas	0	1
chat erotik	0	1
chat erotio	0	1
chat erórico	0	1
chat erótico grátis	0	1
chat erótico online gratis	0	1
chat es gratis	0	1
chat esmas com	0	1
chat esoterico terra	0	1
chat espagnol gratuit	0	1
chat españa mas de 50	0	1
chat español sexo	0	1
chat esposas	0	1
chat esposas y maridos	0	1
chat evangelica	0	1
chat evangélicos	0	1
chat explicito	0	1
chat fay gratis	0	1
chat fay online	0	1
chat firend	0	1
chat flamenco	0	1
chat flash	0	1
chat florida	0	1
chat fone	0	1
chat forum	0	1
chat frend	0	1
chat frends	0	1
chat friends mas de 60	0	1
chat friends mazmorra	0	1
chat friends sevilla	0	1
chat fruend	0	1
chat fsy	0	1
chat ga6	0	1
chat gai	0	1
chat garatis	0	1
chat garis	0	1
chat gat online	0	1
chat gau xxx	0	1
chat gay adulto	0	1
chat gay ahora	0	1
chat gay alzira	0	1
chat gay america	0	1
chat gay amigos	0	1
chat gay barranquilla	0	1
chat gay bcs	0	1
chat gay be	0	1
chat gay bi	0	1
chat gay bogota sala	0	1
chat gay c	0	1
chat gay caba	0	1
chat gay canal	0	1
chat gay chimbote	0	1
chat gay ciber	0	1
chat gay com	0	1
chat gay con maduros	0	1
chat gay csm	0	1
chat gay cubanos	0	1
chat gay cumana	0	1
chat gay de rosario	0	1
chat gay de sexo	0	1
chat gay directo	0	1
chat gay en almeria	0	1
chat gay english	0	1
chat gay envivo	0	1
chat gay flin	0	1
chat gay gay	0	1
chat gay geatis	0	1
chat gay girona	0	1
chat gay grati	0	1
chat gay gratis con camara	0	1
chat gay gratis de colombia	0	1
chat gay gratis en español	0	1
chat gay gratsi	0	1
chat gay gratus	0	1
chat gay grstis	0	1
chat gay grupo	0	1
chat gay grupos	0	1
chat gay inline	0	1
chat gay internacional	0	1
chat gay jaen	0	1
chat gay lat	0	1
chat gay leon gto	0	1
chat gay linea	0	1
chat gay m	0	1
chat gay maduro joven	0	1
chat gay mendoza	0	1
chat gay monteria	0	1
chat gay movil	0	1
chat gay mérida yucatán	0	1
chat gay o line	0	1
chat gay oaxaca	0	1
chat gay oline	0	1
chat gay online free	0	1
chat gay online latin	0	1
chat gay osos	0	1
chat gay page	0	1
chat gay paja	0	1
chat gay para ligar	0	1
chat gay privado	0	1
chat gay ramdom	0	1
chat gay randon	0	1
chat gay roulete	0	1
chat gay sado	0	1
chat gay sexo online	0	1
chat gay sexy	0	1
chat gay sin registro gratis	0	1
chat gay t	0	1
chat gay telefonico	0	1
chat gay telgram	0	1
chat gay temuco	0	1
chat gay trans	0	1
chat gay trelew	0	1
chat gay usa	0	1
chat gay val	0	1
chat gay ver	0	1
chat gay vic	0	1
chat gay video llamada	0	1
chat gay video online	0	1
chat gay videochat	0	1
chat gay virtual	0	1
chat gay wasap	0	1
chat gay webcam	0	1
chat gay x	0	1
chat gay yucatan	0	1
chat gay zapopan	0	1
chat gay..	0	1
chat gaygdl	0	1
chat gays almeria	0	1
chat gays maduros	0	1
chat gays xxx	0	1
chat gayt	0	1
chat gayu	0	1
chat gayvalencia	0	1
chat gdl gay	0	1
chat gdy	0	1
chat gei	0	1
chat gente joven	0	1
chat gente sevilla	0	1
chat gey en vivo	0	1
chat gey x teléfono	0	1
chat ghot	0	1
chat gordas	0	1
chat gracias	0	1
chat graits	0	1
chat grat	0	1
chat grates	0	1
chat grati s	0	1
chat gratia	0	1
chat gratiis	0	1
chat gratis 50 60	0	1
chat gratis 60	0	1
chat gratis almería	0	1
chat gratis amigos	0	1
chat gratis amistad sin registro	0	1
chat gratis ba	0	1
chat gratis brasil	0	1
chat gratis camara	0	1
chat gratis camara y microfono	0	1
chat gratis con amigos	0	1
chat gratis con camara gratis	0	1
chat gratis con extranjeros	0	1
chat gratis con hombres	0	1
chat gratis con mujeres extranjeras	0	1
chat gratis con transexuales	0	1
chat gratis con web cam	0	1
chat gratis con webcam	0	1
chat gratis cuba	0	1
chat gratis de amor	0	1
chat gratis de merida yucatan	0	1
chat gratis de porno	0	1
chat gratis en cuba	0	1
chat gratis en español mas de 40	0	1
chat gratis en los angeles	0	1
chat gratis en malaga	0	1
chat gratis en merida yucatan mexico	0	1
chat gratis en vivo con mujeres	0	1
chat gratis erotica	0	1
chat gratis ga	0	1
chat gratis guatemala	0	1
chat gratis hispano	0	1
chat gratis latinos	0	1
chat gratis lesviana	0	1
chat gratis los angeles california	0	1
chat gratis madura porno	0	1
chat gratis mature	0	1
chat gratis mendoza	0	1
chat gratis neuquen	0	1
chat gratis ny	0	1
chat gratis online en español	0	1
chat gratis online sin registro	0	1
chat gratis panama sin registro	0	1
chat gratis para conseguir pareja	0	1
chat gratis para encontrar pareja	0	1
chat gratis para follar	0	1
chat gratis para hablar con mujeres	0	1
chat gratis para hacer amigos	0	1
chat gratis para ligar sin registro	0	1
chat gratis para sexo	0	1
chat gratis peru chicas	0	1
chat gratis roulette	0	1
chat gratis sala	0	1
chat gratis sexi	0	1
chat gratis sexo.	0	1
chat gratis sexual	0	1
chat gratis sexy	0	1
chat gratis sin	0	1
chat gratis sin registro con cam	0	1
chat gratis sin registro en vivo	0	1
chat gratis sin registro gay	0	1
chat gratis sin registro libre	0	1
chat gratis sin registro terra	0	1
chat gratis terra	0	1
chat gratis todo el mundo	0	1
chat gratis transexual	0	1
chat gratis travesti	0	1
chat gratis videollamada	0	1
chat gratis vigo	0	1
chat gratis web	0	1
chat gratis zona	0	1
chat gratissexo	0	1
chat gratiw	0	1
chat gratuito de sexo	0	1
chat gratuito sin registro	0	1
chat gratuitos	0	1
chat gratus	0	1
chat grsris	0	1
chat grtis	0	1
chat gry	0	1
chat grátis brasil	0	1
chat grátis xxx	0	1
chat gsy online	0	1
chat gtatis	0	1
chat gtstis	0	1
chat guadalajara mexico	0	1
chat guy	0	1
chat gy bogota	0	1
chat h0t	0	1
chat hablar con gente	0	1
chat hispano alicante	0	1
chat hispano canal sexo	0	1
chat hispano cornudo	0	1
chat hispano terra	0	1
chat hkt	0	1
chat ho t	0	1
chat horny online	0	1
chat hot ahora	0	1
chat hot azar	0	1
chat hot bogota	0	1
chat hot brasil	0	1
chat hot chat	0	1
chat hot colombia	0	1
chat hot con desconocidos gay	0	1
chat hot con mi novia	0	1
chat hot de lesbianas	0	1
chat hot de mujeres	0	1
chat hot de whatsapp	0	1
chat hot desconocidos	0	1
chat hot dsle	0	1
chat hot gat	0	1
chat hot gay video	0	1
chat hot gay.	0	1
chat hot gey	0	1
chat hot gratia	0	1
chat hot gratis en linea	0	1
chat hot gratis sin registro	0	1
chat hot gratis whatsapp	0	1
chat hot gratuita	0	1
chat hot latin chat	0	1
chat hot les	0	1
chat hot mazmorra	0	1
chat hot medellin	0	1
chat hot mundial	0	1
chat hot o line	0	1
chat hot onli	0	1
chat hot online.	0	1
chat hot onñine	0	1
chat hot paginas	0	1
chat hot para whatsapp	0	1
chat hot publico	0	1
chat hot salas	0	1
chat hot sin reg	0	1
chat hot t	0	1
chat hot tele	0	1
chat hot transexual	0	1
chat hot trujillo	0	1
chat hot venezuela telegram	0	1
chat hota	0	1
chat hotline gratis	0	1
chat hotm	0	1
chat hottt	0	1
chat hoty	0	1
chat hoy.	0	1
chat hoyt	0	1
chat hsy	0	1
chat ia gay	0	1
chat icq español	0	1
chat intercambio pareja	0	1
chat intimo	0	1
chat irc gratis	0	1
chat irc sevilla	0	1
chat java gratis	0	1
chat jor	0	1
chat joven adventista	0	1
chat kiwi	0	1
chat kiwi sevilla	0	1
chat korbo	0	1
chat larinos	0	1
chat lat	0	1
chat latin chat	0	1
chat latino ecuador	0	1
chat latino free	0	1
chat latino miami gratis	0	1
chat latino online	0	1
chat latino sexo	0	1
chat latinoamerica gratis	0	1
chat latinoamerica más de 40	0	1
chat lebico	0	1
chat leon	0	1
chat les hispano	0	1
chat les lima	0	1
chat les online	0	1
chat lesb gratis	0	1
chat lesbbianas	0	1
chat lesbiaans	0	1
chat lesbianas argentina	0	1
chat lesbianas barranquilla	0	1
chat lesbianas lima	0	1
chat lesbianas monterrey	0	1
chat lesbianas pereira	0	1
chat lesbianas.	0	1
chat lesbianss	0	1
chat lesbica	0	1
chat lesbici	0	1
chat lesbico telegram	0	1
chat lesbico.	0	1
chat lesbivo	0	1
chat lesnianas	0	1
chat lesvico gratis	0	1
chat lew	0	1
chat lgbt whatsapp	0	1
chat liberal españa	0	1
chat liena	0	1
chat liga	0	1
chat ligar español	0	1
chat ligar mazmorra	0	1
chat ligar net	0	1
chat ligar zaragoza	0	1
chat live hot	0	1
chat live mujeres	0	1
chat lobre	0	1
chat loreto	0	1
chat lrg	0	1
chat madrid movil	0	1
chat magia	0	1
chat mar	0	1
chat maracaibo telegram	0	1
chat mas 30	0	1
chat mas 60 gratis	0	1
chat mas de 50 60	0	1
chat mas de 60 gratis	0	1
chat mayores 50	0	1
chat mayores 60 galicia	0	1
chat mazmorr	0	1
chat mazmorra gratis	0	1
chat medellin colombia	0	1
chat medellín	0	1
chat mendoza gratis	0	1
chat merida yucatan gratis	0	1
chat milf gratis	0	1
chat mircia	0	1
chat mondo	0	1
chat monterrey	0	1
chat montería	0	1
chat movil hispano	0	1
chat movil terra	0	1
chat mujeres infieles	0	1
chat mujeres lesbianas	0	1
chat mujeres online gratis	0	1
chat mundial gratis	0	1
chat musical	0	1
chat muy hot	0	1
chat más de 50 y 60	0	1
chat más de 50 y 60 gratis	0	1
chat mérida yucatán	0	1
chat móvil teruel	0	1
chat nalaga	0	1
chat neet	0	1
chat net argentina	0	1
chat net peru	0	1
chat nett	0	1
chat ney	0	1
chat oline gay	0	1
chat oline porno	0	1
chat oline sexo	0	1
chat online amigos	0	1
chat online anonimo	0	1
chat online azar	0	1
chat online bogota gay	0	1
chat online chat	0	1
chat online con camara	0	1
chat online con chicas gratis	0	1
chat online con desconocidos	0	1
chat online con hombres	0	1
chat online gay video	0	1
chat online grati	0	1
chat online gratis sexo	0	1
chat online hoy	0	1
chat online lesbian	0	1
chat online lgbt	0	1
chat online ligar	0	1
chat online local	0	1
chat online medellin	0	1
chat online mujeres gratis	0	1
chat online net	0	1
chat online sex	0	1
chat online sexy	0	1
chat online v	0	1
chat online webcam	0	1
chat online y	0	1
chat orh	0	1
chat oruro	0	1
chat oviedo	0	1
chat ozu lesbianas	0	1
chat ozu sala caprichosa	0	1
chat paja	0	1
chat pajero	0	1
chat pajeros	0	1
chat para +18	0	1
chat para 15 años	0	1
chat para adolecentes	0	1
chat para afultos	0	1
chat para amistades	0	1
chat para citas	0	1
chat para conocer a chicas	0	1
chat para conocer amigas	0	1
chat para conocer chicos	0	1
chat para conocer gente de otros países gratis	0	1
chat para conocer gente nueva	0	1
chat para conocer lesbianas	0	1
chat para conocer persona	0	1
chat para conseguir pareja gratis	0	1
chat para encontrar amigos	0	1
chat para habalr	0	1
chat para hablar con adolescentes	0	1
chat para hacer amigas	0	1
chat para hacer amigos extranjeros	0	1
chat para jovenes de 15 a 17	0	1
chat para ligar con chicas	0	1
chat para ligar en españa	0	1
chat para ligar sin registro	0	1
chat para ligar telegram	0	1
chat para menore de edad	0	1
chat para menores	0	1
chat para niños de 12	0	1
chat para personas mayores de 60 años	0	1
chat para personas mayores de 70 años	0	1
chat para pervertidos	0	1
chat para quedar	0	1
chat pareja	0	1
chat parejas whatsapp	0	1
chat pasivo	0	1
chat paysandu	0	1
chat pervertidos	0	1
chat picante	0	1
chat picantes	0	1
chat pino gay	0	1
chat pinto	0	1
chat pirno gay	0	1
chat pirno gratis	0	1
chat po4no	0	1
chat pono gratis	0	1
chat por celular	0	1
chat por internet	0	1
chat por todo el mundo	0	1
chat por.	0	1
chat porn travesti	0	1
chat porna	0	1
chat pornn	0	1
chat porno adultos	0	1
chat porno bogota	0	1
chat porno casero	0	1
chat porno gat	0	1
chat porno gsy	0	1
chat porno gya	0	1
chat porno i	0	1
chat porno on line	0	1
chat porno sexo	0	1
chat porno whatsapp	0	1
chat porno xxxx	0	1
chat pornográfico	0	1
chat pornp	0	1
chat poro	0	1
chat porono	0	1
chat pprno gratis	0	1
chat pra sexo	0	1
chat privada	0	1
chat privado online gratis	0	1
chat private online	0	1
chat publico para hablar	0	1
chat puebla gratis	0	1
chat quiero	0	1
chat radios	0	1
chat ramdom adultos	0	1
chat random chatroulette	0	1
chat random español	0	1
chat random gratis	0	1
chat random latino	0	1
chat ratis	0	1
chat raulete	0	1
chat real gratis	0	1
chat regios	0	1
chat relato erotico	0	1
chat relatos	0	1
chat religion	0	1
chat religion gratis	0	1
chat religioso	0	1
chat restaurant	0	1
chat rico	0	1
chat rio de janeiro	0	1
chat rn	0	1
chat rolette	0	1
chat rooms en espanol	0	1
chat rooms español	0	1
chat rooulette	0	1
chat roulant	0	1
chat roulete español	0	1
chat roulete gratis	0	1
chat roulette gat	0	1
chat roulette gay	0	1
chat roulette live	0	1
chat roulette love	0	1
chat rpulette	0	1
chat rulat	0	1
chat rulet com	0	1
chat ruleta español	0	1
chat rulett	0	1
chat rulette	0	1
chat rulez	0	1
chat rulot	0	1
chat rulote	0	1
chat sal	0	1
chat sala adolescentes	0	1
chat sala caliente	0	1
chat sala gay	0	1
chat sala libre	0	1
chat salas gay	0	1
chat san lorenzo	0	1
chat sao paulo	0	1
chat se xo	0	1
chat secxo	0	1
chat secy	0	1
chat sevilla geomundos	0	1
chat sevillano	0	1
chat sex anonimo	0	1
chat sexe	0	1
chat sexi gratis	0	1
chat sexo adulto	0	1
chat sexo anónimo	0	1
chat sexo app	0	1
chat sexo brasil	0	1
chat sexo en español	0	1
chat sexo gay valencia	0	1
chat sexo grati	0	1
chat sexo gratid	0	1
chat sexo gratis gay	0	1
chat sexo gratis online	0	1
chat sexo gratis sin registro	0	1
chat sexo gratis.	0	1
chat sexo grats	0	1
chat sexo jaen	0	1
chat sexo latinchat	0	1
chat sexo latino	0	1
chat sexo les	0	1
chat sexo movil	0	1
chat sexo vicio	0	1
chat sexo wasap	0	1
chat sexoo	0	1
chat sexual en vivo	0	1
chat sexual grátis	0	1
chat sexual lesbico	0	1
chat sexuales en vivo	0	1
chat sexuales gay	0	1
chat sexxo	0	1
chat sexy hot	0	1
chat sezo gratis	0	1
chat sin eegistro	0	1
chat sin java gratis	0	1
chat sin refistro	0	1
chat sin registo	0	1
chat sin registor	0	1
chat sin registro cam	0	1
chat sin registro online	0	1
chat sin registro.	0	1
chat sin regitro	0	1
chat sin regsitro	0	1
chat sin regustro	0	1
chat sin rejistro	0	1
chat sin. registro	0	1
chat solo ellas	0	1
chat solo sexo	0	1
chat son registro	0	1
chat sonora	0	1
chat sumis	0	1
chat sumisaa	0	1
chat sun registro	0	1
chat tarija	0	1
chat telefonico	0	1
chat televisión	0	1
chat temuco	0	1
chat terea	0	1
chat terr	0	1
chat terra adolescentes	0	1
chat terra alterna	0	1
chat terra clasico	0	1
chat terra de lesbianas	0	1
chat terra gay	0	1
chat terra mx	0	1
chat terra méxico	0	1
chat terra nuevo leon	0	1
chat terra valencia gratis	0	1
chat terra.net	0	1
chat text gay	0	1
chat tijuana gratis	0	1
chat tivi	0	1
chat totalmente gratis	0	1
chat tra	0	1
chat tranny	0	1
chat trans.	0	1
chat transe	0	1
chat transexual merida	0	1
chat tras	0	1
chat traves	0	1
chat travesris	0	1
chat trujillo gratis	0	1
chat ts	0	1
chat tu	0	1
chat tulet	0	1
chat turbaye	0	1
chat tv en directo	0	1
chat tv españa	0	1
chat tv gratis en vivo	0	1
chat tv.	0	1
chat universo	0	1
chat v35	0	1
chat v47	0	1
chat v54	0	1
chat vakencia	0	1
chat valencia hispano	0	1
chat valencia sexo	0	1
chat valenxia	0	1
chat valladolid gratis	0	1
chat valledupar	0	1
chat veneta	0	1
chat veneu	0	1
chat venwzuela	0	1
chat videollamada sin registro	0	1
chat videos gay	0	1
chat vigo gratis	0	1
chat virtual gay	0	1
chat virtual sexo	0	1
chat vornudos	0	1
chat vz	0	1
chat warari	0	1
chat web	0	1
chat web cam online	0	1
chat web gratis sin registro	0	1
chat webcam chat	0	1
chat webcam sin registro	0	1
chat week	0	1
chat xxx adultos	0	1
chat xxx en linea	0	1
chat xxx gey	0	1
chat xxx mujeres	0	1
chat xxz	0	1
chat y cam	0	1
chat y citas gratis	0	1
chat y tvgratis	0	1
chat y videochat	0	1
chat yay	0	1
chat zaragiza	0	1
chat zaragoz	0	1
chat zaragoza ligar	0	1
chat zaragpza	0	1
chat zoan	0	1
chat zona malaga	0	1
chat zone gratis	0	1
chat ñibre	0	1
chat+ 18	0	1
chat,com	0	1
chat-terra.es	0	1
chat-tigre	0	1
chat. gay gratis	0	1
chat. xx	0	1
chat.atetv	0	1
chat.de sexo	0	1
chat.elchat.neg	0	1
chat.elchat.ner	0	1
chat.orh	0	1
chat.v	0	1
chat.zona	0	1
chata	0	1
chata brasil	0	1
chata en venezuela	0	1
chata gays	0	1
chata gratis	0	1
chata online	0	1
chata para hombres	0	1
chata ve	0	1
chataegratis	0	1
chataer	0	1
chataexo	0	1
chatagratis	0	1
chatango obrero	0	1
chatar gratis	0	1
chatarg mas de 40	0	1
chatarg mendoza	0	1
chatas chicas	0	1
chatas mujeres	0	1
chatave gay	0	1
chatavegeneral	0	1
chatbadoo	0	1
chatbela	0	1
chatbene	0	1
chatbrasil net	0	1
chatbrasil.top	0	1
chatbroulette	0	1
chatcali	0	1
chatcalient	0	1
chatcaliente.	0	1
chatcalientr	0	1
chatcalienye	0	1
chatcaliwnte	0	1
chatcam trans	0	1
chatcamgay	0	1
chatcamtv	0	1
chatcanal	0	1
chatcanv	0	1
chatchicas	0	1
chatchihuahua	0	1
chatclaiente	0	1
chatcsliente	0	1
chatdeamigos	0	1
chatdecitas	0	1
chate chat	0	1
chate erotico	0	1
chate sexi	0	1
chatea chat .net	0	1
chatea chat.org	0	1
chatea chatea	0	1
chatea con	0	1
chatea con chicas en vivo	0	1
chatea con hombres	0	1
chatea con nosotros	0	1
chatea gatis	0	1
chatea gay gratis	0	1
chatea graits	0	1
chatea gratia	0	1
chatea gratis . net	0	1
chatea gratis amistad	0	1
chatea gratis mazmorra	0	1
chatea gratis trans	0	1
chatea gratis xxx	0	1
chatea gratis zaragoza	0	1
chatea gratsi	0	1
chatea grayis	0	1
chatea grstis	0	1
chatea grtis	0	1
chatea net	0	1
chatea org	0	1
chatea terra	0	1
chatea xhat	0	1
chatea. net	0	1
chateachatnet	0	1
chateae	0	1
chateagatis	0	1
chateagraits	0	1
chateagratis 60	0	1
chateagratis adolescentes	0	1
chateagratis colombia	0	1
chateagratis gay	0	1
chateagratis mazmorra	0	1
chateagratis murcia	0	1
chateagratis net avatar	0	1
chateagratis net mexico	0	1
chateagratis salas	0	1
chateagratis sex	0	1
chateagratis trave	0	1
chateagratos	0	1
chateagrayis	0	1
chateagrtais	0	1
chateagrtis	0	1
chateame hot	0	1
chateamos .net	0	1
chateamos com	0	1
chateamos cornudo	0	1
chateamos cornudos	0	1
chateamos gay	0	1
chateando gratis org	0	1
chateanet	0	1
chateanos	0	1
chatear amigo	0	1
chatear amistad	0	1
chatear buscar pareja	0	1
chatear cam	0	1
chatear co	0	1
chatear co chicas	0	1
chatear com	0	1
chatear con bolivia	0	1
chatear con chicas sin registro	0	1
chatear con chicos por whatsapp	0	1
chatear con cornudos	0	1
chatear con gay gratis	0	1
chatear con gente de otro pais	0	1
chatear con gente de todo el mundo	0	1
chatear con gente gay	0	1
chatear con gente porno	0	1
chatear con gentes	0	1
chatear con hombres gays	0	1
chatear con hombres gratis	0	1
chatear con hombres solteros gratis	0	1
chatear con jovenes	0	1
chatear con latinas	0	1
chatear con latinos	0	1
chatear con mujeres bonitas	0	1
chatear con mujeres cerca de mi	0	1
chatear con mujeres sin registro	0	1
chatear con personas online gratis	0	1
chatear con personas xxx	0	1
chatear con prostitutas	0	1
chatear con sumisas	0	1
chatear con todo el mundo	0	1
chatear en cuba	0	1
chatear en linea con amigos	0	1
chatear en linea gratis sin registrarse	0	1
chatear español	0	1
chatear friends	0	1
chatear grati	0	1
chatear gratis 60	0	1
chatear gratis alicante	0	1
chatear gratis amigos	0	1
chatear gratis chat	0	1
chatear gratis de sexo	0	1
chatear gratis en español y hacer amigos	0	1
chatear gratis en linea	0	1
chatear gratis en vivo	0	1
chatear gratis españa	0	1
chatear gratis hot	0	1
chatear gratis porno	0	1
chatear gratis sin registro libre	0	1
chatear gratis sin registro y sin java	0	1
chatear gratis zaragoza	0	1
chatear gratis.net	0	1
chatear latinoamerica	0	1
chatear medellin	0	1
chatear net sevilla	0	1
chatear online movistar	0	1
chatear parejas	0	1
chatear por whatsapp con mujeres	0	1
chatear sexo gratis	0	1
chatear sin registro chicas welcam fre	0	1
chatear solo con mujeres	0	1
chatear terra	0	1
chatear xx	0	1
chatear y ligar	0	1
chatear.com	0	1
chateargratis gay	0	1
chategraris	0	1
chatejnate	0	1
chatemare	0	1
chatemos net	0	1
chateo con mujeres	0	1
chateoule	0	1
chateoulet	0	1
chateoulette	0	1
chateoullete	0	1
chaterar	0	1
chatesr	0	1
chateuavte	0	1
chateá	0	1
chatffiends	0	1
chatfriend gay	0	1
chatfriends cornudos	0	1
chatfriendsgay	0	1
chatg gay	0	1
chatga latin	0	1
chatgay cam	0	1
chatgay chile	0	1
chatgay friends	0	1
chatgay latin	0	1
chatgay live	0	1
chatgay sin registro	0	1
chatgay whatsapp	0	1
chatgay.com	0	1
chatgaygdl	0	1
chatgaynet	0	1
chatgaypage	0	1
chatgayroulette	0	1
chatgratis.	0	1
chatgrstis	0	1
chatgrv	0	1
chatgrwtis	0	1
chatguadalajara	0	1
chath hot	0	1
chathispano almeria	0	1
chathispano barcelona	0	1
chathispano madrid	0	1
chathot español	0	1
chathot sin registro	0	1
chathot.	0	1
chathott	0	1
chati porno	0	1
chatiapues	0	1
chatiar con alguien	0	1
chatiar con mujeres xxx	0	1
chatiar gratis	0	1
chatitv gratis	0	1
chatiw	0	1
chatjovenes	0	1
chatleon	0	1
chatlesbi	0	1
chatlesbianas.net	0	1
chatloutte ba	0	1
chatmalaga	0	1
chatmasde40	0	1
chatmazmorras	0	1
chatmi	0	1
chatmusica	0	1
chato hay bogotá	0	1
chatonline	0	1
chatonline sexo	0	1
chatoulette	0	1
chatp xxx	0	1
chatpara	0	1
chatporno com	0	1
chatporno online	0	1
chatporno xxx	0	1
chatporno.com	0	1
chatpotno	0	1
chatprivado	0	1
chatra gratis	0	1
chatrandom gay gratis	0	1
chatraulette	0	1
chatravesti	0	1
chatrolete	0	1
chatrolett	0	1
chatrom gay	0	1
chatroom hot	0	1
chatroukette	0	1
chatroulate	0	1
chatroulatte	0	1
chatroulete chat	0	1
chatrouleteespañol	0	1
chatroulette adultos	0	1
chatroulette afrique	0	1
chatroulette america	0	1
chatroulette argentina	0	1
chatroulette caliente	0	1
chatroulette chat online	0	1
chatroulette español gay	0	1
chatroulette free chat	0	1
chatroulette fun	0	1
chatroulette gay free	0	1
chatroulette gratis español	0	1
chatroulette gratuit	0	1
chatroulette indonesia	0	1
chatroulette love	0	1
chatroulette monde	0	1
chatroulette mujeres	0	1
chatroulette online chat	0	1
chatroulette para adultos	0	1
chatroulette pirata	0	1
chatroulette sitios	0	1
chatroulette us	0	1
chatroulette vay	0	1
chatrouleye	0	1
chatroullet	0	1
chatroullete españa	0	1
chatroulte	0	1
chatroulutte	0	1
chatroulwtte	0	1
chatroylete	0	1
chatrrulete	0	1
chatrrulete español	0	1
chatrule	0	1
chats al azar	0	1
chats almeria	0	1
chats anonimos sexuales	0	1
chats calientes con chicas	0	1
chats calientes para leer	0	1
chats con amigos	0	1
chats con cam	0	1
chats con camara gratis	0	1
chats con chicas solteras	0	1
chats con chicas trans	0	1
chats con desconocidos	0	1
chats con webcam	0	1
chats de	0	1
chats de amistad gratis	0	1
chats de amor	0	1
chats de andalucia	0	1
chats de chile	0	1
chats de galicia	0	1
chats de sevilla	0	1
chats de sexo gay	0	1
chats de swxo	0	1
chats de terra	0	1
chats de whatsapp gay	0	1
chats en	0	1
chats en español gratis	0	1
chats en galicia	0	1
chats en vivo con mujeres gratis	0	1
chats ere	0	1
chats galicia	0	1
chats gay gratis	0	1
chats gay online	0	1
chats gay sin registro	0	1
chats gays colombia	0	1
chats gays gratis	0	1
chats gey	0	1
chats gratis colombia	0	1
chats gratis en español	0	1
chats gratis en malaga	0	1
chats gratis hot	0	1
chats gratis murcia	0	1
chats gratis para adultos	0	1
chats gratis para hablar	0	1
chats gratis para ligar	0	1
chats gratis sin registrarse	0	1
chats hot mujeres	0	1
chats hot sin registro	0	1
chats hot whatsapp	0	1
chats hot xxx	0	1
chats hot.	0	1
chats hoys	0	1
chats les	0	1
chats lesbicos	0	1
chats lgbt	0	1
chats ligar	0	1
chats maduros	0	1
chats malaga	0	1
chats mazmorra	0	1
chats mexicanos	0	1
chats on line	0	1
chats online brasil	0	1
chats online en español	0	1
chats para casados	0	1
chats para coger	0	1
chats para encontrar el amor	0	1
chats para follar	0	1
chats para hablar con adolescentes	0	1
chats para hablar con desconocidos	0	1
chats para hablar con personas	0	1
chats para ligar gratis sin registro	0	1
chats pirno	0	1
chats pono	0	1
chats pornograficos	0	1
chats prono	0	1
chats s	0	1
chats sexi	0	1
chats sexo en vivo	0	1
chats sexuales xxx	0	1
chats sin registro gratis	0	1
chats swinger	0	1
chats swingers	0	1
chats web	0	1
chats xxx filtrados	0	1
chatsala	0	1
chatsalsa	0	1
chatsevilla	0	1
chatsex web	0	1
chatsexo online	0	1
chatsexo xxx	0	1
chatsexo.	0	1
chatsfeiends	0	1
chatsfrieds	0	1
chatsfriemds	0	1
chatsfriends barcelona	0	1
chatsfriends méxico	0	1
chatsfriends.	0	1
chatsfriendsgay	0	1
chatsfriens	0	1
chatsfriwnds	0	1
chatsi comunidad	0	1
chatslatinos com	0	1
chatsonora	0	1
chatt lesbianas	0	1
chatt online gratis	0	1
chatt trans	0	1
chatt tv	0	1
chatta porno	0	1
chatteagratis	0	1
chattear	0	1
chatten online	0	1
chattera	0	1
chatteroulette	0	1
chattoulette	0	1
chattrolette	0	1
chattroule	0	1
chattroulet	0	1
chattroullete	0	1
chatttv	0	1
chattulete	0	1
chatty tv en vivo	0	1
chatu e	0	1
chatuenste	0	1
chatuevaye	0	1
chaturgay	0	1
chatutv	0	1
chatv48	0	1
chatv75	0	1
chatvenue	0	1
chatvideo porno	0	1
chatvideochat	0	1
chatw	0	1
chatwagratis	0	1
chatwi	0	1
chatwing	0	1
chatxhot	0	1
chatxroulette	0	1
chaty gratis tv	0	1
chaty rv	0	1
chatytvenvivo	0	1
chatzona colombia	0	1
chatzona cornudos	0	1
chatzona gay	0	1
chatzona net	0	1
chatzona org	0	1
chatzona.com	0	1
chautn	0	1
chautrullete	0	1
chay arabe	0	1
chay cornudos	0	1
chay erótico	0	1
chay gay cam	0	1
chay gay online	0	1
chay gay sex	0	1
chay gay sin registro	0	1
chay gays	0	1
chay gsy	0	1
chay gy	0	1
chay hor	0	1
chay hoy	0	1
chay sin registro	0	1
chayt gay	0	1
chdt hot	0	1
chet porno	0	1
chet sex	0	1
chet sexo	0	1
chetgay	0	1
chica busca chico en venezuela	0	1
chica online	0	1
chicas caracas venezuela	0	1
chicas contacto	0	1
chicas de caracas	0	1
chicas de venezuela	0	1
chicas de venezuela buscando pareja	0	1
chicas disponibles	0	1
chicas en la web	0	1
chicas en maracay	0	1
chicas en maturin	0	1
chicas en online	0	1
chicas en privado	0	1
chicas gratis por whatsapp	0	1
chicas hablar	0	1
chicas por whatsapp	0	1
chicas solteras gratis	0	1
chicas solteras para chatear	0	1
chicas venezolanas telegram	0	1
chicas web en vivo	0	1
chicos en linea	0	1
chicos gay cerca de mi	0	1
chicos gay en vivo	0	1
chicos solteros	0	1
chile gay chat	0	1
chot porno	0	1
chqt erotico	0	1
chqt sexo gratis	0	1
chqt tot	0	1
chqtgay	0	1
chra hot	0	1
chst +18	0	1
chst brasil top	0	1
chst cxx	0	1
chst dexo	0	1
chst fot	0	1
chst friend	0	1
chst ga	0	1
chst gau	0	1
chst gay cam	0	1
chst hit	0	1
chst hlt	0	1
chst hot online	0	1
chst jot	0	1
chst lesbiana	0	1
chst murcia	0	1
chst oorno	0	1
chst pornos	0	1
chst sexi	0	1
chst sumisas	0	1
chst valencia	0	1
chst xxxx	0	1
chstea	0	1
chstgratis	0	1
chstsexo	0	1
chsy gay	0	1
cht erotico	0	1
cht gratis	0	1
cht hor	0	1
cht sin registro	0	1
cht swinger	0	1
cht trans	0	1
chta hit	0	1
chta porno gay	0	1
chtaeagratis	0	1
chtagay	0	1
chtea	0	1
chtea gratis	0	1
chá sexo	0	1
chát online	0	1
ciber sexo chat	0	1
cideo chat gay	0	1
cita chat	0	1
cita con mujeres mayores	0	1
cita gays	0	1
cita gratis venezuela	0	1
citas cachondas	0	1
citas chat	0	1
citas con mujeres online	0	1
citas de sexo gratis	0	1
citas en linea con mujeres	0	1
citas en vivo	0	1
citas gay bogota	0	1
citas gay en linea	0	1
citas gay gratis	0	1
citas gay sexo	0	1
citas gay xxx	0	1
citas gay.org	0	1
citas gays gratis	0	1
citas gey xxx	0	1
citas gratuitas	0	1
citas mujeres casadas	0	1
citas mujeres solteras	0	1
citas para seco	0	1
citas para sexo gay	0	1
citas sex	0	1
citas sexi	0	1
citas sin registro	0	1
citas virtuales	0	1
citasgay	0	1
cjat de sexo gratis	0	1
cjat hlt	0	1
cjat hoy	0	1
cjat online gratis	0	1
cjatzona	0	1
cjay gay	0	1
cjst fot	0	1
cjst sexo	0	1
clasificados gay	0	1
clatinchat	0	1
cnal chat	0	1
cntacto sex	0	1
cobtactos sex	0	1
cojer en linea	0	1
colombianas chat	0	1
como chatear con chicas	0	1
como conseguir novio por whatsapp	0	1
como ganar dinero chateando con viejos	0	1
comtacto sex	0	1
comtactossex	0	1
con gente	0	1
coneras en telegram	0	1
coneras peruanas telegram	0	1
coneras y mas telegram	0	1
conoce chicas	0	1
conoce gente	0	1
conoce gente chat	0	1
conoce gente de tu zona	0	1
conocer chicas cerca de mi gratis	0	1
conocer chicas de 15 años	0	1
conocer chicas en linea gratis	0	1
conocer chicas para chatear	0	1
conocer chicas por internet gratis	0	1
conocer chicas por messenger	0	1
conocer chicas sin registro	0	1
conocer gente en chat	0	1
conocer gente en el chat	0	1
conocer gente nueva	0	1
conocer gente para coger	0	1
conocer gente por internet gratis	0	1
conocer gente sin registro	0	1
conocer homosexuales	0	1
conocer maduras	0	1
conocer mujer soltera	0	1
conocer mujeres en linea	0	1
conocer mujeres solteras	0	1
conocer mujeres solteras gratis	0	1
conocer mujeres solteras whatsapp	0	1
conocer parejas por internet	0	1
conocer personas gay	0	1
conocer personas para sexo	0	1
conocer transgenero	0	1
conocer y follar	0	1
conociendo gente	0	1
conta to sex	0	1
contactar con chicas gratis	0	1
contactar con mujeres mayores	0	1
contactar lesbianas	0	1
contacto con gay	0	1
contacto con mujeres	0	1
contacto con transexuales	0	1
contacto cornudos	0	1
contacto de chicas	0	1
contacto de p****	0	1
contacto de travestis	0	1
contacto erótico	0	1
contacto gey	0	1
contacto lesbiana	0	1
contacto se x	0	1
contacto sexo gay	0	1
contacto ssex	0	1
contacto travestis	0	1
contactos con transexuales	0	1
contactos cornudos	0	1
contactos de gays	0	1
contactos de lesbianas	0	1
contactos de sexo	0	1
contactos gay carabobo	0	1
contactos hombres gay	0	1
contactos lesvianas	0	1
contactos mujeres calientes	0	1
contactos mujeres sexo	0	1
contactos porno	0	1
contactos sex.	0	1
contactos sexual	0	1
contactos sexuales	0	1
contactos tran	0	1
contactos transexuales	0	1
contactos webcam gratis	0	1
contactos xxx	0	1
contactossexo	0	1
contactossexuales	0	1
contactó sex	0	1
contacyo sex	0	1
contato sex	0	1
contaxtos sex	0	1
contcato sex	0	1
contenido para adulto	0	1
contqcto sex	0	1
contsctossex	0	1
contácto sex	0	1
conversacion caliente	0	1
conversacion hot	0	1
conversaciones calientes de whatsapp	0	1
conversaciones calientes whatsapp	0	1
conversaciónes hot	0	1
conversar con amigos	0	1
conversar de sexo	0	1
conversar online	0	1
cornudo chat xxx	0	1
cornudos en chat hispano	0	1
costumbre venezolana	0	1
costumbre venezuela	0	1
costumbres venezolana	0	1
cruising caracas telegram	0	1
cruising contactos	0	1
cuat de sexo	0	1
cuat sexo	0	1
cubachat	0	1
cuban chat	0	1
cubanos chat	0	1
cuckild chat	0	1
cuckold chst	0	1
cuckold latam telegram	0	1
culiar en linia	0	1
culonas chat	0	1
cvat sexo	0	1
dala chat	0	1
dale chat hot gay	0	1
dale chat lesbianas	0	1
dale chat travestis	0	1
dalechathotvenezuela	0	1
dalechatporno	0	1
damas de compañia lesbianas	0	1
dchat hot	0	1
donde puedo tener sexo gratis	0	1
dsle chat venezuela	0	1
dónde conocer mujeres	0	1
ek char	0	1
el caht	0	1
el cgat	0	1
el chat .com	0	1
el chat 2	0	1
el chat 2 movil	0	1
el chat cali	0	1
el chat cam	0	1
el chat cornudos	0	1
el chat de mendoza	0	1
el chat de puebla	0	1
el chat del sexo	0	1
el chat en ecuador	0	1
el chat hot	0	1
el chat merida	0	1
el chat nuevo leon	0	1
el chat ozu	0	1
el chat sin registro	0	1
el chat versión 2	0	1
el chat yucatan	0	1
el chatcam	0	1
el hat	0	1
el latin chat	0	1
el rincon venezolano	0	1
el terra chat	0	1
el. chat	0	1
elchat colombia	0	1
elchat mexico	0	1
elchat.cim	0	1
elchat.con	0	1
elchat.net	0	1
elchat.net html	0	1
elchat.net html5	0	1
elchatea net	0	1
elchatgay.net	0	1
elchatmx	0	1
elchatnet	0	1
elchat}	0	1
elchqt	0	1
elchsy	0	1
elcvat	0	1
elvhat	0	1
encontrar pareja gay	0	1
encontrar parejas	0	1
encuentro sexuales caracas	0	1
encuentros barquisimeto telegram	0	1
encuentros casuales en caracas	0	1
encuentros chat	0	1
encuentros con casadas	0	1
encuentros con chicas	0	1
encuentros con maduras	0	1
encuentros con mujeres	0	1
encuentros con mujeres gratis	0	1
encuentros gay gratis	0	1
encuentros gay merida	0	1
encuentros gay online	0	1
encuentros hot	0	1
encuentros lesbicos	0	1
encuentros merida	0	1
encuentros sexuales gay	0	1
encuetros gay	0	1
enlaces gay	0	1
entrar a salas de chat	0	1
erot chat	0	1
erotic chats	0	1
escort chat	0	1
escort chat hot	0	1
escort gay	0	1
escort gay carabobo	0	1
escort gay mérida	0	1
escort gratis	0	1
escort lesbians	0	1
escorts gay venezuela	0	1
españolas chat sexy	0	1
estoeschat gay	0	1
estrik chat	0	1
eñchat	0	1
fiesta de venezuela	0	1
fiestas	0	1
flighter chat gay	0	1
follar venezuela	0	1
foro de cornudos	0	1
foro gay bogota	0	1
foros chat gratis	0	1
foros y chat	0	1
forum barquisimeto	0	1
forums chat	0	1
free chat gay	0	1
free chat sexy	0	1
free chat zone	0	1
free chatroulette	0	1
gat chat live	0	1
gay a domicilio	0	1
gay boys chat	0	1
gay casual	0	1
gay cerca de mi	0	1
gay cha	0	1
gay char	0	1
gay chat +18	0	1
gay chat cam	0	1
gay chat camara	0	1
gay chat can	0	1
gay chat cruising	0	1
gay chat gay	0	1
gay chat gdl	0	1
gay chat kiwi	0	1
gay chat net	0	1
gay chat random	0	1
gay chat sin registro	0	1
gay chat usa	0	1
gay chat venezuela telegram	0	1
gay chat vivo	0	1
gay chat world	0	1
gay chat x	0	1
gay chatxxx	0	1
gay colombia	0	1
gay cont	0	1
gay cruising pagina	0	1
gay en	0	1
gay encuentros	0	1
gay hispano	0	1
gay numero	0	1
gay numeros	0	1
gay online chats	0	1
gay prepago	0	1
gay puerto ordaz	0	1
gay san cristobal	0	1
gay sex chay	0	1
gay sexchat	0	1
gay sx chat	0	1
gay video chats	0	1
gay whatsapp chat	0	1
gay ws	0	1
gay xxx chats	0	1
gay xxxx chat	0	1
gay zona	0	1
gay. chat	0	1
gaychay	0	1
gaycht	0	1
gaycolombia	0	1
gays citas	0	1
gays encuentros	0	1
gays online	0	1
gays paginas	0	1
gays prepago	0	1
gays venezuela telegram	0	1
gays4.net	0	1
gayxx.net	0	1
gchat gratis	0	1
gchat hot	0	1
genrechat	0	1
gente char	0	1
gente chat cornudos	0	1
gente chat mas de 50 y 60	0	1
gente cht	0	1
gente chta	0	1
gente cjat	0	1
gente de ambiente	0	1
gentecha	0	1
gentechat caracas	0	1
gentechat españa	0	1
gentechat mas de 40	0	1
gentechat mas de 60	0	1
gentechat net	0	1
gentechat net colombia	0	1
gentechat.net	0	1
gentedechat	0	1
gentehispana sexo	0	1
gentevhat	0	1
gentw chat	0	1
geomundos mas de 40	0	1
gey chat online	0	1
gratis chatroulette	0	1
gratis chats	0	1
grupo de amistades	0	1
grupo de citas	0	1
grupo de sexo virtual	0	1
grupo de telegram amistad	0	1
grupo de telegram solteros	0	1
grupo de telegram venezolanas	0	1
grupo de whatsapp de gay	0	1
grupo de whatsapp gay bogota	0	1
grupo whatsapp gay bogota	0	1
grupos chat gay	0	1
grupos de amistad	0	1
grupos de sexo gratis	0	1
grupos de telegram latinas	0	1
grupos de telegram para conocer chicas venezuela	0	1
grupos de telegram venezuela xxx	0	1
grupos de whatsapp caracas	0	1
grupos de whatsapp gay	0	1
grupos de whatsapp para buscar pareja	0	1
grupos de whatsapp para conseguir novia	0	1
grupos gay messenger	0	1
grupos gay telegram maracaibo	0	1
grupos para amigar	0	1
grupos para buscar pareja en whatsapp	0	1
grupos para conocer gente gratis	0	1
grupos para conseguir novia	0	1
grupos para encontrar pareja gay	0	1
grupos para encontrar pareja whatsapp	0	1
grupos para encuentros sexuales	0	1
grupos para hablar con gente	0	1
grupos sexo	0	1
grupos telegram venecas	0	1
grupos telegram xxx venezuela	0	1
grupos venezuela	0	1
guadalajara chat	0	1
guia gay whatsapp	0	1
guía gay	0	1
gwneral chat	0	1
gwnte chat	0	1
gy chat	0	1
habalr con mujeres	0	1
habla chat	0	1
habla con gente	0	1
habla con un adulto	0	1
hablando con mujeres	0	1
hablar con	0	1
hablar con adolescentes online	0	1
hablar con alguien online	0	1
hablar con chica	0	1
hablar con chicas por whatsapp	0	1
hablar con chicas sexo	0	1
hablar con chicas sin registro	0	1
hablar con hombre	0	1
hablar con hombres calientes	0	1
hablar con mijeres	0	1
hablar con mujeres gratis en vivo	0	1
hablar con mujeres sin pagar	0	1
hablar con mujeres xx	0	1
hablar con otras personas online	0	1
hablar con personas de otros países	0	1
hablar con personas porno	0	1
hablar con trans gratis	0	1
hablar con travestis	0	1
hablar en vivo con mujeres	0	1
hat cornudos	0	1
hat gya	0	1
hat hpt	0	1
hat jot	0	1
hateagratis	0	1
hchat hot	0	1
hispano chat movil	0	1
hispano irc	0	1
hispanochat	0	1
hispanochat gay	0	1
hombre busca hombre aragua	0	1
hombres gays solteros	0	1
horny gay chat	0	1
hot chat love	0	1
hot chat whatsapp	0	1
hot dale chat	0	1
hot foro	0	1
hot gratis	0	1
hot sex chat	0	1
hot video chat gay	0	1
hotchat gratis	0	1
interactuar con mujeres	0	1
internet en venezuela	0	1
irc chat valencia	0	1
irc cornudos	0	1
irc hispano cornudos	0	1
irc irc hispano org	0	1
irc-hispano	0	1
jente haciendo el amor	0	1
kiwi chat gay	0	1
kiwi chat sexo	0	1
kiwi chatea gratis	0	1
kiwiirc chat	0	1
laatinchat	0	1
lacanchatv	0	1
lagin chat	0	1
laginchat	0	1
laitnchat	0	1
lat8nchat	0	1
laticnaht	0	1
latiinchat	0	1
latik chat gay	0	1
latin chac	0	1
latin chad	0	1
latin chat chihuahua	0	1
latin chat gay bogota	0	1
latin chat lesbianas	0	1
latin chat lima	0	1
latin chat movil	0	1
latin chat paises	0	1
latin chat sin registro	0	1
latin chats gay	0	1
latin hat	0	1
latin vhat	0	1
latin xat	0	1
latin xhat	0	1
latina videochat	0	1
latincbat	0	1
latinchat adultos	0	1
latinchat argentina	0	1
latinchat cali	0	1
latinchat con	0	1
latinchat en español gratis	0	1
latinchat españa mas de 40	0	1
latinchat gay colombia	0	1
latinchat gentechat	0	1
latinchat gratis mexico	0	1
latinchat guadalajara	0	1
latinchat mazmorra	0	1
latinchat méxico	0	1
latinchat porno	0	1
latinchat salas	0	1
latinchat sin registro	0	1
latinchat sonora	0	1
latinchat tijuana	0	1
latinchat travestis	0	1
latinchat xxx	0	1
latinchata	0	1
latinchatcaliente	0	1
latinchatnet com	0	1
latinchats.net	0	1
latinchats.org	0	1
latinchatt	0	1
latinchay gay	0	1
latinchays	0	1
latinchicos	0	1
latinhat	0	1
latinnchat	0	1
latinoamerica chat	0	1
latín chat caliente	0	1
latín chat hot	0	1
latín chat méxico	0	1
layin chat	0	1
lerotica chat	0	1
lesbi chat	0	1
lesbian chat	0	1
lesbian escort	0	1
lesbianas cerca de mi	0	1
lesbianas contacto	0	1
lesbianas.net	0	1
lesbians chats	0	1
lesbienne chat	0	1
lesvianas venezolanas	0	1
lgbt chat	0	1
ligachat	0	1
ligar chat gratis	0	1
ligar chateando	0	1
ligar en venezuela	0	1
ligar online gratis	0	1
ligoteo gratis	0	1
lineas hot	0	1
live chat hot	0	1
live gay char	0	1
live maduras	0	1
live webcam chat gratis	0	1
llamada con señoras	0	1
llamada hot online	0	1
llamadas con gays	0	1
llamar a mujeres gratis	0	1
llamar mujeres gratis	0	1
llatinchat	0	1
locanto guanare	0	1
lonely planet venezuela	0	1
los chinamitos	0	1
lugar para chatear y conocer gente	0	1
lugares para chatear y conocer gente	0	1
lugares para hablar	0	1
línea caliente en vivo	0	1
maduras calientes cerca	0	1
maduras gratis	0	1
maduras hablar	0	1
maduras latinas gratis	0	1
maduras videochat	0	1
maduritas online	0	1
maduros chat gay	0	1
maduros gay whatsapp	0	1
maracaibo chat telegram	0	1
maracaibo gay	0	1
mas 40 chat	0	1
mas de 50 chat	0	1
mas_de_40	0	1
mazmorra chateagratis	0	1
mchat gay	0	1
mejores chat de sexo	0	1
mejores chats para conocer gente	0	1
mejores salas de chat	0	1
men chat	0	1
mensajear con desconocidos	0	1
merida gay telegram	0	1
messenger chicas	0	1
mi chet	0	1
micbat	0	1
milf chat gratis	0	1
mipunto com chat	0	1
miranda chat	0	1
muestra mas	0	1
mujer en linea	0	1
mujer numeros de whatsapp	0	1
mujeres buscando pareja en caracas	0	1
mujeres buscando pareja por whatsapp	0	1
mujeres buscando pareja por whatsapp gratis	0	1
mujeres cachondas gratis	0	1
mujeres calientes en vivo	0	1
mujeres calientes hablar	0	1
mujeres calientes videochat	0	1
mujeres chat online	0	1
mujeres chat sexo	0	1
mujeres chat xxx	0	1
mujeres citas	0	1
mujeres en chat en vivo	0	1
mujeres en el chat	0	1
mujeres hablar	0	1
mujeres hot online	0	1
mujeres latinas buscando pareja	0	1
mujeres maduras contactos	0	1
mujeres maduras para conocer	0	1
mujeres número	0	1
mujeres online en vivo	0	1
mujeres para charlar	0	1
mujeres para chat por whatsapp	0	1
mujeres para chatear por whatsapp gratis	0	1
mujeres para conocer	0	1
mujeres para encuentros	0	1
mujeres para sexo virtual	0	1
mujeres por whatsapp	0	1
mujeres que buscan sexo	0	1
mujeres solteras barquisimeto	0	1
mujeres solteras en vivo	0	1
mujeres solteras maracay	0	1
mujeres solteras zulia	0	1
mujeres xxx chat	0	1
musicachat	0	1
más de 50	0	1
net gay	0	1
net tchatche	0	1
neuquen chat	0	1
ninfomanas chat	0	1
no me carga	0	1
numero de chicas whatsapp	0	1
numero de gays	0	1
numero de lesbianas	0	1
numero de mujeres de barquisimeto para sexo	0	1
numero de mujeres para video llamada	0	1
numero de teléfono de mujeres	0	1
numero de travestis	0	1
numero de whatsapp de mujeres soltera	0	1
numero de whatsapp de mujeres solteras	0	1
numero gays	0	1
numeros de chicas whatsapp	0	1
numeros de gay cerca de mi	0	1
numeros de geis	0	1
numeros de maduras	0	1
numeros de maduras calientes	0	1
numeros de mujeres cachondas	0	1
numeros de mujeres gratis	0	1
numeros de mujeres hot	0	1
numeros de mujeres para hablar por whatsapp	0	1
numeros de whatsapp de chicos gay	0	1
número de chica	0	1
número de gays whatsapp	0	1
número de hombres gay	0	1
número de mujeres para chatear por whatsapp	0	1
número de mujeres soltera	0	1
número de teléfono de travesti	0	1
número de teléfono de travestis	0	1
número de teléfono mujeres	0	1
número de whatsapp de hombres gay	0	1
número de whatsapp de mujeres soltera	0	1
número gay	0	1
número travesti	0	1
números de chica	0	1
números de chicas	0	1
números de chicas whatsapp	0	1
números de chicos gay	0	1
números de gay para whatsapp	0	1
números de hombres gay	0	1
números de mujeres de whatsapp	0	1
números de teléfono de mujeres	0	1
números de whatsapp de mujeres solteras	0	1
números de whatsapp gay	0	1
números de whatsapp mujeres	0	1
números de whatsapp para conversar	0	1
números de whatsapp xxx	0	1
números para sexo	0	1
números whatsapp chicas	0	1
omegke sin registro	0	1
omegle chat españa	0	1
omegle chicas al azar	0	1
omegle gey	0	1
omegle hombres gay	0	1
omegle lesbianas latinas	0	1
omegle mujeres sin registro	0	1
omegle para buscar pareja	0	1
omegle para niños de 12 a 15 años	0	1
omegle sin baneo	0	1
omegle sin registrar	0	1
omegle sin registro gay	0	1
omegle sin registro gratis	0	1
omegle tv gratis mujeres	0	1
omegle xxxgay	0	1
online chat hot	0	1
online chatroulette	0	1
online chicas	0	1
online hot chat	0	1
orno chat	0	1
otros chats gratis	0	1
p**** gratis con mujeres maduras	0	1
pag gay	0	1
pag para chatear	0	1
pagina amistad	0	1
pagina chat sexo	0	1
pagina citas sexo	0	1
pagina conocer gente gratis	0	1
pagina de chicas en vivo	0	1
pagina de citas sexo	0	1
pagina de contacto gay	0	1
pagina hot gratis	0	1
pagina para conocer gente gratis	0	1
pagina para conocer hombres gay	0	1
pagina para conocer mujeres gratis	0	1
pagina para conocer personas	0	1
pagina para gays	0	1
pagina para hablar con gente	0	1
pagina para hacer amistades gratis	0	1
pagina para mujeres	0	1
pagina porno chat	0	1
pagina travesti	0	1
paginas amistad gratis	0	1
paginas chat	0	1
paginas chat en vivo	0	1
paginas chat online	0	1
paginas cornudos	0	1
paginas de amistad	0	1
paginas de chat gratis en cuba	0	1
paginas de chat online	0	1
paginas de chat sin registro	0	1
paginas de chatear gratis	0	1
paginas de chats gratis	0	1
paginas de contactos gays	0	1
paginas de encuentros gays	0	1
paginas de geys	0	1
paginas de homosexuales	0	1
paginas de mujeres solteras	0	1
paginas de parejas liberales	0	1
paginas en linea para conocer gente	0	1
paginas gay guarenas	0	1
paginas gay para conocer gente	0	1
paginas gratis para conocer personas	0	1
paginas lesbianas	0	1
paginas para chatear con amigos	0	1
paginas para chatear con chicas gratis	0	1
paginas para chatear con desconocidos	0	1
paginas para chatear con gays	0	1
paginas para chatear xxx	0	1
paginas para chats	0	1
paginas para citas en venezuela	0	1
paginas para citas gay	0	1
paginas para conocer amigos	0	1
paginas para conocer chicos gay	0	1
paginas para conocer gays	0	1
paginas para encontrar amigos	0	1
paginas para hablar con gente	0	1
paginas para hablar con personas online	0	1
paginas para hablar xxx	0	1
paginas para sexchat	0	1
paginas para sexo gratis	0	1
paginas porno en venezuela	0	1
paginas seco	0	1
paginas travestis	0	1
pajinas	0	1
pajinas chat gratis	0	1
pajinas de chicas	0	1
palchateo chat	0	1
para conseguir novia	0	1
para conversar	0	1
para gays	0	1
para hablar con mujeres cachondas	0	1
para hablar con mujeres por videollamada gratis	0	1
parejas chat	0	1
pchat porno	0	1
pchat sex	0	1
pchat xxx	0	1
peekyou venezuela	0	1
personas cerca de mi	0	1
personas para hablar	0	1
peru venecas telegram	0	1
peruanas coneras telegram	0	1
pirno chat	0	1
platicas hot	0	1
platicas hot whatsapp	0	1
pono chat	0	1
pontetu	0	1
pormo gay chat	0	1
pornl chat	0	1
porno cahat	0	1
porno cajt	0	1
porno cchat	0	1
porno chag	0	1
porno chat anonimo	0	1
porno chat xxx	0	1
porno chsts	0	1
porno chwt	0	1
porno en chats	0	1
porno gay chats	0	1
porno shat	0	1
porno vhst	0	1
porno. chat	0	1
porrno chat	0	1
portalchat sumisas	0	1
pprno chat	0	1
prepago gey	0	1
priv chat	0	1
privado chat	0	1
privado online	0	1
private gay	0	1
private gay chat	0	1
prostitutas gratis	0	1
pub chat	0	1
punto chat it gratis	0	1
puntochat cl	0	1
página de citas en venezuela	0	1
página de citas gay	0	1
página de lesbianas	0	1
página gratis para conocer mujeres	0	1
página para citas gay	0	1
página para conocer personas	0	1
página para encontrar pareja	0	1
página para hablar con extranjeros	0	1
página trans	0	1
páginas de chicas	0	1
páginas para chatear con gente	0	1
páginas para conocer extranjeros gratis	0	1
páginas para conocer gente	0	1
páginas para encuentros gay	0	1
páginas para hablar con desconocidos	0	1
páginas para hablar con gente	0	1
páginas para hablar con personas xxx	0	1
páginas para ligar gratis	0	1
páginas pessoais de gays	0	1
quedar con mujeres gratis	0	1
quiero chatroulette	0	1
quiero hablar con chicas gratis	0	1
quierochat roulette	0	1
quierochatear	0	1
qué es chat tv	0	1
radio y chat	0	1
ramdom chat gay	0	1
random chatroulette	0	1
registro cantv	0	1
relacion erotico chatear	0	1
relaciones contactos	0	1
rolette chat	0	1
roulet chat	0	1
rouletee chat	0	1
roulettachat	0	1
roulette en español	0	1
roulotte chat	0	1
ruleta cam top	0	1
ruletchat	0	1
rulette chats	0	1
sadomaso chat	0	1
sakas de chat	0	1
sala caht	0	1
sala char	0	1
sala chat caliente	0	1
sala chat espanol	0	1
sala chat.	0	1
sala chats	0	1
sala de bate papo	0	1
sala de caht	0	1
sala de chat cali	0	1
sala de chat con cam	0	1
sala de chat con webcam	0	1
sala de chat de sexo gratis	0	1
sala de chat en españa	0	1
sala de chat en vivo	0	1
sala de chat friends	0	1
sala de chat gratis sin registrarse	0	1
sala de chat gremio docente	0	1
sala de chat panama	0	1
sala de chat sin registro	0	1
sala de chats gratis sin registro	0	1
sala de chay	0	1
sala de sexo chat	0	1
sala de sexo gratis	0	1
sala gay chat	0	1
sala gratis chat	0	1
sala para chatear gratis	0	1
sala sado	0	1
sala videochat	0	1
sala webcam	0	1
sala xhat	0	1
salachat	0	1
salas chat gratis sin registro	0	1
salas chat online	0	1
salas chats gratis	0	1
salas de cam	0	1
salas de charla	0	1
salas de charla el mundo	0	1
salas de chat amigos	0	1
salas de chat con camara gratis	0	1
salas de chat de cornudos	0	1
salas de chat ecuador	0	1
salas de chat en ecuador	0	1
salas de chat en espanol	0	1
salas de chat en españa	0	1
salas de chat eroticos	0	1
salas de chat friends	0	1
salas de chat gratis con fotos	0	1
salas de chat latinas	0	1
salas de chat latinos	0	1
salas de chat mendoza	0	1
salas de chat mexico	0	1
salas de chat random	0	1
salas de chat sexo	0	1
salas de chat terra	0	1
salas de chat valencia	0	1
salas de chat webcam	0	1
salas de chats del mundo	0	1
salas de chats gratis en español	0	1
salas de cjat	0	1
salas de videochat gratis	0	1
salas fe chat	0	1
salas para chat	0	1
salas para chatear gratis sin registro	0	1
salas videochat	0	1
salas.de chat	0	1
schat hot	0	1
se busca gay	0	1
se busca gay activo táchira	0	1
seco geatis	0	1
sed chat	0	1
sedo chat	0	1
servicios gays	0	1
sex caht gay	0	1
sex chag	0	1
sex chah	0	1
sex chat a	0	1
sex chat bogota	0	1
sex chat gat	0	1
sex chat gay.	0	1
sex chat hot	0	1
sex chat mature	0	1
sex chat whatsapp	0	1
sex chatee	0	1
sex chatm	0	1
sex chats gay	0	1
sex chet	0	1
sex cjat	0	1
sex xgat	0	1
sex xhat.	0	1
sex xhst	0	1
sexcam chat gay	0	1
sexchat.	0	1
sexl chat	0	1
sexo casual caracas	0	1
sexo casual chat	0	1
sexo cgat	0	1
sexo chat trans	0	1
sexo chat web	0	1
sexo chat whatsapp	0	1
sexo chat xxx	0	1
sexo chate	0	1
sexo chatear	0	1
sexo chqt	0	1
sexo cjat	0	1
sexo en caracas con mujeres	0	1
sexo en linia gratis	0	1
sexo enlinea	0	1
sexo gay cerca de mi	0	1
sexo gay citas	0	1
sexo gay contactos	0	1
sexo gay en línea	0	1
sexo gratis carabobo	0	1
sexo gratis cerca de mi	0	1
sexo gratis contacto	0	1
sexo gratis encuentros	0	1
sexo gratis whatsapp	0	1
sexo online	0	1
sexo pv	0	1
sexo vhat	0	1
sexo video chat gratis	0	1
sexochatgay	0	1
sexting chat gratis	0	1
sexy chat gratis	0	1
sexy chatt	0	1
sexy hot chat	0	1
sexy xhat	0	1
shat sexo	0	1
shemale online	0	1
shemales vzl	0	1
site chat roulette	0	1
site chico gay 9 info oso caracas gay	0	1
site sala gratis chat webcam info webcam casera gratis	0	1
sitio chatear	0	1
sitio de citas venezuela	0	1
sitio gay cerca de mi ubicación	0	1
sitio web para chatear con mujeres gratis	0	1
sitios chatroulette	0	1
sitios como omegle	0	1
sitios de chat en vivo	0	1
sitios de chat gay	0	1
sitios de chat xxx	0	1
sitios de citas gay	0	1
sitios de encuentros gay	0	1
sitios de sexo gratis	0	1
sitios gay en caracas	0	1
sitios para buscar sexo	0	1
sitios para chatear con gente	0	1
sitios para chatear gratis sin registrarse	0	1
sitios para conocer gente gratis	0	1
sitios web para gays	0	1
solo venecas telegram	0	1
solteras caracas	0	1
srxo online	0	1
stric cha	0	1
stric chats	0	1
swx chats	0	1
swx vhat	0	1
t gay	0	1
t.me gay venezuela	0	1
ta chat	0	1
tarot gratis chat online	0	1
tarot por chat gratis	0	1
tchat gay	0	1
tchat gratis	0	1
tchat hor	0	1
tchat lesbien	0	1
telefono gay	0	1
telefonos gay	0	1
telegram chat amistad	0	1
telegram chicas venezolanas	0	1
telegram cuckold chat	0	1
telegram famosas venezolanas	0	1
telegram gay valencia	0	1
telegram peruanas coneras	0	1
telegram venezolanas +18	0	1
telegram venezuela chat	0	1
telegran gay venezuela	0	1
teléfono de lesbianas	0	1
terra argentina chat	0	1
terra caht sexo	0	1
terra chat 50	0	1
terra chat arg	0	1
terra chat chile	0	1
terra chat mobil	0	1
terra chat méxico	0	1
terra chat official website	0	1
terra chat parejas	0	1
terra chat peru	0	1
terra chat quiero chat	0	1
terra chat salas	0	1
terra chat todas las salas	0	1
terra chat whatsapp	0	1
terra chats	0	1
terra chatsexo	0	1
terra cht	0	1
terra cornudos	0	1
terra en venezuela	0	1
terra es chat alternativo	0	1
terra gratis	0	1
terra latino	0	1
terra sex chat	0	1
terra/chat	0	1
terrachat	0	1
terrachat chile	0	1
terrachat gratis	0	1
terrachat movil	0	1
terrachat.ed	0	1
terrachat.net	0	1
tinder maracay	0	1
tinder venezuela gratis	0	1
todas las salas de chat	0	1
toledo chat	0	1
top chat brasil	0	1
top gay chats	0	1
tradicion venezuela	0	1
tradiciones y costumbres venezolanas	0	1
tranny venezuela	0	1
trans chat sex	0	1
trans chat.	0	1
trans en directo	0	1
trans encuentro	0	1
trans gay chat	0	1
trans online web	0	1
trans para conocer	0	1
transex chat	0	1
transexual caracas	0	1
transexual contacto	0	1
transexuales en vivo	0	1
tranvestichat	0	1
travesti cha	0	1
travesti tchat	0	1
travesti venezolana	0	1
travesticaht	0	1
travestichat.com	0	1
travestichatt	0	1
travestiechat	0	1
travestis cam	0	1
travestis gratis	0	1
travestis pagina	0	1
travestis.net	0	1
trios en caracas	0	1
tu-chat	0	1
tv chat 792	0	1
tv y chat	0	1
tvychat	0	1
twrrachat latina	0	1
uol chat gratis	0	1
usa chat roulette	0	1
valencia gay telegram	0	1
vchat gay	0	1
ve chat sex	0	1
ven gay	0	1
vendz	0	1
venecas en colombia telegram	0	1
venecas peru telegram xxx	0	1
venesolanas	0	1
veneto chat	0	1
venex internet	0	1
venezolana cam	0	1
venezolana chat xxx	0	1
venezolana online	0	1
venezolanas xxx telegram	0	1
venezuela amigo	0	1
venezuela chat telegram	0	1
venezuela locutorio	0	1
venezuela lonely planet	0	1
venezuela social app	0	1
venezuela tranny	0	1
venezuela video call	0	1
venezuela whatsapp	0	1
venezuelan lesbians	0	1
venezuelas telegram	0	1
venzwila	0	1
ver chat gratis	0	1
ver mujeres gratis	0	1
vhat gau	0	1
vhat hlt	0	1
vhat hoy	0	1
vhat online	0	1
vhat sin registro	0	1
vhat valencia	0	1
vhatea	0	1
vhatea gratis	0	1
vhst sexo	0	1
via rosario chat gay	0	1
viarosario chat gay	0	1
viciosas gratis	0	1
videl chat gay	0	1
vidente chat online gratis	0	1
video cha gay	0	1
video chag gay	0	1
video chat adulto gay	0	1
video chat caliente gay	0	1
video chat caliente sin registro	0	1
video chat calientes gratis	0	1
video chat chicas gratis	0	1
video chat chicas hot	0	1
video chat con chicas hot	0	1
video chat con mujer	0	1
video chat con mujeres online	0	1
video chat con mujeres sin registro	0	1
video chat con putas gratis	0	1
video chat de chicas	0	1
video chat en linea con mujeres	0	1
video chat en linea gratis	0	1
video chat en vivo gay	0	1
video chat en vivo sin registro	0	1
video chat español	0	1
video chat gat	0	1
video chat gay.	0	1
video chat gayy	0	1
video chat gratis en linea	0	1
video chat gratis sin registrarte	0	1
video chat gratis xxx	0	1
video chat gratis.	0	1
video chat gratuito	0	1
video chat gy	0	1
video chat hot con mujeres gratis	0	1
video chat hot gratis sin registro	0	1
video chat hot live	0	1
video chat hott	0	1
video chat hoy	0	1
video chat mijeres	0	1
video chat mujeres maduras	0	1
video chat net	0	1
video chat online	0	1
video chat online mujeres	0	1
video chat online trans	0	1
video chat porno	0	1
video chat roulete	0	1
video chat sexo gratis sin registro	0	1
video chat solo mujeres	0	1
video chat tay	0	1
video chat totalmente gratis	0	1
video chat tran	0	1
video chat travesti	0	1
video chats caliente	0	1
video chats calientes gratis	0	1
video chats pornos	0	1
video chatt gay	0	1
video cht gay	0	1
video gay chat	0	1
video llamada con gays	0	1
video llamada en vivo gratis	0	1
video llamada mujeres	0	1
video llamadas con chicas gratis sin registro	0	1
video llamadas con gays	0	1
video llamadas en linea	0	1
video llamadas gratis con mujeres solteras	0	1
video llamadas maduras	0	1
video llamda hot gratis	0	1
video. hat gay	0	1
video.chat gay	0	1
videocaht gay	0	1
videocam con mujeres	0	1
videocam gratis	0	1
videocchat gay	0	1
videochag gay	0	1
videochat 18	0	1
videochat adultos	0	1
videochat con gays	0	1
videochat con lesbianas	0	1
videochat con trans	0	1
videochat de gays	0	1
videochat en vivo gay	0	1
videochat español	0	1
videochat gau	0	1
videochat gay anonimo	0	1
videochat gay gratis sin registro	0	1
videochat gay hot	0	1
videochat gay online gratis	0	1
videochat gay random	0	1
videochat gratia	0	1
videochat gratis en vivo	0	1
videochat gratis sexo	0	1
videochat gratis trans	0	1
videochat hot con mujeres gratis	0	1
videochat hot gay	0	1
videochat hot gratis sin registro	0	1
videochat latino	0	1
videochat mujere	0	1
videochat mujeres sexo	0	1
videochat online sin registro	0	1
videochat para mayores	0	1
videochat sin iniciar sesion	0	1
videochat totalmente gratis	0	1
videochat trans gratis	0	1
videochat xxx sin registro	0	1
videochat.chat	0	1
videochathot gratis	0	1
videochats en linea	0	1
videochats online	0	1
videochst gay	0	1
videocjat hot	0	1
videocwlwba	0	1
videogay chat	0	1
videollamada con chicas gratis online	0	1
videollamada con desconocidos gratis	0	1
videollamada con hombres gay	0	1
videollamada con lesbianas	0	1
videollamada con mujeres gratis caliente	0	1
videollamada con mujeres online	0	1
videollamada con mujeres sin registro	0	1
videollamada con mujeres solteras gratis	0	1
videollamada con mujeres whatsapp	0	1
videollamada con trans gratis	0	1
videollamada en linea gratis	0	1
videollamada free	0	1
videollamada gay colombia	0	1
videollamada gay online sin registro	0	1
videollamada gay sexo	0	1
videollamada gay whatsapp	0	1
videollamada gratis hot	0	1
videollamada hot con mujeres gratis	0	1
videollamada mujeres gratis sin registro	0	1
videollamada online	0	1
videollamada online con mujeres sin registro	0	1
videollamada online gay	0	1
videollamada online sin registro	0	1
videollamada para adultos	0	1
videollamada para conocer gente	0	1
videollamadas al azar	0	1
videollamadas cali	0	1
videollamadas calientes	0	1
videollamadas calientes con mujeres	0	1
videollamadas con chicas gratis	0	1
videollamadas con extraños gratis	0	1
videollamadas con mujeres online gratis sin registro	0	1
videollamadas con mujeres sin registro	0	1
videollamadas con trans	0	1
videollamadas gay en vivo	0	1
videollamadas hot gratis sin registro	0	1
videollamadas hot sin registro	0	1
videollamadas maduras	0	1
videollamadas online gratis con mujeres gratis sin registro	0	1
videollamadas online gratis sin registro mujeres	0	1
videollamadas online gratis sin registro porno	0	1
videollamadas para ligar	0	1
videollamadas trans	0	1
videollamadas xxx sin registro	0	1
videollamads con mujeres	0	1
videollamda sin registro	0	1
videos chat con mujeres	0	1
videos chat en linea	0	1
videos chat gratis en español	0	1
videos chat para gay	0	1
videos chats gratis	0	1
videos chats online gratis	0	1
videos chicos gay gratis	0	1
videos gay venezuela	0	1
videos gays chat	0	1
videoschat gay	0	1
videovhat gay	0	1
videpchat gay	0	1
vidoe chat gay	0	1
vidoechatgay	0	1
vifeo chat gay	0	1
vudeochat gay	0	1
vudeochatgay	0	1
vzlavirtual	0	1
vídeo chat mujeres	0	1
w latin chat com	0	1
web cam sin registro	0	1
web cam venezolana	0	1
web chat cornudos	0	1
web chat porno	0	1
web gay live	0	1
web gays	0	1
web para chatear gratis	0	1
web para cornudos	0	1
web para hablar con mujeres gratis	0	1
webcam chat chatroulette	0	1
webcam de maduras gratis	0	1
webcam en vivo chat	0	1
webcam gratis chat	0	1
webcam gratis mujeres	0	1
webcam hot chat	0	1
webcam margarita	0	1
webcam sin registro	0	1
webcam sin registro gratis	0	1
webcam venezolana	0	1
webcam4gratis	0	1
webcamgratis	0	1
webcams venezuela	0	1
webchat mexico	0	1
webchat sin registro	0	1
wecan gay gratis	0	1
wed cam chat gay	0	1
wed cam gay chat	0	1
whatsapp de gay	0	1
whatsapp de mujeres solteras	0	1
whatsapp mujeres solteras	0	1
whatsapp para coger	0	1
whatsapp parejas	0	1
whatsapp tran	0	1
whatsapp trans	0	1
whatsapp travesti	0	1
whatsapp venezuela	0	1
whatsappgay	0	1
wrotic chat	0	1
wsp gay	0	1
ww elchat com	0	1
www chat es	0	1
www chatear	0	1
www elchatdelatele com	0	1
www gaychat com	0	1
www latinchat com	0	1
www terra es chat salas	0	1
www.chateagratis.net	0	1
www.chateando.es	0	1
www.chatroulette.com	0	1
www.chats	0	1
www.latinchat	0	1
www.latinchat.com peru	0	1
www.messenger.com iniciar sesión	0	1
xat hot	0	1
xat sex	0	1
xchat irc	0	1
xchat porno	0	1
xhat cornudo	0	1
xhat cornudos	0	1
xhat erotico	0	1
xhat gat	0	1
xhat gay bogotá	0	1
xhat gay xxx	0	1
xhat hot gay	0	1
xhat hoy	0	1
xhat xx	0	1
xxx cgat	0	1
xxx chaf	0	1
xxx chag	0	1
xxx chat adultos	0	1
xxx chat cornudo	0	1
xxx chat maduras	0	1
xxx chat trans	0	1
xxx chatd	0	1
xxx chatear	0	1
xxx chatear gratis	0	1
xxx chatgay	0	1
xxx chqt	0	1
xxx chta	0	1
xxx chtas	0	1
xxx chwt	0	1
xxx conocer personas	0	1
xxx fhat	0	1
xxx gay char	0	1
xxx gays carabobo	0	1
xxx gays chat	0	1
xxx mujeres en linea	0	1
xxx omegle venezolana	0	1
xxx trans chat	0	1
xxxgaygratis	0	1
xxxx gay chat	0	1
zaragoza chat	0	1
zona gay	0	1
zulia gay telegram	0	1
zulia xxx telegram	0	1
çhat online	0	1
él chat	0	1
ñatin chat	0	1
ñatinchat	0	1
شات دردشتي	0	1
شات رولات	0	1
شات روليت	0	1
