> Consultas de chatzona.org en Search Console, 2026-05-08 a 2026-08-03. Extraído por API.
dale chat	3694	1577035
chat gratis	11322	1143345
chat hot	24752	819495
dalechat	1253	676940
chat hispano	2300	545496
chat gay	5288	342835
chat sexo	2581	274177
chat argentina	1039	254958
chat caliente	4087	209022
chatear gratis	2427	204689
chat venezuela	1889	196359
elchat	356	184589
chat bogota	784	174218
chat friends	947	127899
chat argentino	346	124242
quierochat	283	118744
gaycruising	51	117149
dalechatea	286	115878
chat terra	913	114008
chat online	2492	111690
chathispano	889	110731
chat peru	373	110171
chat barcelona	1297	104704
chathot	2258	102877
paranachat	90	100406
chat de sexo	1111	96114
chat madrid	666	93258
chatealo	361	91547
terra chat	360	91170
chat mexico	549	88159
chat uruguay	333	84953
chat cali	309	79406
chat españa	675	76376
chatzona	58724	75895
chat las palmas	1448	75423
viarosario	115	74980
chat gratis sin registro	1505	70218
chat mazmorra	1374	67489
chat asturias	446	67200
chat ecuador	525	66304
chat murcia	687	63914
chat arg	106	63898
salas de chat	894	63662
chatear	457	62858
chachipen	148	61377
chat gay sevilla	297	60711
chat colombia	934	60392
omegle chat	5434	59481
chat cordoba	330	58954
chatea gratis	336	58591
chat lima	400	56898
chatgratis	345	55246
chat sin registro	797	54090
chat cornudos	1127	53784
chat en linea	3197	51344
chat valencia	491	49859
misiochat	159	49539
chat sevilla	392	49056
chat lesbianas	1371	48909
chat chueca	250	48018
chat tenerife	718	47718
chat salta	76	46663
chat dale	85	45146
chatfriends	390	44059
latinchat	799	43099
chat gratis españa	547	42638
chat bogotá	533	42009
irc hispano	100	41219
chat alicante	545	40584
chat monterrey	808	39817
chat zona	29179	38942
chat bolivia	146	38925
chat online gratis	1122	38035
chat barranquilla	637	37960
chat sex	793	36926
chat zaragoza	819	36663
chat euskadi	1053	36580
bazoocam	1735	35912
chat nuevo leon	122	35824
chats gratis	864	35434
gente chat	112	35176
chatiapues	271	34867
chat mas de 60	422	33537
chat puebla	111	33384
salas de chat gratis	461	32208
chat gay madrid	550	31614
chat caracas	255	31012
chat mendoza	141	30767
chat sexo gratis	495	30489
chat gay gratis	819	30194
chat galicia	657	29987
chat jalisco	1388	29940
chat gay granada	209	29888
quiero chat	83	29620
chat gay tenerife	650	28553
chat gay rosario	166	28379
chat chihuahua	545	28202
chat gitano	98	27989
chat kiwi	579	27594
video chat gay	793	27488
chat cadiz	180	27136
chat libre	151	26194
chatsfriends	355	25718
chat gratis mexico	165	24905
chat gratis en español	790	24806
chat gay malaga	129	24631
chat chueca madrid	191	24307
chat medellin	152	23911
chat gay asturias	170	23681
chat hor	494	23552
chat hoy	299	23258
chat sudcalifornianos	64	23224
chat terra barcelona	188	23177
chat amistad	286	23022
chat costa rica	425	22535
chat cornudo	353	22414
chat cantabria	95	22404
el chat gratis	256	22270
dale chatea	62	22242
chatgay	275	22193
chat gay barcelona	184	22137
chat gay cadiz	324	21925
chat valladolid	233	21918
chat coruña	321	21794
chat trans	852	21737
chat malaga	313	21090
chat vigo	110	20920
chat travesti	543	20764
chat montevideo	110	20558
chat adolescentes	509	20541
chat trujillo	168	20534
chatsexo	157	20467
chat de lesbianas	620	20337
chat aguascalientes	246	20305
chat chueca euskadi	175	20212
chat chueca barcelona	200	20206
chat en español	262	20046
chat cristiano	186	19759
terrachat	55	19283
viarosario chat	90	18759
chat guatemala	207	18711
chat gratis barcelona	182	18652
chat chueca valencia	310	18470
chueca canarias	269	18240
chueca euskadi	111	18201
chat madrid gratis	183	17794
chat paraguay	186	17687
chat castellon	387	17621
chat mas de 40	321	17608
chat hot gratis	1369	17498
chat gay puebla	81	17334
chat merida	51	17323
terra chat alternativo	32	17013
sala de chat	194	16977
chat travestis	637	16849
kiwi chat	436	16760
chat hispano kiwi	97	16718
chat tucuman	48	16708
chat les	943	16442
hispano chat	250	16408
chat latino	204	16377
chats online	732	16261
chat gratis bogota	160	16160
dalechateame	25	16144
gay chat	361	16122
chat bdsm	625	16052
chat irc	63	16014
chat bilbao	133	15743
chat huelva	346	15517
chat yucatan	42	15379
chat guadalajara	316	15363
chat gratis usa	51	15352
chat andalucia	174	15127
chat amigos	383	15120
chat gay colombia	435	14810
chat jaen	116	14803
chat para conocer gente	803	14647
chat méxico	145	14499
chat español	534	14495
chat navarra	139	14487
chat sonora	45	14442
chueca valencia	213	14093
dale chat gratis	65	13922
chats	270	13809
chat toluca	59	13709
chat barcelona gratis	130	13686
chat hot online	1085	13677
chat gay cordoba	498	13644
chat lesbico	594	13450
chat gratis colombia	275	13423
sexo chat	207	13334
chat chachipen	49	13333
chat chueca baleares	146	13266
chat puebla gay	16	13173
chat mexico gratis	185	13096
chat canarias	392	12904
chueca chat	57	12893
chat friend	156	12889
chat gratis más de 50 a 60	157	12881
kiwi irc	235	12822
chat de venezuela	67	12814
chat bogota gratis	107	12699
chat granada	65	12553
chat gratis peru	64	12533
chat almeria	128	12516
chat erotico	185	12490
chat gay valencia	253	12224
chat gay murcia	255	12217
chat tijuana	674	12126
chat gratis madrid	132	12081
chat chaco corrientes	24	12060
chat rosario	27	12039
el chat de salta	12	12000
chat gratis argentina	145	11974
chat gay bcn	57	11965
chat gratis ecuador	101	11896
dalexhat	16	11871
chat sumisas	761	11787
chat org	66	11723
chat españa gratis	96	11633
chat queretaro	57	11605
chat coahuila	42	11602
chat perú	35	11596
chatcaliente	124	11580
chat girona	130	11561
chat gay peru	253	11460
via rosario chat	57	11407
dalechay	23	11407
chat gay latino	120	11279
chat de cornudos	283	11250
chat nudismo	163	11164
chat	130	11157
chat chueca canarias	111	11121
sudcalifornianos chat	27	11110
chat cubano	55	11098
chats hot	1898	11045
chat kiwi irc	210	11037
chat portugal	281	11004
chat peru gratis	52	10982
chueca baleares	180	10958
omegle gratis	1266	10944
chat gay sin registro	219	10829
chat paysandu	57	10707
bazocam	483	10703
chat chueca asturias	279	10690
chat argentina gratis	106	10671
chats calientes	766	10587
chat bucaramanga	346	10560
chat chueca murcia	45	10423
chat chueca kiwi	101	10342
chat antofagasta	53	10329
chueca barcelona	108	10310
chat mallorca	316	10294
chat buenos aires	139	10242
hot chat	767	10136
chat gay euskadi	54	10096
chat caliente en linea	971	10049
chat el chat	13	10031
chat veracruz	55	9934
chat adultos	271	9923
chat badajoz	149	9920
dsle chat	24	9885
chat cba	13	9843
chat lleida	35	9819
chat santiago	253	9817
chat de sexo gratis	236	9799
caliescali chat	55	9747
chat el salvador	103	9745
chat gay cibersexo	113	9689
chat albacete	74	9615
chat lesbiana	233	9546
chat terra alternativo	17	9496
chat 60	22	9472
chat salamanca	84	9375
chat terra gratis	55	9363
chat baleares	44	9336
chat usa gratis	34	9275
chatzone	1286	9236
chat de salta	18	9234
chat hispano kiwi irc	220	9004
chat quito	36	8867
chst hot	175	8821
chat lima peru	89	8773
chat cuernavaca	41	8772
chat alternativo	106	8766
chat de mujeres de 40 a 50 años gratis	1593	8746
chat hispano antiguo	73	8658
chat gratis en línea whatsapp	1404	8649
chatfriend	43	8630
chat zacatecas	105	8622
chat gratis venezuela	53	8483
chat mas de 50	46	8482
chat gay mexico	123	8443
dale xhat	13	8297
latin chat	219	8275
chat gay cantabria	45	8233
irc chat hispano	48	8206
chat gente	84	8067
chatealo.cl	28	8062
chat irc hispano	41	8047
chatonline	106	7983
chat gratis asturias	39	7960
el chat nuevo leon	15	7943
chat gay canarias	83	7933
chatperu	29	7801
chat ourense	80	7798
zonchat	30	7766
latinchat colombia	428	7728
omegla chat	339	7680
chat de nuevo leon	24	7658
chat gay online	185	7608
el chat de la tele	38	7608
chat esoterismo	117	7607
chat dikelame	15	7568
contactos gay cruising	11	7551
chat argentino más de 40	31	7497
chat gratis cali	122	7486
el chat costa rica	26	7472
chat gay españa	364	7450
chat gay málaga	29	7386
chat bcn	94	7331
calichat	14	7313
chat lugo	45	7292
chat para conocer personas gratis	449	7286
chats hots	864	7271
omegle español	803	7252
chat dominicano	224	7239
chat gay tenerife entradas	46	7230
chat gay cádiz	47	7224
dale hat	10	7180
chat sin registro gratis	96	7145
chat colombia gratis	170	7107
chat gratis más de 60	17	7096
terra chat barcelona	61	7004
chat en línea gratis	387	6969
gaycrusing	1	6939
chat con mujeres	776	6884
kiwichat	48	6845
chat asturias gratis	112	6813
chat terra españa	29	6806
chat venezuela gratis	69	6800
cali chat	30	6788
chat iquique	17	6765
chat arequipa	22	6734
chat cádiz	42	6725
chat bogotá gratis	45	6721
chat gay coruña	322	6578
chat leon	32	6572
chat gay baleares	79	6553
chat tenerife gratis	106	6552
chat gay monterrey	322	6536
chat gratis nuevo leon	11	6506
irc kiwi	143	6502
chat tucumanos	26	6497
chat para adultos	235	6452
sala de chat gratis	216	6425
chat sexo madrid	327	6369
chat maracaibo	62	6365
dslechat	14	6293
chat ligar	172	6273
chat gratis uruguay	23	6216
chat alborada	58	6215
chat córdoba	20	6208
chat concepcion	14	6204
omegle sin registro	329	6199
chat caliente españa	206	6151
dalechst	8	6151
chat sudcaliforniano	24	6140
chat gays	150	6114
chat adolescente	73	6109
chat chile	68	6091
terra chat zaragoza	21	6082
chat hit	156	6079
chat gay maduros	144	6063
kiwi irc hispano	85	6057
chat terra madrid	72	6018
cali es cali chat	37	5986
dale al chat	15	5970
gay cruising web	3	5955
chat pontevedra	151	5941
chat nudista	44	5941
zona chat	3273	5936
dale chst	10	5934
chat usa	34	5928
sudcaliforniano chat	9	5917
chat hispano barcelona	13	5867
terra chat gratis	73	5823
mazmorra chat	213	5784
chat bahienses	10	5783
chat de lima	35	5754
irc chat	50	5743
chatsex	118	5711
el chat peru	6	5665
chat omegle	874	5632
chat cordoba gratis	26	5629
chat mayores de 60 años gratis	132	5621
chat gey	121	5593
chatargentino	20	5591
chat zaragoza gratis	37	5566
chat miami	65	5525
chat de mexico	34	5518
chat chatear	26	5505
sala chat	96	5498
terra chat mexico	14	5459
chueca asturias	173	5435
chat pais vasco	37	5424
chat zone	901	5413
chat tarragona	47	5398
chat parejas	277	5371
chat lesbi	288	5353
chat más de 60	90	5338
chat en línea	205	5335
canalchat	6	5308
chat terra zaragoza	99	5307
chat más de 40	190	5306
chatterra	31	5284
chat cruising	122	5283
chatvenezuela	18	5268
chat gay navarra	141	5251
chat gay córdoba	131	5230
chueca galicia	35	5225
chat nuevo leon gratis	22	5221
el chat ecuador	25	5177
chateargratis	14	5158
latinchat panama	8	5149
chat piura	2	5147
chat bahiense	13	5138
chat calientes	399	5120
dalechar	12	5090
chat cdmx	28	5044
irc hispano kiwi	51	5042
chat amor	70	5016
chat euskadi gratis	28	5015
chat galicia gratis	142	4926
chat gratis cadiz	27	4926
chat sevilla gratis	37	4895
chat valencia gratis	59	4889
chat de argentina	56	4885
chat gratis guatemala	39	4873
chat de peru	21	4848
chat gratis más de 40	50	4845
chat de cordoba	8	4837
sexochat	67	4825
chat gay galicia	94	4813
chat venezuela caracas	219	4798
chat con trans	405	4790
chat de usa	18	4771
chat chueca kiwi valencia	129	4768
chat chueca barcelona kiwi	136	4765
chat gratis las palmas	24	4748
dikelame	7	4748
chat gay uruguay	30	4733
chat mar del plata	73	4721
chat caliente gratis	236	4705
hispanochat	14	4704
chat con gente	472	4672
mas de 40	9	4653
chat gratis online	113	4650
chat gay hispano	41	4643
chatdale	9	4628
chat terra cordoba	211	4573
chat burgos	30	4548
chat gratis gay	69	4543
chat adulto	99	4538
hablar con gente	216	4529
chat gratis jalisco	22	4520
chat ags	51	4517
chat para ligar	130	4514
chat gay argentina	61	4507
chat de amigos	149	4467
chat gratis galicia	329	4466
chat argentina dale	5	4459
chat santiago de compostela	76	4443
chat chueca aragon	36	4440
chat sumisa	125	4438
chatear gratis galicia	28	4395
chatchueca	14	4377
chat tv	59	4347
chat medellín	28	4332
chat ecuador gratis	62	4316
chat vitoria	35	4304
zonachat	2745	4298
chat caliente sin registro	475	4283
chat swinger	221	4258
chat oaxaca	57	4250
chat gratis andalucia	25	4244
irc hispano chat	120	4243
chat gratis cordoba	13	4242
chat de bogota	21	4213
mas de 60	8	4212
chat quiero	14	4211
el chat mexico	16	4195
chat latinoamerica	103	4190
chueca murcia	27	4188
chat ozu	49	4167
chat valencia kiwi	200	4165
chat extremadura	21	4152
dale char	15	4133
chatbogota	13	4125
chat maduras	932	4101
chat gay chueca	135	4101
chat gdl	75	4084
chat transexual	183	4048
chat terra almeria	5	4047
chats gays	123	4038
chat gratis euskadi	46	4038
chatea gratis nuevo leon	3	4022
chat de amistad	33	4016
chat san salvador	9	4016
chueca chat euskadi	64	3982
chat gratis sevilla	38	3979
chat de colombia	26	3976
chats en linea	291	3954
chat cuba	50	3953
latin chat gay	42	3940
chat gratis alicante	48	3925
el chat argentino	3	3917
chat gay gdl	220	3916
terra chat huelva	4	3914
chat sexual	166	3895
uolchat	10	3893
chatorg	23	3882
chat casadas	46	3877
chat religion	130	3866
chat en español gratis	95	3856
chat con chicas	402	3855
chat algeciras	68	3822
el chat toluca	16	3799
chat las palmas gratis	57	3796
chat de adolescentes	71	3786
chat via rosario	8	3782
chat gratis zaragoza	34	3778
chat libre argentina	13	3778
chat movil	30	3776
sex chat	154	3765
chat gratis murcia	22	3752
chat dale chat	3	3751
bdsm chat	131	3743
chat cartagena	31	3734
chat de mendoza	9	3730
www.elchat.com	2	3730
chat uruguay gratis	36	3727
elchat.com gratis	10	3721
chatlima	12	3716
chatear gratis sin registro	77	3692
chat alicante gratis	80	3675
chat vizcaya	16	3672
terra chat cordoba	77	3640
chaterotico	22	3616
chateagratis mazmorra	3	3615
chat caceres	37	3611
chat mazmorras	42	3601
chat bilbao gratis	460	3578
chat zamora	50	3576
chats para conocer gente	289	3563
dale chat mendoza	4	3556
chat terra más de 50	13	3555
paranachat web	2	3554
salas chat	60	3553
chats friends	41	3541
chat mty	23	3533
chatgaytenerife	305	3530
chat español gratis	126	3526
chat lesbian	178	3523
chat gay cba	4	3504
chat peru lima	43	3499
chat de cali	39	3497
omegle gratis sin cuenta	419	3493
chat tico	67	3492
viarosario chat rosario	12	3491
elchat.com	5	3491
terra chat madrid	24	3461
chat vigo gratis	21	3458
chat hot españa	179	3445
omegle sin registrarse	176	3443
chat gay montevideo	20	3440
chat terra huelva	9	3436
chat gay argentino	29	3429
chat panama	20	3407
chat gay español	57	3400
chat puerto rico	26	3398
chat gratis méxico	9	3392
chat de travestis	272	3380
chat brasil top	20	3374
chat cibersexo gay	51	3363
chat de cali gratis	10	3363
chat hispano chueca barcelona	31	3355
chat hispano las palmas	5	3355
terra chat movil	13	3344
chat gratis bolivia	30	3341
peru chat	16	3340
chat gay extremadura	36	3335
chat terra jaen	34	3330
dale chay	6	3327
chat para hablar	157	3323
chateando gratis	6	3320
chat gay cali	42	3317
paranachats	4	3314
chat gratis malaga	26	3301
chat chueca galicia	73	3296
chatcali	11	3293
chat de españa	28	3291
lima chat	20	3285
chat erótico	48	3277
chat gratis bilbao	42	3277
chat gratis sexo	48	3271
chat internacional	94	3269
el chat.com	6	3263
el chat puebla	10	3259
chat hot.	80	3254
chat jot	50	3235
chat sinaloa	8	3235
chat ibague	9	3231
chat mayores de 70 años	44	3230
chat de 60 a 70 años	60	3226
chat mayores de 60 años españa	21	3225
chat chihuahua gratis	31	3223
chueca baleares chat	44	3208
chat logroño	24	3177
sala chat gratis	31	3171
chat gay alicante	271	3159
chat porno	402	3150
chat mundial	140	3147
chatlesbianas	37	3147
chatea chat	10	3137
chat málaga	33	3133
chat méxico gratis	19	3131
videochatgay	77	3130
chats de sexo	94	3118
webchat irc	6	3112
chat sexi	56	3107
chat online hot	407	3099
chueca chat madrid	21	3093
chatgitano	8	3085
chat castellón	103	3083
chat jalisco gratis	166	3081
chat uru	4	3081
chat chueca castilla y leon	144	3077
chat para hablar con gente	192	3073
chatdesexo	15	3065
redhispana rosario	2	3053
chat andalucia gratis	34	3047
chat 40	51	3041
chat cristiano gratis	50	3019
chat lugo gratis	5	3018
chat morelia	28	3016
chat para conocer gente gratis	147	3015
chat mujeres	161	3014
chat gratis lima	25	3012
chat de sumisas	46	3007
chat merida yucatan	12	2990
chat de vigo	3	2978
red hispana chaco corrientes	0	2977
chat república dominicana	90	2972
chat de murcia	8	2972
chatear gratis mas de 60	22	2971
terra chat kiwi	93	2969
cornudos chat	86	2969
chat gran canaria	35	2963
hablar con gente online	127	2957
gaycadiz	6	2956
chat gratis bogotá	21	2937
chat guipuzcoa	7	2937
chat gratis chihuahua	74	2936
chat kiwi barcelona	13	2920
chat santo domingo	179	2916
bogota chat	6	2915
mi punto chat	0	2915
chat cusco	28	2909
chats gay	109	2899
dale cha	5	2897
chat gay arg	6	2896
chatgaymadrid	20	2891
chat de cadiz	5	2891
chat con personas	174	2889
dalecjat	1	2885
trans chat	204	2882
chatmadrid	11	2876
irc webchat	11	2869
salachat	53	2861
chatear gratis barcelona	14	2857
chatarg	21	2853
chat gratis sin registro en español	96	2847
chat gay latin	7	2847
videochat gay	70	2826
chat chueca sala asturias	27	2819
chat cuenca	15	2805
chatgaygranada	12	2805
chat nl	6	2801
chat gratis costa rica	44	2796
dikelame chat	4	2790
chat esoterico	505	2788
chat de citas por whatsapp gratis	412	2786
chat online argentina	47	2783
uol chat	26	2776
canal sonora chat	3	2769
chat cibersexo	38	2760
chat ec	7	2759
chueca chat barcelona	34	2756
chatealo chile	13	2756
chathispano webchat	12	2756
dañechat	5	2756
chat gay de rosario	16	2745
chat murcia gratis	36	2744
chat gay zaragoza	332	2737
chat pamplona	234	2737
chat gratis barranquilla	128	2735
terra chat almeria	14	2731
chat de barcelona	36	2730
el chat monterrey	11	2727
chatea gratis ecuador	10	2726
chat gay mallorca	74	2723
lesbianas chat	140	2722
chat barranquilla gratis	215	2719
chat hot sin registro	261	2716
chat de terra	14	2715
chat ho	21	2714
chat de ambiente	9	2711
chat de asturias	13	2703
chst gay	26	2690
chueca valencia kiwi	59	2684
chat más de 50 y 60 españa	49	2666
chat gratis español	136	2661
chat bs as	22	2660
dalecha	2	2660
chst gratis	20	2659
chat hispano irc	6	2658
chatear gratis con chicas sin registro	141	2649
chat sonora gratis	8	2647
chat en español usa	63	2644
kiwi chat hispano	13	2641
contacto gay cruising	7	2640
chat de madrid	28	2638
chat caracas venezuela	61	2634
chat uy	5	2627
bahienses chat	4	2623
salas de chat online	132	2620
chat almería	38	2617
el chat	6	2617
chat xx	72	2615
sexo gratis madrid	183	2605
chat gay mty	101	2604
chat huelva gratis	26	2603
chatgaymalaga	7	2593
chat mza	7	2591
via chat rosario	9	2590
salas chat gratis	26	2583
chat lleida gratis	24	2582
red hispana chat chaco corrientes	7	2577
terra chat jaen	69	2572
dake chat	4	2572
chat cr	19	2570
chat con maduras	513	2566
chat terra mexico	6	2562
chat sado	1145	2558
chat terra granada	3	2558
chat chaco	6	2551
salas de chat bogota	2	2543
chat palencia	23	2542
chat kiwi irc antigua terra	71	2536
chat salamanca gratis	14	2530
chatear gratis madrid	14	2527
chat kiwi irc madrid	66	2525
chat de gitanos	14	2525
chat rosario gay	16	2518
chat tv las palmas	10	2512
chat más de 40 gratis	50	2511
chat irc kiwi	85	2510
chat nuevo león	2	2510
chat de chueca	12	2508
chat segovia	22	2505
chat granada gay	7	2502
dale chat.	20	2494
chat chueca bcn	18	2485
chat toluca gratis	8	2484
latinchat gay	13	2483
chat lesb	51	2481
chatgaycadiz	18	2481
chatzone login	0	2481
chat gratis tenerife	143	2477
dalecht	5	2473
webchat argentino	4	2473
gay cibersexo	20	2469
chat tapatios	233	2455
chatportugal	40	2453
terra chat granada	2	2453
cibersexo gratis	65	2449
viarosario.org	11	2440
ligar	67	2435
chat hot dale	22	2427
chat valparaiso	27	2425
hablar con personas online	108	2423
chat coruña gratis	27	2422
chat gratis vigo	10	2419
chueca chat asturias	64	2418
dale caht	5	2418
chat valdivia	8	2416
chat ceuta	12	2413
chat villavicencio	113	2401
chat cadiz gratis	36	2389
argentina chat	11	2384
radio patio de marujas	50	2382
chat santa fe	45	2378
chat hot gay	112	2372
chat amigo	43	2368
videollamadas con mujeres gratis	224	2367
chat de la tele	46	2363
rosario chat	9	2360
dalwchat	1	2357
chatalborada	10	2356
chat porno gratis	221	2349
chat sabadell	22	2349
chat mas de 60 gratis	6	2339
chat hot con mujeres	192	2338
chat trans gratis	140	2337
chat gay las palmas	940	2334
chateagratis	23	2333
chat hispano tarragona	93	2330
chat chueca gay	10	2330
chat grstis	21	2324
chat avenue	62	2320
chat para follar	34	2320
chat cali es cali	13	2315
chat gay méxico	23	2313
chat cochabamba	11	2313
chatargentina	10	2311
chat lescontactos	86	2310
chat terra kiwi	38	2310
char hot	65	2306
dañe chat	3	2301
chat hisp	5	2299
chat chicas	172	2289
chachipen chat	16	2286
canal sonora chat gratis	2	2285
chat de sex	23	2278
chateando	14	2277
chat de chihuahua	22	2276
chat malaga gay	134	2273
bazzocam	147	2270
chat sevilla gay	21	2268
chat tenerife gay	20	2267
chat argentino mayores de 60 años	8	2267
chat de ecuador	17	2265
el chat de monterrey	22	2264
chachipen gitano	4	2264
chateagratis bogota	2	2263
chat sem registo	79	2257
chat relatos	20	2254
chat latino usa	8	2248
chat navarra pamplona	3	2246
chat terra zaragoza gratis	6	2240
chats sexo	77	2237
chat en vivo gratis	95	2235
chat maldonado	5	2235
chat gratis valladolid	120	2232
chat mex	10	2224
chat de tenerife	9	2222
chat gay gratis sin registro	55	2218
chateagratis barcelona	5	2215
chat de lesbiana	78	2212
chat sexy	75	2204
chateagratis asturias	2	2202
chat chueca extremadura	44	2200
dalw chat	1	2199
chat con lesbianas	101	2197
chateagratis euskadi	1	2197
chat malaga gratis	25	2194
paginas de citas gratis sin registro	72	2192
chat rd	40	2180
chatear sin registro	58	2179
chats hots en linea	264	2175
irchispano	4	2159
chat lesbianas gratis	75	2157
chat querétaro	7	2156
chat hisoano	0	2155
chat publico	69	2150
chatgaysevilla	12	2148
chay gay	33	2144
paginas para chatear gratis	125	2143
el chat guatemala	20	2143
chat andalucía	16	2143
chat hispano baleares	9	2143
chat ligar gratis	86	2140
chst sexo	12	2138
chathispano kiwi	24	2136
dele chat	12	2135
chatear gratis euskadi	9	2135
chat mayores de 40	12	2134
chat gratis más de 50 años	51	2132
viarosario.org app	2	2130
chat.org	12	2128
chatlibre	13	2127
chat tucumán	10	2125
hablar con personas	91	2123
omegle chat text	141	2122
chat de tijuana	16	2111
chat argentino gratis	40	2109
chat de amor	275	2106
chat friends gratis	32	2102
xhat hot	59	2100
chategratis	9	2096
chat py	30	2094
chatgaypuebla	13	2089
terra alternativo	1	2088
chat gratis puerto rico	19	2086
chat gratis peru lima	28	2079
dalecgat	5	2073
chat gay bilbao	177	2072
chat la paz	17	2072
chat mas 60	44	2069
chat de parejas	83	2066
chat sexo barcelona	456	2058
chat caba	20	2055
chat gipuzkoa	6	2053
chatmazmorra	19	2051
chat cubano gratis	11	2047
chat illes balears	4	2046
irc	35	2041
omegle text chat	85	2036
chat de andalucia gratis	9	2036
chat para conocer personas	86	2035
chat en linea gratis	81	2031
chat sexo online	54	2031
chat bolivia gratis	22	2028
chat kiwi valencia	57	2024
chat eus	351	2021
chat gratis españa sin registro	47	2021
el chat el salvador	1	2020
mision chat	1	2020
chat jerez	33	2016
chat gay guadalajara	117	2015
chat hispano gratis	31	2013
chat ga	11	2013
chat latino gratis	24	2005
más 40	0	2004
el chat usa	7	2002
chatcolombia	47	1989
lescontactos	186	1988
chat con hombres de 50 a 60 años	19	1987
terra chat mas de 40	34	1986
chat chueca euskadi kiwi	7	1984
chat por o	41	1983
chat puebla g	0	1980
chateagratis madrid	3	1976
chat online gay	67	1975
chatbdsm	69	1974
chat chueca navarra	2	1974
omegle chat español	587	1973
dalechatme	6	1973
misionchat	4	1972
chat caliente hot	22	1968
chat gratis medellin	14	1967
chatear gratis españa	12	1967
chat para adolescentes	74	1964
contactos gay asturias	15	1964
chat free	50	1958
gratis chat	7	1958
chatespaña	9	1948
chat de bogotá	13	1946
chat con amigos	54	1944
chat gratis mazmorra	8	1944
elchat com	6	1943
chat hot line	266	1942
chat gratis paraguay	8	1942
chat terra las palmas	3	1937
chat terra mas de 40	14	1936
latinchat gratis	17	1934
latinchat bogota	18	1933
chat gay aragon	10	1929
catozona	34	1928
el chat gratis sin registro	13	1922
chat gratis con mujeres	199	1921
dalealchat	4	1920
chat dominicano gratis	29	1918
chat kiwi madrid	33	1917
chueca barcelona chat	29	1906
chat hermosillo	2	1902
maduras gratis	75	1898
fale chat	3	1895
latinchat ecuador	25	1889
chatear online	73	1888
chat para ligar gratis	70	1888
chatmexico	15	1888
chateagratis galicia	0	1885
webchat hispano	7	1883
chat chueca barcelona gratis	18	1881
chat gratis lesbianas	106	1879
chat de mas de 60	4	1878
cht hot	41	1875
chat chueca madrid kiwi	3	1874
chat girona gratis	17	1873
chueca extremadura	13	1873
chat gsy	29	1872
chat gratis adolescentes	16	1872
terra chat valladolid	7	1870
chat transexuales	308	1867
chat latinoamericano	58	1865
chat lisboa	127	1864
chat online españa	65	1858
chat cubano diversidad	1	1857
chat mayores de 60	40	1851
chat gratis sonora	1	1851
chat jaén	18	1845
chatgayrosario	3	1845
chat grat	7	1843
chat gay maduro	41	1842
dale cht	6	1840
chat de jalisco	2	1840
chat gay chueca valencia	44	1834
chat gay perú	20	1834
chat medellin gratis	11	1830
cali es cali chat gratis	4	1824
chat mas de 50 y 60 gratis	8	1823
chat toledo	8	1822
chat online portugal	119	1815
chat ambiente	6	1815
chat de bolivia	7	1813
dalchat	5	1813
chatirc	5	1811
chat catalunya	110	1800
chat mayores de 60 gratis	7	1799
chat hot en linea	194	1797
chat la rioja	21	1797
habibti chat	19	1795
paginas para chatear	58	1788
dalechag	3	1788
chat kiwi hispano	41	1787
chat gratis caracas	22	1787
chatear con personas	124	1786
chat terra españa más de 50	9	1786
chat en lima	14	1785
chat conocer gente	173	1784
chat hidpano	3	1780
dale chat costa rica	6	1779
irc hispano webchat	10	1777
parejas liberales	152	1773
chat amistad gratis	40	1767
chat morbo	203	1766
chat hay	13	1766
terra chat argentina	7	1765
terra chat mas de 50	7	1761
chat gay tarragona	195	1759
chat chueca kiwi madrid	5	1758
chat donostia	18	1754
chat chueca catalunya	20	1753
chat mayores de 50	41	1752
chat sud	4	1752
chatear mas de 60	2	1748
portugal chat	16	1745
el chat argentina	8	1743
salas de chat venezuela	9	1740
sexo gratis barcelona	238	1739
chat salas	56	1739
chat bisexual	229	1737
chat chiapas	34	1737
dalechatea gratis	3	1736
chatbahienses	2	1735
salas de chat argentina	25	1730
chaturuguay	7	1727
el chat nicaragua	3	1727
online chat	71	1726
webchat online	65	1724
tchatche habibti	7	1724
chat trujillo peru	39	1721
chat gay girona	384	1716
chat de adultos	56	1716
chat gay chile	58	1715
chat barinas	18	1714
chat terra movil	10	1714
chateagratis mas de 60	2	1707
chat on line	24	1705
chat hispano chueca valencia	8	1705
chueca aragon	8	1705
omegle online español gratis	177	1704
chat kiwi jaen	1	1701
chat coquimbo	8	1695
chat estados unidos	100	1694
chat asuncion	2	1694
chat de uruguay	10	1692
chat gratis granada	1	1690
sexchat	74	1684
chat terra españa más de 40	36	1676
chat gratis cdmx	22	1673
chat hot colombia	61	1670
chatchachipen	1	1670
dale chat panama	11	1668
chatiapues messenger	9	1660
el chat de nuevo leon	1	1656
chat lima gratis	8	1649
sexo gratis en madrid	110	1647
salasdechat	2	1647
chatear con gente	85	1646
chat puebla gratis	11	1643
chat gratis jaen	5	1641
chat para hacer amigos	87	1639
tapatios chat	196	1638
paginas de chat	96	1637
web chat gratis	24	1634
terra chat irc	9	1634
web chat argentino	2	1633
chat gay cruising	52	1631
chat gat	31	1630
chat 49	5	1628
chat cali gratis	9	1621
chat de canarias	5	1617
chat gratis uruguay montevideo	2	1617
chat gay lima	109	1614
chats españa	13	1609
chat gratis valencia	10	1609
salta chat	5	1607
chat de valencia	7	1605
latinchat usa	19	1603
puebla gay chat	6	1603
chat con travestis	122	1602
venezuela chat	7	1599
cjat hot	40	1598
chat les chile	45	1594
chat kiwi sevilla	18	1593
chat lima perú	9	1593
chat ferrol	60	1591
chats murcia	10	1591
chat hispano asturias	7	1590
el chat lima	9	1588
ozu chat	11	1587
chat de puerto rico	16	1586
dale cjat	2	1586
web chat	12	1578
chat grati	18	1577
chat zgz	14	1576
mazmorra chateagratis	5	1574
gay sevilla chat	5	1573
dale. chat	2	1573
chateamos irc	1	1570
chat motril	9	1569
el chat barranquilla	9	1569
chatgente	3	1569
chatsonora	7	1568
quiero chat terra	1	1568
chat meetic	1	1566
colombia chat	19	1565
chatvigo	6	1565
chatgayperu	33	1562
vhat hot	30	1562
gente de chat	2	1562
chat terra chueca valencia	16	1560
chat gay la rioja	28	1557
chat de córdoba	2	1549
chat linea	78	1547
el chat uruguay	236	1545
chat gratuito	50	1544
chat de aguascalientes	86	1542
chat online español	71	1542
chat online gratis sin registro españa	37	1539
kiwi chat españa	78	1538
el chat salta	2	1538
chatmovil	27	1534
chat latino gay	23	1533
chat tv 25090	6	1533
chat latino usa gratis	41	1532
chat gay chueca madrid	8	1531
chat gratis almeria	6	1531
chats calientes para hablar	241	1528
chat salta capital	11	1528
chat de guatemala	8	1528
dalecaht	0	1527
chat online gratis sin registrarse	61	1526
chat 50	17	1526
chat neuquen	21	1525
tv chat las palmas	2	1525
chat.arg	0	1525
sala de chat argentina	10	1522
chat gratis navarra	5	1522
chatcornudos	20	1520
terra chat hispano	7	1516
dale ch	3	1514
chat gratis puebla	1	1514
chat gau	12	1513
chaco corrientes chat	1	1513
chat de barranquilla	16	1512
chat málaga hispano	4	1511
chueca chat baleares	28	1509
chatzona andalucia	1413	1507
chatgratisargentina	7	1507
chat gay lugo	371	1505
chat sexo salamanca	11	1505
chat gay cdmx	39	1504
chueca bcn	6	1497
chay hot	31	1495
viarosario chat gay	1	1494
chat albacete gratis	15	1493
chat de méxico	3	1492
chat de les	34	1491
chat con mujeres calientes	158	1487
chat habibti	11	1486
chat navarra gratis	13	1485
chat alajuela	6	1483
chat hot lesbianas	92	1482
chat cádiz gratis	8	1478
chat viarosario	9	1477
chat hot trans	136	1474
chatlesbico	60	1474
chat gay sevilla hispano	4	1474
chat terra cordoba gratis	503	1472
misio chat	3	1472
redhispana chat rosario	1	1472
chat vitoria gasteiz	6	1469
chatea con gente	30	1464
canal mazmorra	1	1464
chat más de 50	16	1456
entra y conoce gente nueva	4	1456
chat hots	173	1453
chat general	3	1452
dalechat.	3	1448
chat peru gay	10	1447
chat pueblagay	2	1447
dakechat	2	1443
chat de sexo online	37	1440
chatgaycordoba	8	1439
chat chueca comunidad valenciana	4	1436
chats online gratis	64	1435
gay cruising contactos	6	1435
chat republica dominicana	101	1434
salas de chat cordoba argentina	1	1430
chat sin java	16	1427
chat canarias las palmas	13	1426
chat de veracruz	11	1425
chat elche	23	1421
chat gratis chile	21	1416
chatear en linea	116	1413
chat ccs	6	1413
chst hispano	5	1412
cruising chat	150	1411
chatcordoba	3	1411
chat cordoba gay	11	1408
chat euskadi chueca	17	1406
chat guanajuato	3	1406
chat cordoba argentina	11	1405
chatzona peru	1077	1404
chats sin registro	40	1404
chat hot me	0	1404
chat de citas gratis sin registro	43	1398
dale chat py	4	1398
chat grátis	15	1393
chat espanol	80	1392
webchat argentina	6	1392
gay chat sevilla	4	1392
chat bogota colombia	6	1386
dale chat cba	0	1385
chat tuga	38	1383
char gratis	11	1383
chat gratis lugo	7	1383
el chat gratis en español	77	1381
chueca chat valencia	51	1375
chat sumisos	410	1374
chat gratis yucatan	5	1371
chat más de 40 50 60	80	1370
chat terra mas de 50	46	1368
chat nuevo	5	1368
chat omegle gratis	222	1365
chat gratis monterrey	26	1365
calichat gratis	5	1365
chat gaycadiz	3	1365
chat de costa rica	11	1364
canal chat usa	3	1364
peruchat	2	1362
chat cadiz hispano	0	1362
chat alternativo terra	0	1361
chat terra lesbianas	3	1360
chat nicaragua	32	1359
chat de el salvador	6	1359
chat mérida	7	1358
dalexhatea	1	1358
chat gay chueca barcelona	12	1357
dale chta	2	1357
chat argentino más de 50	1	1357
chat guatemala gratis	10	1356
chat venezuela org	75	1355
www.el chat.com	0	1353
chat gratis santa fe	4	1352
chat tenerife zona	1307	1351
chat ar	1	1350
chat gratis coruña	14	1349
chat yucatán	9	1348
chat veracruz puerto	6	1344
dale chat barcelona	4	1344
chat gratis sin registro más de 50	37	1343
terra huelva	34	1343
chat de republica dominicana	127	1342
chat terra las palmas gratis	11	1340
chat gay palma	9	1340
omegle gratis sin registro	143	1337
mas de 60 chat	4	1337
www elchat.com	0	1337
chat gays asturias	8	1336
chat hot anonimo	109	1334
barcelona chat	10	1334
omegle chat gratis	154	1328
chat ciudad real	2	1328
chat monterrey gratis	17	1326
el chat elchat net	1	1325
chatear con mujeres solteras sin registrarse	33	1324
chat colombiano	17	1324
chat mazmorra gratis	4	1323
chat palma	16	1322
chat gratis ourense	5	1320
chataona	232	1319
chatsalta	1	1318
chatgay tenerife	6	1314
kiwiirc	14	1313
tucuman chat	4	1311
chat galicia vigo	1	1309
chat gratis el salvador	5	1308
chat san fernando	13	1306
free chat	22	1303
gentechat	13	1302
el chat gratis mexico	4	1302
chat gratis mas de 60	7	1301
chat chueca canarias gratis	38	1298
chat gratis travestis	39	1297
chihuahua chat	3	1297
videollamada con mujeres gratis	119	1285
chat brasil	127	1281
chat latin gay	13	1281
chatea gratis usa	2	1281
chat gratis perú	6	1280
viarosario redhispana	1	1280
chatear chat	4	1277
chatea gratis asturias	0	1275
chats de cornudos	33	1274
chat gaycibersexo	5	1273
salaschat	1	1273
chat hot latin	16	1272
dqle chat	0	1272
chat de sexi	13	1271
chat jalisco mexico	12	1267
chat trav	6	1267
chat galicia coruña	26	1264
chat jaen gratis	9	1263
chat alcoy	20	1262
chat ibiza	52	1255
chat hispano.com	9	1255
chat gratis veracruz	6	1255
chateagrstis	3	1254
salas de chat usa	13	1251
chat hispano chueca madrid	6	1250
el chat mendoza	15	1246
chatealo cl	4	1243
chatlatino	15	1234
chatear sexo	11	1232
chat online peru	4	1229
chatmiami	14	1227
chta hot	21	1226
webchat	10	1226
chueca chat kiwi	8	1226
chat gratis lima peru	17	1223
chat de colombia gratis	12	1222
chatear gratis valencia	3	1222
chat gratos	10	1219
chatkiwi	13	1217
chat de trans	67	1216
chat perú gratis	2	1215
chat para lesbianas	67	1214
chat lima peru gratis	18	1211
chat ero	4	1211
omegle sin iniciar sesion	54	1207
chat huesca	8	1207
chat hispano chueca canarias	3	1207
chat gay badajoz	115	1205
chat gay camara	43	1205
chat qro	7	1204
chat gay hispano sevilla	0	1204
salas de chats	9	1202
chat argentina buenos aires	24	1200
chat gratis.	19	1199
cibersexo gay	31	1197
dalechate	3	1197
chatzona mazmorra	805	1196
chat org barcelona	2	1196
chat tamaulipas	23	1194
chat60	6	1194
chat gay huelva	94	1193
chat con mujeres gratis sin registro	93	1191
chat para conocer gente sin registro	18	1191
chats cornudos	38	1189
chatea gratis .net	4	1189
chst caliente	22	1188
chatear gratis sevilla	0	1187
chat tuxtla	28	1186
chats barcelona	44	1185
chat gratis mallorca	13	1185
chatea gratis yucatan	3	1185
canal tucumanos chat	0	1185
el chat querétaro	0	1185
omegle en español	65	1184
chat hot ecuador	30	1179
el chat bolivia	1	1179
chat chueca tenerife	7	1176
chat honduras	7	1176
chat cruising sevilla	46	1175
chathoy	28	1175
chat lésbico	49	1174
chat sexuales	56	1172
latinchat lesbianas	28	1172
chat gra	2	1171
irc mazmorra	2	1169
chataona.com	3	1166
chat gay gratis sevilla	1	1166
quierochay	0	1163
chat baleares gratis	7	1162
chat travestis gratis	43	1161
cha hot	28	1160
chat en vivo online gratis	167	1157
latinchat costa rica	38	1157
chat canarias gratis	14	1151
chatcadiz	8	1150
chat cachondo	108	1147
chat zona sur	44	1146
chatear gratis asturias	14	1144
chat para hablar online gratis	65	1143
chat gay jaen	117	1142
salas de chat gratis sin registro	14	1140
chat paysandú	11	1140
chat uruguayo	6	1140
chatear gratis cantabria	0	1140
chat ozu mas de 60	9	1139
jalisco chat	10	1138
chat uol	18	1137
chat gay org	1	1132
chat galicia lugo	4	1129
chatear gratis peru	3	1129
chat mayores de 50 años gratis	36	1128
chatmurcia	4	1127
chat usa español	3	1125
chat rosario hispana	2	1125
chat hot mujeres	99	1124
chat casados	30	1124
caht hot	22	1124
chat maduros	21	1124
chat de gay	19	1123
chat gay cáceres	10	1121
chat hispano zaragoza	7	1121
chap hpt	1	1120
chat chueca las palmas	108	1119
chat obline	23	1119
chat de casadas	11	1119
chat de bogota gratis	2	1119
chat esoterismo gratis	18	1118
chat gay sevilla gratis	10	1118
zona hot	36	1116
masde40	2	1116
dale chat ecuador	23	1113
murcia chat	3	1113
latinchat pr	2	1113
chat gitano chachipen	7	1110
chat guipúzcoa	1	1110
chat gratis hot	125	1109
chat gratis aguascalientes	11	1108
chat bizkaia	21	1106
gay_sevilla	0	1106
chat tv gratis	5	1105
sudcalifornianos	3	1105
chatear gratis andalucia	18	1104
chat hot caliente	22	1102
falechat	4	1102
chat aguascalientes gratis	25	1100
chat latinos	23	1100
chat slp	6	1099
chat callao	11	1098
chat hispa	19	1096
chat gay valladolid	141	1095
chat san jose	14	1095
chateapues	11	1093
chat cuckold	28	1090
chat ares	2	1088
chatear con amigos	27	1087
bogotá chat	7	1084
canal chat	1	1084
chat gay_sevilla	2	1083
chat madrid terra	7	1082
chat net	7	1082
puebla chat gay	4	1081
chueca las palmas	426	1079
chat de ecuador gratis	9	1079
chat gay ciber	6	1078
chat hispano nudismo	2	1077
sala de chat venezuela	16	1074
chat parejas gratis	63	1073
salas de chat en bogota	6	1073
lesbianas gratis	53	1072
contactos gay	72	1071
chat de chicas	86	1069
chats lesbianas	53	1069
chat portugal sem registo	36	1068
videollamadas online gratis sin registro omegle	251	1067
chat hispano irc kiwi	12	1067
latinchat puerto rico	0	1067
chatecuador	10	1065
chueca catalunya	8	1065
chat mendoza gratis	11	1062
gay salamanca	7	1061
chat his	0	1061
chat para sexo	66	1060
travesti chat	42	1060
irc alternativo	15	1059
mexico chat	9	1058
viarosario red hispana	2	1056
chat zona gratis	809	1052
chat sala	25	1052
chat carabobo	5	1052
dle chat	2	1052
chat gay pue	0	1051
chat anónimo sin registro	53	1049
elchat costa rica	2	1049
gay chat tenerife	31	1048
chat de chueca euskadi	7	1045
chat bog	3	1045
chat córdoba gratis	3	1043
chat de sonora gratis	1	1043
chat gratis arequipa	5	1041
chatear españa	2	1039
dalechayea	1	1039
omegle chat de texto	302	1038
chats caliente	76	1033
chat en espanol	51	1033
chat gartis	6	1033
el chat jalisco	120	1032
chat v49	6	1032
chatear gratis alicante	1	1032
chat bisex	88	1031
chat de cornudo	24	1031
chat mas de 60 españa	23	1031
chat gratis extremadura	3	1031
tucumanos chat	3	1031
chat gay aragón	4	1030
chat de euskadi	9	1029
salasdechatgratis	3	1029
chat hot latino	9	1027
cajt got	0	1027
chat sexo tenerife	185	1023
chat con camara	101	1023
chat travesti gratis	67	1023
chatear gratis cadiz	5	1021
canal chat mazmorra	0	1021
chat gay de puebla	0	1021
chat de cuba	18	1018
chat gratis cantabria	5	1018
chat gratis montevideo	14	1015
chueca chat aragon	4	1015
chat gratis canarias	11	1014
chatgalicia	3	1014
chat gijon	75	1013
chat benidorm	27	1012
terra es chat alternativo	0	1011
chat caliente online	84	1010
chats en español	20	1009
salas de chat hot	49	1007
cibersexo chat	24	1007
chat trujillo gratis	7	1005
dlae chat	4	1005
chat valencia hispano	2	1005
chatear con gente gratis	75	1004
chat hot argentina	16	1004
chat graris	10	1003
red hispana rosario	1	1003
latin gay chat	14	1001
chqt hot	14	1000
chatear gratis en español	20	998
follar gratis madrid	89	997
chat gratis en valencia	3	996
dale chat montevideo	2	996
chat latino gratis usa	1	996
chateagratis uruguay	6	995
chateagratis zaragoza	1	995
chat mayores de 60 años	9	994
chat gratis en usa	6	993
hablar con mujeres gratis	137	992
chat tijuana gratis	490	991
el chat venezuela	3	991
chatear gratis cali	14	990
chat de monterrey	19	989
gay tenerife	10	989
cordoba chat	1	989
chsthot	24	988
chat social	8	986
dqlechat	4	985
el chat aguascalientes	4	985
chat con transexuales	77	984
chat mexicano	10	984
via chat	2	984
el chat de usa	0	984
chat de españa gratis	41	983
chat medellin gratis sin registro	22	980
chat de nuevo leon gratis	2	979
chat en argentina	11	977
chat hot guatemala	5	974
canal chat murcia	1	974
chat hispano chueca asturias	15	973
chat gitanos	22	971
chat sin	5	971
dalevhat	3	971
chat online sin registro	29	970
chat asturias gay	7	970
chat chueca alicante	6	967
chat argentina más de 40	1	967
chat argentina gratis sin registro	47	966
chat más de 40 españa	38	964
chat para chatear	11	964
el chat argentino gratis	3	962
el chat colombia	6	961
chat gay irc	9	960
dale hatea	3	960
tenerife chat	12	959
chatozu	2	959
chat gratis oaxaca	1	959
chatear colombia	10	958
chat hot bogota	15	957
chat maduritos	13	957
dale chat paraguay	5	957
chatear con trans	88	955
chat gay.	19	954
chat bogota citas	6	954
viarosario.org rosario	2	954
chathisoano	0	954
chat gay zona	766	953
chat online mexico	12	953
gaycoruña	140	952
contactos gay sevilla	8	950
dále chat	1	950
chat tarot gratis	10	949
maduras chat	219	947
chat amigos bogota	3	947
dalechatea chile	0	947
chat transgenero	288	946
chatea gratis bogota	0	945
chat sexo malaga	222	944
chat de guadalajara	3	944
el chat net	5	943
chat gay de monterrey	1	943
chat telde	6	941
chsr got	0	941
chatear con hombres	15	938
terra chat alter	0	938
chat de alicante	5	937
chat para adultos gratis	22	936
chuecachat	8	936
el chat.com gratis	0	936
chatiapues gratis	8	933
chat corrientes	4	933
https://zonainvita*com/chat/	65	931
kiwi irc chat	35	931
chat evangelico	12	930
chat castilla	8	930
travestis gratis	71	929
omegle online gratis	104	928
contacto gay	37	928
chatea gratis tucuman	3	928
el chat merida	0	928
chat de coahuila	0	927
paginas hot	83	926
kiwi hispano	6	926
chat hospano	5	925
chat gratus	11	924
chat madrid anonimo	9	924
el chat usa gratis	3	923
chat gratis vizcaya	7	922
chat gay gratis madrid	6	920
chat de quito	1	920
chat org valencia	1	920
chathidpano	6	919
chat peruano	4	919
chat ligar madrid	22	918
chat cajamarca	20	918
chat gay joven	8	918
via rosario	4	917
contactos cruising-gays	0	917
sexy chat	33	916
chat virtual	21	915
videollamada hot	136	914
chat chuecas	2	914
chatear murcia	0	913
sexo gratis bcn	54	912
chat gays sevilla	11	912
chat aqp	2	912
chat zona sevilla	633	910
chat terra hispano	11	910
ligame	9	910
chat gratis de cartagena	6	909
chta gratis	5	908
chat gratis dale	3	908
movil chat terra	3	907
paranahot	3	907
chat grtis	15	906
chat gratis baleares	2	906
chat oeru	2	906
chat madrid hispano	11	905
chats argentina	14	901
chat gratis chiapas	8	901
chat coruña irc	6	900
latinchat panamá	0	900
elchat lima	2	897
chat gratis sin registro chile	137	895
chatligar	31	895
chat gay con cam	22	895
sala de chat hot	13	895
chat gratis cuba	6	895
chat hispan	2	894
gay cruising iniciar	0	894
chat gratis argentina sin registro	10	893
chateamos hot	8	893
dale chat mas de 60	1	891
mirc tucumanos	1	891
chat cristianos	18	890
chat gratid	10	890
chatbarcelona	7	889
chat canal sonora	0	889
chatasturias	18	888
chat tachira	11	888
chat adolecentes	14	887
chat terra valencia	5	887
via rosario red hispana	0	883
cruising gay chat	9	882
chat gay dale	0	882
latinchat uruguay	691	881
chat pareja	51	880
chatgaygdl	17	880
chat vecindario	7	880
chat gay df	6	880
chat gay gratis colombia	6	880
cjat gratis	7	879
chat fuerteventura	20	878
canal chat venezuela	3	878
chatlaspalmas	10	877
chat para adulto	18	875
irc kiwi hispano	11	875
viarosariochat	6	874
chat televisión	0	873
chat parejas liberales	230	872
chat con extranjeros europeos gratis	47	872
chateuskadi	5	872
chat videntes gratis	76	871
chat gratis salas	5	870
chatear malaga	1	870
chat manresa	23	869
chateame paraguay	1	869
chat de gays	27	868
chat hratis	5	867
chatgaycoruña	33	866
chat gy	7	866
chat gratis bcn	2	866
webchat gratis	19	865
alicante chat	7	865
chat de lima peru mujeres	26	864
salas de chat colombia	20	864
camsurf online	43	863
xhat gratis	12	863
chat espana	5	863
chat en linea ecuador	5	862
ligar gratis	24	861
chatear gratis en alicante	3	861
chatea gratis madrid	2	860
chat org peru	4	859
canal chat mas de 60	0	858
chat zona huelva	121	857
chat argentino gay	9	857
chat les gratis	442	856
cruising web	63	856
chat de lesbianas gratis	59	856
cornudo chat	28	855
chat mujeres asturias	3	854
chat irc tarragona	21	853
chat top brasil	2	853
dale chat monterrey	3	852
chat gay castilla y leon	15	851
chat costa rica gratis	17	850
chat aexo	7	850
chat argentino lesbianas	5	850
chat flamenco	2	848
lisboa chat	38	847
chat random argentina	33	845
chat anonimo madrid	17	845
chat gay castellon	99	844
bazoomcam	46	844
chateagratis cali	0	844
chatzona galicia	579	843
viarosario org	0	843
chat lesvianas	24	840
chat mas 40	3	840
sexobcn	0	840
chat hispano chueca baleares	7	839
chat en línea gratis sin registro	32	838
chats peru	8	838
chatear con lesbianas	80	837
chat jovenes	24	837
omegle chat en español	193	836
chat venezuela sin registro	16	836
chat terra argentina	4	836
chat chueca kiwi barcelona	1	836
chateagratis bolivia	1	836
chat de mazmorra	69	835
chat gratis terra	6	835
chatfriens	13	834
chats de adultos	4	834
chat arrecife	25	832
chats gratis sin registro	8	832
chat de rosario	2	832
chatzona madrid	778	830
chat chicas gratis	72	830
salas de chat ecuador	6	830
dalechta	1	830
salas de chat org	0	830
hispachat kiwi	15	829
chueca_barcelona	8	829
chat gay rioja	2	828
sitios para chatear gratis	18	826
chachioen	0	826
sala de chat españa	8	824
chat les hispano	6	824
el chat coahuila	1	824
chatear gratis con hombres	19	823
chat online el salvador	2	823
quiero terra chat	0	823
chat religión	69	821
via rosario chat gay	3	820
chat de transexuales	65	819
chat irun	24	819
chat hispano alternativo	9	819
chat de usa gratis	4	819
chat chih	2	819
chat con cam	56	818
gay peru chat	13	818
chatear gratis con mujeres	57	817
salas de chat gay	11	817
chatispano	6	817
dale chat me	3	817
pagina para hablar con personas	37	815
chat gratis lleida	8	815
chat hot zona	752	814
chatfriends mexico	0	814
chueca_euskadi	0	814
chat zona gay	657	813
chueca valencia chat	24	813
chat sexo español	10	813
chat con mujeres hot	88	812
chat ve	0	811
hablar con amigos	55	810
paginas para hablar con personas	53	810
irc chat kiwi	22	810
el chat chihuahua	18	810
chat valparaíso	6	810
chat dale argentina	1	808
zona chat bogota	656	807
chatzona colombia	675	806
chat managua	46	806
chatmendoza	3	806
chat gitanas	2	806
chat zacatecas gratis	2	806
chat rioja	5	805
chat terra mas de 60 años	2	805
gay mar del plata	45	804
xhat gay	22	804
chat madura	315	802
chat gratis sin registro españa	6	802
chat gay uy	1	802
chat martos	3	801
chat gay de granada	0	800
chat tenerife la laguna	256	799
chat sevillano	3	799
hat hpt	0	799
les contactos	2	797
chat chatear mas de 60	1	797
chat gratis castilla y leon	0	797
chatear con chicas	58	796
pagina de chat	10	796
chatpuebla	1	796
chat barcelona hispano	10	795
chat alava	8	795
contactos sin registro	7	795
chat new york	9	794
terra hispano	6	794
chat de cádiz	1	794
chatear en español	16	793
salas de chat gratis y sin registro	13	793
chat de sudcalifornianos	3	793
veracruz chat	2	792
chat vasco	2	791
chatzona chile	679	790
contactos gay murcia	18	790
chueca_asturias	11	790
chat españa más de 40	4	790
chat 50 60	0	789
terra chat hispano kiwi	7	788
chat78	19	787
chat gratis salamanca	16	787
sexobarcelona	9	787
chat chueca gay valencia	7	787
video chat gay gratis	39	786
salas de chat portugal	27	785
chat gay logroño	5	785
chat huspano	5	785
chatlatin	10	784
chat pontevedra gratis	5	784
usa chat gratis	1	784
chat adultos mayores	25	783
chat san luis	7	783
char sexo	12	782
lleida chat	5	782
chat de sinaloa	3	781
chat gratis cádiz	0	781
chat gay valencia kiwi	18	780
citas hot	64	778
chat adultos gratis	20	778
amigos online	31	777
trivial chat	22	777
mi chat concepcion	0	777
chat caliente.	20	776
chueca euskadi chat	8	776
chat gratis trans	183	775
omegle chat de texto gratis	136	775
chat gay toledo	96	775
chat latin	11	775
lesbianas en vivo	57	774
chat gratis caliente	37	774
chat gratis travesti	9	774
chat mazmorra hispano	4	774
chat gay salamanca	62	773
chat en monterrey	9	773
chats para ligar	9	773
chat terra córdoba	5	773
chat dale uruguay	0	773
travestis chat	44	772
chats de sonora	1	772
para chatear	27	771
chat terrassa	54	770
chat sexo navarra	3	770
chat zona murcia	695	769
el chat cubano	1	769
chat chile gratis	31	768
chat de chile	3	768
chatmex	1	768
chat de cibersexo	24	767
chat de travesti	22	767
chat xxx	70	766
chatear con chicas gratis	62	766
chat chueca móvil	7	766
chat amigos lima	0	766
hablar con chicas	104	765
buscar amigos para chatear gratis	21	765
chat oviedo	28	764
chat valencia gay	11	764
chatgayasturias	8	764
char hpt	0	762
chatear gratis coruña	0	762
chat asunción	22	761
char gay	18	761
chat vlc	2	761
costa rica chat	48	760
chat badalona	45	760
chat en venezuela	11	760
chat sinaloa gratis	4	760
dale vhat	4	760
chat gay en granada	7	759
chat de toluca	2	759
gay chat malaga	7	758
chat con mujeres gratis	110	757
chat sexo zaragoza	10	755
vhst got	0	755
chat 60 años	18	754
chat de galicia	9	753
chatear gratis mexico	3	753
chat online sem registo	38	752
chats de sexo gratis	20	752
chats de asturias	11	752
chat gya	9	752
chat kiwi alicante	8	752
chat lesbianas argentinas	8	752
gay chat barcelona	7	752
chat badajoz gratis	6	752
chatsfriends.com	1	752
chat gratis en linea	49	751
amigos chat	15	750
chat hot cali	60	749
chateagratis aguascalientes	1	749
chat gay xxx	47	748
chatjaen	6	748
latín chat	29	747
gay tenerife chat	12	747
chat maduros gay	24	746
chat zona barcelona	629	745
chatcornudo	7	745
chat estepona	25	744
chat hot gratuito	15	743
chat gay en sevilla	5	743
chatea gratis amistad	1	743
chat para casados gratis	16	742
chat mdp	6	742
chats lesbiana	4	742
gente chat tucuman	0	742
chat zona euskadi	633	741
chats gratis para conocer gente	44	741
chat cartagena murcia	30	741
chat de 40	17	741
chat hlt	11	741
chat gratis toluca	9	741
limachat	6	741
chat erotico gratis	36	740
chatgrstis	2	740
sexo gratis en barcelona	118	739
chat de sevilla	11	739
chatcantabria	2	738
chatear gratis las palmas	2	738
chat chueca irc	2	737
chat esotérico	73	736
chat gay lleida	25	736
chat gratis pontevedra	17	736
chat gays hispano	0	736
chat uruguay gratis para celular	17	735
el chat del sexo	3	735
omegle texto	79	733
contactos gay zaragoza	34	733
gay chat madrid	20	733
chat gay friends	2	733
chat gayperu	16	732
chat caliescali	1	732
chat sexualidad	1	732
chat mexico gratis sin registro	15	731
chat gey sevilla	4	731
chat bcs	0	731
ficha canal gay granada	0	731
cibersexogay	16	729
chatea gratis galicia	2	729
chats para hablar con gente	67	728
chat alcorcon	13	728
daleachat	5	727
chat de peru gratis	2	726
amigos en linea	25	725
chat oline	16	725
el chat gay	12	725
chat les arg	0	725
chat guipuzcoa gratis	5	724
el chat en español	10	723
chat leon gratis	5	723
chat omegle texto	103	722
chat gay con camara	22	722
gay chat mexico	6	722
chat pais vasco gratis	3	722
chateagratis amistad	1	722
rosario chat gay	7	721
salas de chat en toluca	0	721
chat colombia gratis whatsapp	70	720
chat en cali	51	720
chats costa rica	16	720
chat chueca zaragoza	4	720
gaytenerife	2	720
chatzona mexico	627	719
chat.org mexico	3	719
chatear gratis chihuahua	2	719
chathit	26	718
chatmty	15	718
chat entre primos	1	718
chat para hablar con personas	78	716
chat málaga gratis	7	716
el chat movil	0	716
latinchat panama oeste	1	715
sala chat galicia	1	715
chat de valladolid	2	714
chatear gay	17	713
chat gay sev	2	713
chat gratis coahuila	1	711
el chat html5	0	711
chat les sin registro	78	710
chat gitano gratis	2	710
chats para adultos	44	709
chat caliemte	7	709
terra chat lesbianas	1	709
chat chatealo	0	709
omegle	147	708
chat friend gratis	7	708
gay granada chat	6	708
contactos gay cruisin	0	708
chat hot paraguay	18	707
chat medellín gratis	5	707
dalechateahot	2	707
chueca canaria	16	705
chat friens	7	705
chat gay gratis en español	6	705
chat sec	20	704
chat gratis huelva	12	704
chat espanol usa	1	704
chat gay pontevedra	95	703
www.chataona.com	18	703
chat hot net	2	703
chat contactos	92	701
chat la paz bolivia	69	701
omeglechat	55	700
chatear con personas gratis	34	700
friends chat	12	700
terra chat chueca euskadi	2	700
chat chueca gratis	23	699
chat 50 60 gratis	2	699
https://zonainvita.com/chat/	25	698
chat en linea uruguay	6	698
chat sexo las palmas	74	697
kiwi chat terra	29	697
chat con adolescentes	25	697
chat zone gay	80	696
chat universo	14	696
madrid chat	8	696
chat miami gratis	3	696
no puedo entrar en chat hispano	19	695
chat gratis mendoza	13	695
chatsevilla	4	694
chatravesti	2	694
chat sumision	420	693
chatbcn	6	693
chatgey	4	693
chatear valencia	1	693
chat con hombres	38	692
camara gay	15	692
chat zona malaga	499	691
chat de guadalajara jalisco gratis	33	691
chat gay bolivia	9	691
chat less	9	691
chat bisexuales	277	690
cjat sexo	7	690
chatgay rosario	2	690
canal chat colombia	1	690
contactos gay crusing	0	690
chat gay cuenca	47	689
chst de sexo	8	689
chat terra valladolid	6	688
meetic chat	0	688
chat zona andalucia	633	687
chat cali sin registro	21	687
chat amigos gratis	31	686
chat gratis de las palmas	2	685
chat gratis trujillo	1	684
chat ungidos	151	683
chat más de 50 y 60	8	683
chat zona cordoba	627	682
chat zona españa	513	682
chat almería gratis	5	682
latinchat chiapas	367	681
chat hot free	57	681
chat gays gratis	32	681
chat chileno sin registro	15	681
#chueca valencia	3	681
arg chat	2	681
chatear bogota	0	681
cali chat gratis	9	680
chat hispano irc gratis	10	678
chat jujuy	5	678
chat hispano córdoba	11	677
chat chatea	5	677
xhat sexo	4	677
chat de caracas	6	675
chat de zacatecas	1	675
omegle normal gratis	35	674
chat gratis sin registro cdmx	10	674
chat de vigo gratis	2	674
chat terra chueca barcelona	0	674
chat cadiz gay	6	672
chat tuc	2	672
chatzona venezuela	498	671
hablar con personas online gratis	34	671
el chat cuernavaca	1	671
gayperu	6	670
canal chat euskadi	0	670
chat gratis en barcelona	7	669
chat ponferrada	64	668
kiwi irc móvil	17	668
terra chat ceuta	0	668
chat relato	60	667
chat sexual gratis	28	667
chat calient	9	667
chat soria	6	667
chatarg mas de 40	2	667
chat sudcaliforniano la paz	6	666
chat anonimo españa	12	665
sexo gay tenerife	7	665
chat zona norte	6	665
irc gay	1	665
chat room online español	38	664
chat les argentina	17	664
chat gay lima peru	4	664
chatea gratis peru	1	664
chat getafe	21	663
chatea gratis colombia	25	662
chatzone entrar	12	662
chat caliebte	8	662
chat hispani	2	660
contactos gays cruising	13	659
chat gratia	5	659
argen chat	1	659
cjat gay	18	658
chatsexo gratis	8	657
chat canelones	0	657
chatear gratis bogotá	107	656
dale chat cali	2	656
sala de chat sonora	0	656
chat free online	18	655
chat cataluña	12	655
chat en espanol gratis	4	655
chatea gratis las palmas	1	655
chat zona mazmorra	620	654
chat ligue	31	654
chat madrid kiwi	19	654
chatear lesbianas	6	654
chat ambiente caracas	3	654
chat chiapas gratis	1	654
chat online colombia	52	653
chat friends gay	3	653
chatea gratis valencia	0	652
chat bogota gratis sin java	9	651
chat dale españa	1	650
chat uruguay argentina	1	650
chat gay ros	0	650
chat gay sin	4	649
chat concepción	1	649
gay cruising pagina	1	649
contacto gay crusing	0	649
chat zona barranquilla	322	648
chat cali colombia	5	648
chat terra 50	0	648
chat chueca kiwi irc	13	647
chat colombia bogotá	11	647
chat gratis rosario	4	647
que es chat hot	1	647
chat madrid dale	2	644
chat terra argentina dale	0	644
parejas.com	8	643
chatlugo	4	643
red hispana kiwi irc	1	643
chat de nudismo	102	642
chat terra les	4	642
chat chaco ctes red hispana	0	642
www.chataona.com chat	12	641
chat srg	1	641
chat gratis org	2	640
chat friends méxico	0	640
chats gays gratis	12	639
chat gratis y sin registro	8	639
dslechst	1	639
chat terra bcn	0	639
chatia pues	16	638
chat chueca girona	7	638
chat hot argentino	3	638
chat de esoterismo	103	636
chat sexo asturias	17	636
chat sexl	4	636
chat mallorca gratis	28	635
chatbarranquilla	18	635
chueca chat canarias	10	634
chat hot español	75	633
pagina para chatear	21	633
chat valladolid gratis	16	632
chueca canarias chat	6	632
chat fay	8	631
chueca tenerife	6	631
chat cornudos hispano	2	631
chat cornudos usuario	1	631
chatgay cantabria	1	631
chat ecuador quito	6	629
sexo chat gratis	6	629
el chat de puebla	1	629
chat de travestis gratis	18	628
chats las palmas	4	628
mas de 40 chat	3	627
chat yuc	2	627
dale cgat	2	627
chatear gratis mas de 50	1	627
canal chat asturias	0	627
maduras en vivo	82	626
chats mexico	9	626
cht gratis	8	626
chat de 60	0	626
chat hot bogotá	41	625
chat guadalajara jalisco	25	625
movil chat	15	625
chat gratis amistad	12	625
amor en linea gratis	9	625
chat zona bogota	228	624
chat terra mazmorra	20	624
chat fuenlabrada	8	624
chat gratis sin registro madrid	3	624
chatear gratis ecuador	1	624
terra chat 40	0	624
chateagratis ecuador	1	623
chat gitanos gratis	5	622
cruising chat gay	3	622
chat gratis quito	5	621
gay chat puebla	2	621
terra chat las palmas	2	621
chat gratis usa en español	1	621
chatear con mujeres calientes	59	620
chat caliente bogotá	11	620
chat gay pamplona	11	620
chat chatea gratis	6	619
chat velez malaga	2	619
chat de bilbao	2	618
chat sexo girona	5	617
conocer gente en linea	4	617
chst fot	0	617
chat terra alter	0	616
chat conocer gente gratis	45	615
chat castilla y leon	10	615
chat de tucuman	3	615
quierochar	2	614
chat por telefono gratis	0	614
www.elchat.com mexico	0	613
chat gandia	45	612
latinchat colombia gratis	32	612
chat gratis parejas	26	612
chat gay albacete	54	611
chat personas	37	611
terra cordoba	0	611
chat gay se	0	610
chat igualada	29	609
chat gays cruising	8	609
chat gratis cuernavaca	8	609
chat zaragoza terra	3	607
seco chat	3	607
chat org 60	0	607
chatfrienda	16	606
chathispano.com	4	606
hispachat chueca	0	606
salas de chat sem registo	15	605
quierochat terra	2	604
you cannot send messages to this user whilst they have the +c (deaf_commonchan) mode set.	22	603
cruising sevilla chat	6	603
chatvgratis	3	603
chat lanzarote	2	603
chat tv valencia	1	603
chat zona perú	483	602
chat madrid ligar gratis	18	602
chat bogot	3	602
dsle chst	2	601
chateagrtis	0	601
chat zona granada	350	600
cha gay	5	600
chat de malaga	5	600
chat de gitanas	2	600
salas de chat en español	19	599
terra chat gratis 40	11	599
gay latin chat	6	599
chat hispano webchat	5	599
chat las palmas terra	1	599
videollamadas online gratis	68	598
chat portugal online	25	598
chat en galicia	5	598
chataona besplatna	0	598
chat dominicana	47	597
chat para cornudos	21	595
chat mas 18	36	594
chat de puebla	6	594
el chat piura	4	594
chat malaga hispano	1	594
hispano chat gay sevilla	1	594
chat tenerife net	0	594
chatzone app	11	593
sumisa chat	11	593
chat hispano gay sevilla	6	593
terra chat jaén	6	593
chat gay jalisco	25	592
chat chachipen gratis	20	592
chatgaygratis	18	592
chatgranada	5	592
chat adolecente	4	592
gay cruising chat	61	591
chat barcelona kiwi	35	591
chat tapatio	35	591
chat hog	10	590
chat hispamo	2	590
chatea gratis esoterismo	0	590
dalechatxxx	0	590
chat gay universo	16	589
chat calientr	8	589
chat gay chueca canarias	7	589
chat rti las palmas	1	589
webchat irc hispano	1	589
chatquito	0	589
chatzon	300	588
chat amor y amistad	13	588
contactosgay	11	588
chat barcelona terra	5	588
quiero hat	1	588
chat universo gay cadiz	0	588
amigos chat gratis sin registro	28	587
chathispano barcelona	3	587
uruguay chat	3	587
chatrosario	2	587
chat usa latino	0	587
chat chile santiago	10	586
mar del chat	8	586
chat geatis	6	586
el chat bogota	4	586
chat bigota	3	586
dal chat	2	586
sala de chat caracas	6	585
contactos gay cruising tarragona	0	585
chatear zaragoza	6	584
chat citas bogota	3	584
chat org madrid	0	584
chat sexo bcn	166	583
chat abierto	7	582
chat guayaquil	0	582
videollamada con mujeres	83	581
chat sexo coruña	39	581
chat web	23	581
lesbian chat	20	581
chat gay zamora	12	580
chat trivial	2	580
chat gratis buenos aires	12	579
chat hot mexico	9	579
chathispano irc	1	579
paranachat.com	1	579
el chat honduras	0	579
el chat mas de 40	0	579
chatzona españa	427	578
contactos gay madrid	36	578
whatsapp chat de 60 a 70 años	21	578
alborada chat	34	577
contactogay	2	577
chathispanp	1	577
chat gay cyl	0	577
videollamada con mujeres gratis sin monedas	72	575
chat de argentina gratis	15	575
chat calientes gratis	58	574
chat hott	25	574
dalrchat	0	574
chat en españa	9	573
chatzona sin registro	459	572
buenos aires chat	3	572
chat ocio	1	572
chatsantiago	4	571
chat venezuela ambiente	2	571
dalecyat	0	571
chat de parejas liberales	263	570
chat porno sin registro	45	570
chat gratis sin registro español	10	570
chueca chat gay madrid	0	570
chat teruel	8	569
chats para amistad	1	569
chat gratis sin registro argentina	43	568
chat de solteros gratis	3	568
contactos gay tarragona	29	567
gay chat online	26	567
chat de musica	4	567
chat de religion	62	566
chat asturias dale	6	566
chat misiones	4	566
chat gay murcia chueca	2	566
chatea gratis mexico	2	566
gente chat euskadi	0	566
chat hola oaxaca	12	565
contactos gays en soria	2	565
chateame uruguay	0	565
dalechatear	0	565
chat en línea gratis todo el mundo	34	564
chat uruguay montevideo	12	564
chueca baleares hispano	1	564
chat gratis argentino	0	564
chatgaypue	0	564
chat gays valencia	8	563
latinchatgay	8	563
chat gratis medellín	2	563
chat v	1	563
dslechatea	3	562
chat casada	3	561
chat de amistad gratis	21	560
chatear gratis mazmorra	4	560
terra chat les	2	560
chat leon españa	23	559
chat cordoba españa	10	559
chat esoterico vidente gratis	3	559
chatea gratis barcelona	2	559
chat elchat	0	559
chat para	35	558
chatear gratis canarias	4	558
chat ibagué	2	558
ciber sexo gratis	27	557
chat gratis de sexo	15	557
paginas de chat gratis sin registro	8	557
chat tv 27900	2	557
follar gratis en barcelona	88	556
chat frinds	9	556
chat ligar sevilla	1	556
chat terra org	0	556
bogota chat gratis	3	555
chat hispano chueca extremadura	3	555
chat gay ciudad real	50	554
chat gay en rosario	16	554
chatear gratis online	11	554
chat gratis sin registrarse	6	554
chatear en sevilla	4	554
chats mexicanas	0	554
euskadi chat	2	553
webchat de dale chat	0	553
chats gratis en español	29	552
chat lesbbianas	6	551
chat cali es cali sin registro	17	549
cha gratis	6	549
chatear gratis colombia	7	548
gay chat valencia	4	548
kiwi irc no funciona	12	547
chat joven	3	547
hablar con trans	64	546
chat reus	17	546
gay chat chueca	3	546
paranchat	0	546
chat hot xxx	71	545
chat calientw	16	545
chat cristianos gratis sin registro	16	545
chat csliente	14	545
chta gay	4	545
chat terra el mas usado	1	545
hispano irc	1	545
chat online paraguay	27	544
web chat irc	2	544
chat chueca castilla la mancha	0	544
chat latino miami dale	0	544
dalecbat	0	544
chat hot madrid	127	543
chat con mujeres solteras gratis	62	543
dale chat salta	1	543
chat sexo valladolid	23	542
linea hot	21	542
para hablar con gente	14	542
chatchihuahua	8	542
chat españa hot	7	542
gay rosario	48	541
chat lesbico gratis	41	541
chat online ecuador	18	541
cht gay	8	541
paranacaht	0	541
chat kiwi asturias	0	540
chat sin registro colombia	42	539
chathispano asturias	2	539
chueca chat extremadura	5	538
chat pereira	1	538
chat terra gratis sin registro	27	537
chat cruissing	10	537
chattenerife	6	536
el chat sin registro	2	536
chat gratis tucumán	1	536
chat gay hispano asturias	0	535
chat chueca gay madrid	66	534
chatlisboa	6	534
dale chat gratis sin registro	3	534
el corito.com la chercha dominicana	1	534
char hispano	0	534
gay_granada	0	534
chat palma de mallorca	19	533
chat hispno	4	533
chatear social	1	533
chat cristiano evangelico	16	532
chueca chat gay	6	532
chat paisa	5	532
chueca_madrid	3	532
terra almeria	1	532
chateargratis barcelona	0	532
chat es	2	531
chat iquique gratis	2	531
chat gratis republica dominicana	64	530
chatsfriend	25	530
chat de montevideo	16	530
chat mujeres casadas	7	530
chat peeu	1	530
chat solo ellas	1	530
www.chathispano.com chat	1	530
xx chat	22	529
miami chat	11	529
chat mas de 50 terra	5	529
chat gratis guipuzcoa	4	529
chat de lima gratis	3	529
terrachay	1	529
chat terra sin registro	14	527
mi punto chat caracas	9	527
chat de mas de 40	8	527
chat de santa fe	4	527
ficha canal gay cadiz	0	527
chatear hot	100	526
hot chats	56	526
chat santiago de chile	6	526
chat girona hispano	1	526
chat de sonora	0	526
chat denia	21	525
chatvalencia	8	525
chatear con maduras	114	524
follar gratis barcelona	76	524
chattrans	18	524
chatear en lima	1	524
dalr chat	0	524
el chat de paysandu	0	524
chat sexo.	12	523
chatlesbiana	12	523
chat argentina córdoba	6	523
chat gratis gdl	2	523
chat online sexo	37	522
chat gratis con extranjeros	28	522
chatchuecamadrid	4	522
canalchat mazmorra	1	522
chat gaygranada	2	521
chat alternativo barcelona	1	521
chat org mexico	1	521
chat zona tenerife	452	520
chat a coruña	14	520
chat vene	2	520
terrachat bcn	2	520
chat esoterico gratis	12	519
chat gratis cali colombia	3	519
asturias chat	1	519
dalechstea	1	519
el chat méxico	1	519
gayperu chat	39	518
omegle españa	72	517
videollamadas con maduras	48	517
irc hispano alternativo	0	517
chatear argentina	0	516
trans gratis	65	515
chat swingers	63	515
chat sexo vigo	61	515
zona chat chaco corrientes sin registro	5	515
chatea sexo	3	515
chat gratis en español sin registro	10	514
chat caracas mayores de 40	8	514
tv chat	3	514
chat trans madrid	23	513
chat rosario más de 40	3	513
dalealchar	0	513
chat bogotá citas	157	512
chat irc gay	4	512
web chat argentina	2	512
chat quito gratis	5	511
chat bahienses irc	1	511
elchat uruguay	1	511
chat de andalucía	0	511
chat online adolescentes	13	510
paginas de chat gratis	8	510
chat.org españa	7	510
mardelchat	4	510
chat online con mujeres	92	509
bazoocsm	27	509
chateagratis travestis	2	509
chat gay huesca	27	508
chat el chat gratis	1	508
chat hot costa rica	13	507
chat torrevieja	53	506
terra chat más de 40	3	506
viarosario org app	1	506
dale al chat caliente	0	506
redhispana chaco corrientes	0	506
chat dominacion	199	505
chat gratis dominicano	12	505
chatgay sevilla	6	505
chat gratis zacatecas	2	505
chatmasde60	0	505
terra chat almeria gratis	0	505
chatea mexico	1	504
quierochst	1	504
chat alcala de henares	36	503
chat friends peru	5	503
chat kiwi irc hispano	2	503
chathipano	2	503
quiero chatear	1	503
chatea gratis vigo	0	503
contactos gay valencia	23	502
chat para hacer amigos whatsapp	17	502
chat sanlucar de barrameda	17	502
chat zona colombia	267	501
chat con chicas gratis	74	501
gay chat latino	12	501
chat gay andalucia	7	501
chat online barcelona	6	501
chat argen	0	501
terrachat barcelona	0	501
chats cachondos	61	500
chat yucatan gratis	5	500
chat torrejon de ardoz	20	499
chatespañol	10	499
chat cruising tenerife	3	499
chat v54	1	499
chat gay paraguay	23	498
chat gayguarros	18	498
chueca madrid chat	17	498
hablar online	14	498
paranacht	0	498
chueca_canarias	7	497
chat usa en español	3	497
chat en merida yucatan gratis	2	497
chat terra jaen gratis	1	497
ficha chueca canarias	1	497
chat gratis de venezuela	0	497
chat terra almería	2	496
chat en colombia	14	495
chat chaco ctes	2	495
chat murciano	2	495
chateagratis vigo	2	495
chat gratis 60	1	495
chat vía rosario	1	495
sonora chat	1	495
canal chat lesbianas	3	494
chat balear	3	494
friend chat	2	494
chat arg lesbianas	1	494
omegle online gratis mujeres	110	493
chat badoo sin registro	4	493
chat gratis mas de 50	4	493
chats gratis madrid	1	493
el chat de cuernavaca	1	493
chat de mujeres	46	492
chat edades	30	492
chat en mexico	14	492
chat region metropolitana	6	492
chatchuecaeuskadi	4	492
chat extremadura gratis	3	492
chat online caliente	38	491
chat lesvico	9	491
chat viarosario rosario	8	491
chicas de tu zona	4	491
dlaechat	2	491
chat libre sin registro	9	490
chatear barcelona	5	490
amigos chat gratis	2	490
chathispano antiguo	2	490
chat bandoleros	1	490
chat uruguay.	0	490
chat gratis sin registro con fotos	23	489
chat tudela	13	489
chat colombiana	9	489
chat chu	4	489
chats bdsm	27	488
chat de amigos gratis	15	488
chat bsas	13	488
chat chueca tarragona	1	488
chat cornudos contenido	1	488
chat morboso	86	487
chat gratis girona	6	487
chat hipano	1	487
chat gay chueca sevilla	0	487
chatzona usa	351	486
www.paranachat	0	486
chat por	5	485
chat gay getafe	1	485
chat terra más de 60	1	485
chat seco	0	485
chat frien	3	484
salas de chat cali	1	484
chat lesbianas maduras	38	483
chatear con personas online	26	483
chat amigos en español	11	483
chat gratis merida	3	483
chat con mujeres maduras	129	482
chat gratis colombia sin registro	22	482
chat gratis mexico sin registro	11	482
friendschat	4	482
chat gay mex	3	482
contacto gay cruisisng	0	482
chats trans	62	481
chat lesbianas argentina	13	481
chsthispano	6	481
via chat rosario gay	0	481
chat gay en vivo	20	480
web chat dale	3	480
barranquilla chat	49	479
chat de 60 a 70 años argentina	4	479
hispano chat kiwi	4	479
chat gay caceres	32	478
chat de estados unidos	15	478
char caliente	11	478
sala mazmorra	3	478
móvil chat	2	478
chat cornido	1	478
dale chat valencia	1	478
chat murcia gay	20	477
sala de sexo	7	477
chat religion gratis	6	477
chathuelva	6	477
chat españa online	5	477
chat gay eus	3	477
chat del sexo	2	476
chatealo santiago	2	476
chat gratis tarragona	1	476
chat.zona	442	475
chats para hablar	36	475
chat les bogota	7	475
chat leabianas	1	475
chat con gay	20	474
vhat gay	15	474
gay coruña chat	9	474
ares chat	3	474
chat usa gratis sin registro	2	474
chatiar gratis	1	474
dalexhay	1	474
chat gay de cordoba	0	474
chat gratis burgos	13	473
chat arge	0	473
dalecjatea	0	473
chat gay ferrol	6	472
chat terra barcelona gratis	2	472
el chat zacatecas	1	472
chat zaragoza ligar	17	471
chat menorca	14	471
chatavenue	6	471
chat gay venezuela	27	470
chat travesty	23	470
chat de lleida	9	470
chat religioso	7	470
chat alicante hispano	3	470
colchat bogotá	3	470
chat de mujeres lesbianas	45	469
chat chueca malaga	4	469
chat zona chile	374	468
chat gratis sin registro mexico	35	468
chat online gratuito sem registro	19	468
chat gay ast	1	468
chat arg uruguay	0	468
conocer gente por chat	53	467
dale chat sin registro	6	467
chatear gratis bogota	4	467
dalechqt	1	467
chat online gratuito portugal	43	466
chat para parejas	40	466
chats adolescentes	9	466
chat gay gratis tenerife	4	466
chat 25090	0	466
viatosario	0	466
chat gay bogota	82	465
chat col	14	465
chat maduras gratis	69	464
gay chat hispano	13	464
salas de chat de chihuahua	2	464
caracas chat	1	464
chateacongente	1	464
chat terra 40	0	464
chat tegucigalpa	14	463
salas de chat gratis en bogota	13	463
kiwiirc hispano	6	463
chat mx	5	463
chat gay cibersex	4	463
chat zona cadiz	418	462
chat republica dominicana gratis	23	462
chat uruguay gratis sin registro	22	462
terra chat usa	3	462
gay chat euskadi	1	462
chateahratis	0	462
chatear con mujeres	51	461
chat molina de segura	32	461
chat anonimo gay	16	461
chat para hacer amigos de todo el mundo gratis	16	461
chuecabaleares	10	461
chat orense	8	461
chst hor	4	461
chat astur	0	461
lesbiana chat	27	460
kiwi chat barcelona	17	460
chat de sumisa	15	460
chat hot con chicas	44	459
chat gratis con trans	37	459
chat gay gratis murcia	25	459
chatalmeria	2	459
terra chat puerto rico	0	459
chat zona venezuela	413	458
chat kiwi chueca	3	458
chat de piura	1	458
chat peri	1	458
contactos gay girona	44	457
chat gratis sinaloa	13	457
gay chat cibersexo	11	457
gayguarros	7	457
chat tacna	2	457
chatsado	121	456
paginas para chatear en linea	18	456
para hablar con personas	18	456
chateagratis jalisco	5	456
chat movil gratis	3	456
mendoza chat	2	456
chatzona.org	360	455
camsurf gratis	48	455
chat geomundos	12	455
dale chat gay rosario	0	455
latin chat puerto rico	0	455
irc chat hispano antiguo	10	454
chat sexo bogota	7	454
chat sevilla cruising	5	454
viarosario.org chat	4	454
gente chat barranquilla	3	454
chateagratis cadiz	1	454
chat de bolivia gratis	0	454
elcjat	0	453
contactos gay toledo	10	452
chat de bogotá gratis	6	452
chatear y hacer amigos	3	452
chat esp	1	452
chat ligar mallorca	163	451
chatzona.com	80	451
sexo madrid gratis	47	451
chat dos hermanas	26	451
vecinas maduritas	11	451
chat gay ciber sexo	9	451
chat de burgos	6	451
chatear gratis gay	4	451
chat49	2	451
sala chat vigo	0	451
chat porno gay	61	450
chat argentina online	43	450
chat aviles	19	450
chat les maduras	2	450
chat maduros gays	14	449
chatear gratis y sin registro	8	449
chat gratis vitoria gasteiz	2	449
entra y conoce gente nueva chat	0	449
chat terra chueca	140	448
chat gay madrid kiwi	5	448
chat noches	3	448
chatpiura	0	448
chat gratis madrid sin registro	32	447
gente chat cali	7	447
chat les terra	0	447
chat online lima	0	447
tinychat gratis	39	446
charlas hot	32	446
salas de chat españa	16	446
chat sexo lleida	14	446
chat liberal	174	445
bazoocams	56	445
chat internacional gratis	13	445
chat ispano	10	445
ligar chat	9	445
chatear gratis en valencia	2	445
gaycibersexo	5	444
canal chat alicante	2	444
chatear gratis murcia	1	444
chat de yucatan	0	444
chat maduras xxx	34	443
chat terra mas 50	17	443
tico chat	8	443
hola oaxaca chat	6	443
chat gratis antofagasta	1	443
terra chat más de 50	1	443
chat gay antiguo	0	443
chat cornudos gratis	11	442
chat chueca castellon	5	442
chat en lima gratis	3	442
chatear gratis mas de 40	1	442
chatear gratis usa	1	442
chatear en euskadi	0	441
chat león	35	440
chat con maduros	15	440
hispano kiwi	7	440
webcam chat gratis	110	439
chat con casadas	92	439
chat sin registro argentina	15	439
foro gay madrid	4	439
chat calienre	9	438
chat gratis estados unidos	5	438
cuckold chat	5	438
el chat de mexico	1	438
chat vzla	0	438
chat grayis	2	437
chat de valdivia	1	437
chats caracas	0	437
chatear con desconocidos	38	436
chat de zaragoza	23	436
chat público	15	436
chat solteros	9	436
salas de chat bolivia	8	436
chat chueca canaria	8	435
elchat ecuador	5	435
salas de chat sin registro	5	435
chat movil kiwi	4	435
chat murcia chueca	3	435
santa fe chat	2	435
el chat de aguascalientes	1	435
chateagratis las palmas	0	435
chat con desconocidos	23	434
chatgay barcelona	0	434
chats calientes gratis	65	433
chat gay teruel	11	433
chat tetonas	11	433
gay chat sin registro	6	433
terra chat españa	2	433
sala de chat puerto rico	1	433
chatenlinea	36	432
sumisas chat	23	432
chad gratis	4	432
hablar con chicas gratis	56	431
web chat hot	10	431
chat torremolinos	7	431
hispano chat gay	4	431
hat gay	3	431
chat sudca	0	431
irc bahienses chat	0	431
contactos gay cordoba	14	430
chat hispano sin censura	5	430
chst peru	2	430
webchat yucatan	0	430
más de 60	2	429
contacto gays cruising	0	429
chatear con mujeres solteras whatsapp gratis	80	428
chat gay cam	5	428
chateagratis travesti	2	428
chatear gratis en espanol	1	428
chat para site gratuito	0	428
www.chat.org	0	428
chats hot gratis	115	427
chat sumisas gratis	17	427
chat les venezuela	10	427
chat hablar con gente	33	426
valencia chat	1	426
gente chat net	0	426
terra alternativa	0	426
omegle chat online	45	425
contactos cruising	34	425
chat madrid gay	18	425
chat follar	16	425
tenerife gay chat	8	425
esto es chat bogota	6	425
chat argentinos	5	425
dale chat paysandu	1	425
elchat html5	0	425
chat swxo	4	424
chat maz	3	424
el chat nuevo	1	424
chat caliente anonimo	46	423
swinger chat	42	423
transexuales gratis	38	423
brujos en linea chat gratis	25	423
chat paraguay gratis	7	423
chatear con gente de cuba	1	423
chat caliente con mujeres	46	422
chat lesbianas latinas	28	422
chat cibersexo gratis	11	422
chat gratis.org	11	422
chueca chat leon	5	422
dalechatea.	3	422
chat hisapno	1	422
chat de lugo	0	422
chat con transgenero	62	421
chats para ligar whatsapp	30	421
chueca asturias chat	13	421
conocer gente online gratis sin registrarse	11	421
chat cáceres	10	421
chat online nicaragua	10	421
chat chatear gratis	5	421
chat chueca murcia gratis	4	421
chat terra gratis barcelona	2	421
aplicaciones para hablar con mujeres gratis	78	420
chatsgays	6	419
trujillo chat	4	419
chat gay friend	2	419
chatear con mujeres gratis	49	418
paginas para hablar con gente	27	418
chatsudcaliforniano	2	418
chat gay madrid irc	1	418
chat san cristobal	8	417
chats cantabria	5	417
chat rosario sin registro	3	417
chatgispano	2	417
chathispno	2	417
chat de travestys	1	417
chateagraris	0	417
chay gratis	7	416
chat adolescentes gratis	5	416
chat arg lesb	0	416
chst terra	0	416
navarra chat	223	415
chat cartago	17	415
chat bi	15	415
chatlesb	14	415
maduro busca joven	4	415
chatcaracas	0	415
chateargratis mas de 60	0	415
chat de friends	55	414
chat sexo maduras	26	414
chat para hacer amigos gratis	11	414
tijuana chat	8	414
chat monterrey nuevo león	6	414
argenchat mas de 40	0	414
chat dalechat	0	414
chats travestis	32	413
chat gay de tenerife	4	413
chatgriends	3	413
chattrujillo	3	413
contactos parejas	46	412
chat gratis de lesbianas	22	412
chat para travestis	16	412
contactos gay alicante	14	412
joven busca maduro	14	412
chat miami beach	9	412
chat coruña gay	6	412
chuecaeuskadi	3	412
chat gay_malaga	1	412
chathispanl	7	411
videochat con maduras	47	410
chat sexo gay	33	410
páginas para chatear gratis	21	410
chat gaycoruña	15	410
chat gratis albacete	3	410
chat anonimo hot	52	409
chat online free	17	409
lescontacto	118	408
chats para conocer gente gratis	25	408
chat caliente colombia	6	408
chat gay santander	6	408
chat merida yucatan gratis	4	408
gente del chat	1	408
chatgay asturias	1	407
www.dalechat	0	407
chatiapues medellin	6	406
chat las palmas gc	4	406
elchatgratis	3	405
chat argento	2	405
chatzona euskadi	353	404
gay en rosario	8	404
ozu chat mas de 60	5	404
chat de jaen	27	403
chat para gays	10	403
terra chat méxico	1	402
chat de perú	2	401
chat terra chueca canarias	2	401
chat zac	2	401
chatzona gay	346	400
conocer gente	15	400
chat tlaxcala	9	400
chatga	2	400
gays en soria	2	400
chat del mundo	1	400
españa chat	1	400
canal chat valencia	0	400
chats de lesbianas	20	399
chat con gays	18	399
chat gay barcelona kiwi	4	399
chat lima callao	4	399
chat jaén gratis	1	399
omegle sin cuenta	19	398
chat gaysm	10	398
chat terr	6	398
chat pereira gratis	3	398
chat irc mazmorra	1	398
misiochat.net	0	398
omegle español gratis	42	397
chat de parejas gratis	36	397
chat friends sin registro	0	397
chats bogotá	9	396
chat n.l	2	396
chat por edades	2	396
el chat móvil	2	396
chat sin registrarte	0	396
chat gratis miami	5	395
chat táchira	1	395
pagina para chatear gratis	15	394
chat amizade portugal	9	394
chuecacanarias	7	394
terra chat móvil	6	394
www.elchat	2	394
chatear gratis venezuela	1	394
dalehat	0	394
chat online lesbianas	26	393
peru chat gratis	1	393
chats sumisas	181	392
chatea gratis españa	1	392
chat vigo irc	0	392
chateagratis coruña	0	392
chat gay trujillo	9	391
mujeres chat gratis	8	391
chat dsle	1	391
dale. hat	1	391
vhat gratis	6	390
chat terra nudismo	7	389
chat amistad tv	3	389
chat gay de córdoba	1	389
paginas para chat hot	62	388
chat mujeres calientes	38	388
chat chueca valladolid	7	388
chat san juan	5	388
contactos gay león	1	388
chat esoaña	0	388
chats en linea gratis	33	387
chatear con lesbianas gratis	13	387
chat gays maduros	8	387
chueca canarias tenerife	7	387
terra chat las palmas sin registro	7	387
viarosario gay	4	387
chat gay de guadalajara	1	387
chatzona sexo	328	386
chatmonterrey	12	386
chateagratis pais vasco	2	386
contactos gay puebla	2	386
chat mujeres guatemala	0	386
terrachat alternativo	0	386
sala de chats	9	385
irckiwi	5	385
chat caliente mendoza	3	385
chat gay ozu	3	385
chat de maduras	89	384
chat gay barranquilla	9	384
chat camiente	7	384
chatear con alguien	4	384
chat iqq	0	384
chat gey gratis	17	383
chat colima	2	383
el chat puebla gratis	1	383
chatvene	0	383
chat sexo cadiz	18	382
chat hot bolivia	7	382
cjat caliente	3	382
mazmorra irc	2	382
chatea gratis uruguay	1	382
chatgaycibersexo	1	382
chatgratis/mazmorra	0	382
chats uruguay	6	381
chat hispanl	2	381
terra chat mobil	0	381
chat monterrey sin registro	21	380
chatalicante	12	380
chat cristiano gratis sin registro	7	380
chatea dale	2	380
chat gratis con gente de cali	0	380
chatgaygalicia	4	379
chat en aguascalientes	2	379
cr chat	2	379
el chat de venezuela	2	379
chat terra irc	1	379
chateagratis lesbianas	1	379
dadlealchat	1	379
dalechates	1	379
quierocaht	1	379
dalechat py	0	379
chat de sado	275	378
hot chat online	17	378
zona chat mexico	334	377
chat gay torrevieja	28	377
chat gratis bucaramanga	12	377
vía rosario chat	6	377
dela chat	3	377
monterrey chat	3	377
chat gay ondara	2	377
chat gratis san luis potosi	2	377
chat bolivia cochabamba	0	377
kiwidalechat	0	377
chats friend	80	376
chatea chat gratis	1	376
elchat movil	0	376
script chat colombia	0	376
chat gratis dale chat	1	375
el chat yucatan	1	375
chat fetiche	148	374
chat gay leon	55	374
videochay gay	11	374
chat ourense gratis	7	374
chst online	4	374
chat amas	121	373
chat gratis en vivo	36	373
chat sev	2	373
canal chat ecuador	0	373
el chat la paz	4	372
gentechat zaragoza	3	372
chat de terra mas de 50	2	372
canal chat org hermosillo	0	372
chat gay chueca navarra	0	372
salas de chat sonora	0	372
chatear con travestis	30	371
chat caracas gratis	23	371
chat gay chueca extremadura	8	371
xat sexo	4	371
quierochat.com	3	371
dale chats	2	371
chatea gratis mazmorra	0	371
chats andalucia	0	371
chat hot gratis sin registro	29	370
chat intercambio de parejas	19	370
contactos gay lugo	18	370
chat bogota latino	17	370
caht gay	8	370
chatsgratis	3	370
malaga chat	3	370
chataona chat sobe	0	370
chst venezuela	6	369
chat hot org	13	368
chatt gratis	7	368
gay chat gratis	7	368
sin registro	5	368
chatea gratis andalucia	4	368
quiero chat madrid	2	368
gay crusding iniciar sesión	0	368
chat gay anonimo	12	367
salas de xhat	12	367
chatguadalajara	1	367
dale chag	1	367
chat para site	0	367
dalechatwa	0	367
follar gratis en madrid	53	366
chat cruising gay	10	366
chat de chueca valencia	4	366
canal chat religion	1	366
chat hispano cordoba	1	366
chat les peru	120	365
guatemala chat	4	365
chat de jovenes	3	365
galicia chat	3	365
chat bdsm gente	0	365
el chat org	0	365
live chat gratis	26	364
chat gratis cataluña	5	364
chateagratis colombia	3	364
misiones chat	2	364
hablar con maduras	107	363
chat bogota sin registro	28	363
chat gey tenerife	21	363
chat de buenos aires	16	363
chat porno lesbianas	15	363
el chat .com	2	363
chat cantabria gratis	1	363
quieroch	0	363
chat encuentros	17	362
chat aragon	10	362
chatcristiano	2	362
chateagratos	1	362
chatmedellin	1	362
chat anónimo	30	361
chats on line	25	361
chat campeche	24	361
chat de merida	3	361
chat uruguay blablat	3	361
el chat bogotá	0	361
chat zona méxico	322	360
chat entre rios	6	360
#chueca_canarias	3	360
chat con milf	21	359
chat japones	19	359
gay navarra	8	359
tu chat gratis	0	359
chat con chicas hot	23	358
chathispa	2	358
chat chueca movil	0	358
chica chat	6	357
chat gaymalaga	2	357
chat hot cr	0	357
chat hablar	29	356
contactos gays tenerife	28	356
chathot online	24	356
chat mazmorra canalchat	1	356
chat lesbianas xxx	13	355
chat burgos gratis	4	355
chat zona oeste	4	355
chats madrid	4	355
parejasliberales	3	355
latin chat lesbianas	130	354
chat pareja gratis	10	354
chatroom gay	4	354
chat mazmorr	3	354
chatear canarias	1	354
dale chat 40	0	354
dale chat quito	0	354
chat transexual gratis	29	353
chat colombia bogota	25	353
paginas calientes	21	353
chat sin registro uruguay	9	353
chat musica	7	353
chat mérida yucatán	3	353
chatvgay	3	353
dale chat sevilla	2	353
citas mendoza gratis	13	352
chat sexo murcia	6	352
chat en sevilla	4	352
delechatea	3	352
sala de chat mexico	1	352
y dale chat argentina	0	352
chat.chatzona	161	351
chat gratis nicaragua	21	351
chat en vivo gratis sin registro	15	351
geomundos	173	350
chat fratis	3	350
chat chueca gay euskadi	1	350
sala de chat dale	1	350
pagina de chat gratis	19	349
chat mostoles	6	349
chahispano	4	349
chat bahienses org	2	349
chat bogots	2	349
chat gratis ibague	1	349
omegle chat texto	102	348
habla con gente	30	348
chat caliente dale	1	348
chueca chat bcn	0	348
el chat de chihuahua	0	348
chat anonimo	49	347
chat en bogota	17	347
dale chat asuncion	0	347
dalechat montevideo	0	347
webchat ecuador	0	347
chat gratis honduras	12	346
chat de chueca barcelona	2	346
contactos gays cordoba	288	345
chat de terra mas de 40	40	345
chat en paraguay	7	345
chatea gratis lesbianas	7	345
chat valpo	2	345
chat del país vasco	0	345
hat gratis	0	345
amigos gratis	4	344
chat chueca madrid gratis	4	344
chat canaria	2	344
chat gay arge	1	344
chat hispano gay malaga	0	344
chat con mexicanas	6	343
chat sin registro chile	6	343
chat gratis panama	5	343
chat bilbao ligar	2	343
chat mas de 60 terra	1	343
salas de chat gratis ecuador	0	343
salas de chat gratis colombia	22	342
chat gitano madrid	3	342
gente chat puebla	1	342
canal chat bogota	0	342
dalexat	0	342
el chat de veracruz	0	342
chat de mexico gratis	4	341
chat el barco	1	341
chat gratis online sin registro	1	341
chat puerto rico gratis	9	340
chat erótico gratis	8	340
chat lesbisnas	6	340
chata gratis	5	340
chatea gratis gay	1	340
el chat el chat	0	340
webchat terra	0	340
grupos de chat	37	339
chatcibersexo	13	339
chuecabcn	8	339
chat sem cadastro	4	339
chat mdeo	1	339
chataguascalientes	1	339
red hispana corrientes	1	339
radio patio marujas	0	339
chats en línea	44	338
chat amos y sumisas	24	338
chat nudistas	9	338
dale chatear	6	338
chat de andalucia	4	338
mirc tucuman	3	338
gay rosario chat	1	338
kiwi hispano chat	1	338
viarosaeio	1	338
chat dale arg	0	338
chat merida gratis	0	338
contactos gays en madrid	23	337
chat xativa	13	337
chát	1	337
videollamada con maduras	47	336
chat claiente	4	336
guadalajara chat	2	336
daelchat	0	336
chat mujeres maduras	65	335
contactos gay granada	3	335
dlechat	1	335
chat de zona	107	334
chat maduro gay	19	334
chat en malaga	10	334
chat ecusdor	3	334
webchat uruguay	0	334
chat lesbianas chile	76	333
contactos gay tenerife	34	333
chat montevideo uruguay	14	333
chat chicas españa	13	333
chatgay madrid	4	333
chateaño	2	333
chat valdivia gratis	0	333
chatt hot	26	332
chat gay comunidad valenciana	10	332
terra chat valencia	2	332
chat cancun	1	332
chats para follar	26	331
chat hispano chueca murcia	3	331
mi chat antofagasta	2	331
dalexhar	1	331
chat online girona	0	331
chatear mas de 40	0	331
contactos gays madrid	9	330
chat de cuba gratis	3	330
chatear mas de 50	1	330
chat hispano huesca	0	330
xhat hispano	0	330
videollamadas hot	55	329
contactos gay valladolid	22	329
chat gratis para conocer gente	17	329
chatgaynavarra	11	329
chat gay zona sur	10	329
chat de leon	3	329
chat hispanp	1	329
chatgaymurcia	1	329
universo gay euskadi	1	329
chat mayores de 30	0	329
gentechat mas de 60	0	329
terra chat chueca canarias	0	329
chat zona peru	294	328
chat con chicas en línea	41	328
chst hoy	7	328
chat cantabria irc	1	328
chat stgo	1	328
chatgay cadiz	5	327
chatchipen	4	327
chat toledo gratis	1	327
conocer gente chat	23	326
chathuspano	2	326
misiochay	2	326
chatear andalucia	0	326
chat grats	5	325
webchat mexico	2	325
chat gratis houston	1	325
elchat. com	1	325
chat de contactos	27	324
chattravestis	24	324
irc cornudos	11	324
chat venezolano	8	324
chat comunidad valenciana	2	324
chat gratis 40	1	324
dale chqt	1	324
chatcruising	9	323
el chat chat	1	323
chat hot aleatorio	70	322
omegle.chat	28	322
chst gsy	3	322
el chat mexico gratis	3	322
cht hispano	2	322
chat gay gratis barcelona	1	322
zacatecas chat	1	322
chatear con mujeres maduras	70	321
chat gay hot	24	321
chat bgta	0	321
chat.argentina	0	321
amigos virtuales para hablar	107	320
charla hot	44	320
chat con chicas calientes	36	320
chat sexo lesbianas	12	320
chat gratis sin registro guatemala	8	320
chatfrieds	1	320
elchat trujillo	1	320
chateagratis gay	0	320
chueca vlc	0	320
videollamadas online gratis sin registro	44	319
chat internacional gratis sin registro	14	319
chatear en línea	13	319
el chat kiwi	8	319
chatuniversogay	7	319
ecuador chat	3	319
chatgay puebla	2	319
chat gay cuba	44	318
chat sexo lugo	5	318
chat de gitanos gratis	2	318
chat de merida yucatan	2	318
gay chat asturias	2	318
chatbolivia	1	318
chat de arg	0	318
chat gratis 50 60	0	318
chat mazmorra terra	0	318
chat hot +18	29	317
chats para hacer amigos	13	317
chat de amor y amistad	4	317
chat gay cruising valencia	1	317
chat hispano gay asturias	1	317
chat gratis guayaquil	6	316
chat espanol gratis	5	316
chat gratis de aguascalientes	1	316
chat terra barcelona alternativo	1	316
chatchuecacanarias	1	316
chat hot chihuahua	35	315
chat gracias	6	315
chat de sexo colombia	1	315
chatgay granada	1	315
cba chat gay	0	315
llamadas hot	65	314
chat con chicas trans	54	314
tinychat	42	314
gay girona	34	314
chatcanarias	19	314
chatea en linea	14	314
chat gratis ligar	6	314
chat de lima peru	1	314
chat dikela	1	314
dalechtea	1	314
chat argentino uruguay	0	314
dale chat granada	0	314
melocoton chat	0	314
bazooca	9	313
chat heredia	1	313
chatear con cubanas	1	313
chats adultos	21	312
chat trio	17	312
cgat hot	12	312
chat en ecuador	10	312
el chat veracruz	3	312
chueca gay euskadi	1	312
char arg	0	312
chat españa.	0	312
chateame argentina	0	312
sexo canarias	32	311
gay murcia	15	311
chat hispano barcelona chueca	9	311
kiwi webchat	4	311
salas de chat en aguascalientes	0	311
bazookam	27	310
chat en valencia	9	310
chat gratis valparaiso	5	310
salas de chat gratis españa	5	310
chat cibersex	4	310
chatear gratis granada	1	310
chat bilbao vizcaya	49	309
xhat caliente	12	309
chat guate	4	309
cuba chat	4	309
chat de mujeres casadas	2	309
chatgayeuskadi	2	309
chat maduro	1	309
chat terra granada gratis	0	309
chat av	1	308
chat gay ceuta	1	308
chueca chat murcia	1	308
chat gay val	0	308
mujeres maduras gratis	36	307
chat gay a coruña	22	307
chat santiago de chile sin registro	5	307
chatzons	254	306
chat chueca val	3	306
chat cristiano chat	2	306
chat dale libre	0	306
chatcubano	0	306
chat con mujeres solteras	39	305
chat gratis hispano	5	305
chat terra almeria alternativo	4	305
chat irc granada	1	305
chat en guadalajara	0	305
contactos tudela	8	304
chat argentina sin registro	4	304
chat gratis sin registros	4	304
salas de chat caliente	4	304
chat grtais	3	304
sexo gay madrid chat	2	304
chat chueca gay sevilla	0	304
chatea gratis venezuela	0	304
dalecahtea	0	304
sala de chat panama	0	304
sitios de chat	7	303
chat de cantabria	5	303
chat terra chueca asturias	5	303
chatgsy	5	303
montevideo chat	2	303
chat gay.org	0	303
terra chst	0	303
chat metepec	41	302
chatgay colombia	6	302
chatgay gratis	6	302
chat tijuana baja california	4	302
chatjalisco	4	302
chat coru	1	302
chat amigos españa	11	301
más de 40 chat	4	301
chat de oaxaca	3	301
chat euskadi gay	1	301
chat videncia gratis	1	301
chat sin registro euskadi	0	301
el chat cr	0	301
el chat de sinaloa	0	301
zona chat peru	250	300
hablar hot	41	300
chat online uruguay	16	300
salas de chat chihuahua	1	300
chat de sexo gratis org	0	300
hispano chat zaragoza	0	300
chats con mujeres calientes	44	299
chat hot lesbico	29	299
chat lesbianas online	19	299
chat caliente en linea gratis	14	299
chat sin registro gay	14	299
chats de gays	14	299
chat terra gratis mas de 60	10	299
chat andalucía gratis	4	299
chat en new york	0	299
chat regio	0	299
chatea org	0	299
chatzina	259	298
chat móvil gratis	36	298
chat bucaramanga gratis	26	298
gay toledo	15	298
chat de ligar	11	298
chatear gratis sexo	5	298
salas de chats gratis	5	298
chat gay chueca murcia	4	298
sala de chat ecuador	4	298
chat de lesbianas sin registro	3	298
chat mistico	3	298
chat hispano granada	2	298
chatea gratis andalucía	1	298
elvhat	1	298
busco chat	0	298
chatflash	246	297
chats online para conocer gente	44	297
sitios de chat gratis	14	297
gay chat espanol	3	297
cha chuec val	2	297
chat traves	8	296
chat dale ecuador	3	296
chat en espanol usa	3	296
el chat cali	3	296
videochat hot	49	295
chatear con mujeres solteras gratis	24	295
chat gratis algeciras	18	295
chat and friends	15	295
chat madrid ligar	5	295
chat mas 50	5	295
latinchat mas de 40	2	295
asturias chatear gratis	1	295
chat murcia hispano	1	295
quierochat alternativo	1	295
terra mas de 40	1	295
chtas gratis en paraguay	0	295
el chat de colombia	0	295
chat gratis tijuana	31	294
chato hot	20	294
hablar por chat	19	294
chat alcazar de san juan	13	294
video chat gey	13	294
chat jal	2	294
chatbaleares	0	294
chat vic	33	293
gay chat colombia	10	293
chats de mexico	6	293
chat guadalajara españa	4	293
el chat de lima	4	293
latinchat quito	2	293
chat hot online gratis	69	292
sitios para hablar con gente	26	292
chat online costa rica	21	292
sala de chat gay	11	292
chatfree	8	292
chat cañiente	6	292
cht sexo	5	292
paysandu chat	3	292
chat chueca cadiz	0	292
dalecharea	0	292
kiwi irc bahienses	0	292
quieroxhat	0	292
encuentros gay monterrey	34	291
chat gay donosti	6	291
chatfreinds	1	291
chatear argentina gratis	0	291
chat gratis guadalajara	9	290
videochat gay online	9	290
chatgratis sexo	6	290
chat de tarot gratis	3	290
chatgay navarra	1	290
chat regios	0	290
chat donosti	86	289
chathospano	3	289
chat sin registro madrid	2	289
chat gay tfe	1	289
canalchatorg mas de 60	0	289
salas de chat lima	0	289
cha zona	285	288
chat naron	2	288
chat y tv gratis	2	288
chat gratis badajoz	0	288
chatear con transexuales	48	287
omegle españa gratis	32	287
chat crossdresser	31	287
terra chat córdoba	21	287
chat risaralda	5	287
chatear cadiz	4	287
chat argentina mendoza	3	287
chat gay latinchat	3	287
vigo chat	3	287
chat amor en linea	1	287
chat quiero chat	1	287
chat soltera	1	287
terra chat dale	0	287
chat gay joven busca maduro	23	286
chat arnet	11	286
chat chica	8	286
chatear con amigos gratis	3	286
chat gratis málaga	1	286
chat org colombia	1	286
chat quito norte	1	286
dalechatt	1	286
chat org argentina	0	286
chat pwru	0	286
dald chat	0	286
dalechatea costa rica	0	286
más 40 chat gratis	0	286
chat. gratis	9	285
chat gratis castellón	8	285
chat ghot	5	285
chat.gratis	5	285
chat libre colombia	4	285
chstealo	1	285
chatquiero	0	285
chat en liena	21	284
chatscalientes	17	284
chatea hot	13	284
chat gay cadi	5	284
chat gay chueca asturias	4	284
chstfriends	1	284
chat argentino mas de 40	0	284
dalechatea paraguay	0	284
zona chat jalisco	180	283
chat de lesvianas	16	283
chat queretaro gratis	14	283
chatea puebla	0	283
chat zona sexo	247	282
contactos gays en zaragoza	27	282
chat irc valencia	10	282
chattravesti	8	282
charhispano	6	282
chat alicante 200 personas	6	282
web chat gay	6	282
chat gay spain	5	282
chat en bolivia	4	282
chat hispsno	2	282
omegle mujeres gratis	45	281
omegle mensajes	37	281
chat lesbicos	22	281
chat para jovenes	16	281
chat aranjuez	8	281
chqt gay	5	281
chat aguas	3	281
chatea gratis bogotá	3	281
contactos gratis tenerife	1	281
chat online arg	3	280
chat de las palmas	0	280
chat gratis jaén	0	280
chat gay burgos	86	279
chat hot barranquilla	20	279
chat frances	8	279
chat miami florida español	7	279
chat estados unidos más de 50	6	279
chat sin registro españa	5	279
chat terra huelva gratis	4	279
misiochst	2	279
chateagratis chachipen	0	279
dale chatea me	0	279
querétaro chat	0	279
chatea gratis travestis	4	278
chat bdsm gratis	13	277
chat sexo trans	13	277
chat gratis para ligar	8	277
chat de puerto rico sin registro	7	277
paginas chat	7	277
chat irc hispano kiwi	6	277
chat corrientes chaco	2	277
chat madrid chueca	2	277
chat mi punto	0	277
chatzona sevilla	152	276
chats venezuela	49	276
chicas chat	36	276
charlar con gente	21	276
chats monterrey	11	276
chat caliente medellin	6	276
chatear en usa	6	276
chat para amistad	2	276
chatea gratis murcia	0	276
chat gratis transexual	10	275
chatmalaga	9	275
chat latinoamérica	4	275
el chat tijuana	4	275
chat venezolanas	2	275
chat mas 40 gratis	1	275
gay chat bcn	1	275
sala de chat mas de 60 dale	1	275
chat gay universo cibersexo	0	275
uol chat argentina	11	274
chat irc españa	9	274
chat gay en español	7	274
puebla chat	4	274
chatear gratis en chile	2	274
salas de chat en argentina	2	274
chat terra valencia gratis	1	274
chat gay balear	0	274
chat latin org	0	274
webchat arg	0	274
chatear en linea gratis	25	273
chat lesbians	10	273
chat morelos	5	273
chat diversidad	2	273
chat terra edades	2	273
chatgaybarcelona	2	273
chatiaps	2	273
chat sexo fácil	1	273
chat cordoba dale	0	273
chat zona hot	150	272
chat portugal grátis	21	272
chat mayores 60	13	272
salas de chat mexico	10	272
chat de ligar gratis	9	272
webchat kiwi	4	272
chst friends	2	272
chatcoruña	1	272
contactos gay salamanca	10	271
chuecavalencia	8	271
gay chat cadiz	8	271
chat de new york	2	271
cjat hispano	2	271
el chat gratis usa	2	271
dalechateo	1	271
chat privado sin registro	7	270
chat tran	7	270
chatear madrid	3	270
chat costa	2	270
chat movil gay coruña	2	270
chat 40 años	1	270
chat de sexl	1	270
irc chat terra	1	270
canal chat trujillo	0	270
dalechatea uruguay	0	270
chat de bdsm	95	269
omegle tv sin registro	91	269
chat +60	65	269
video chat maduras	59	269
chat hot monterrey	52	269
mas de 40 terra	5	269
cadiz chat	1	269
chat gratis barcelona org	1	269
chat alic	0	269
irc gay malaga	0	269
chat lesbianas españa	39	268
hablar con lesbianas	23	268
chat parla	17	268
chat de contactos gratis	6	268
chat en barcelona	3	268
chat gay gratis cantabria	2	268
chat arg les	0	268
gaycruising contactos	0	268
bazucam	23	267
chat de queretaro	7	267
chat onlin	6	267
chat terra más de 50 60	5	267
cruising madrid chat	2	267
chat anonimo dale	0	267
citas tenerife gratis	53	266
chat chueca valencia kiwi	28	266
chat lesbinas	9	266
irc chat chueca barcelona	6	266
chat luque	3	266
dalexhst	2	266
canal chat medellin	0	266
chat gay fuengirola	0	266
chat ozu madrid	0	266
chat zona madrid	201	265
webchat de dale	2	265
chat nuevo león gratis	1	265
chat gratis cochabamba	0	265
citas gay monterrey	192	264
chat gay mar del plata	42	264
chat sexo facil	2	264
chats erot	1	264
chateagratis alicante	0	264
el chat nuevo león	0	264
entra y conoce	0	264
chazona	218	263
ciber sexo chat	67	263
chat gays barcelona	9	263
chatchuecavalencia	4	263
chat contactos gratis	3	263
chat san luis potosi	2	263
chatear gratis amistad	2	263
gdl chat gay	2	263
via rosario org	0	263
chatcostarica	157	262
chat caliente madrid	68	262
live chat hot	35	262
chat san lorenzo	16	262
chats gays online	4	262
contactos gay barcelona	4	262
el chat tapatio	3	262
chat gratis sin registro libre	2	262
chatear con gitanos	2	262
dale chat registro	0	262
chat para hablar con gente gratis	18	261
chat alcobendas	5	261
salas de chats gratis en español	3	261
chat sexo gratis sin registro	2	261
chatchatear	2	261
chat df	1	261
canal chat hermosillo	0	261
chat gay chueca bcn trevia	0	261
chathispano/webchat	0	261
chat en linea hot	62	260
chats gay gratis	11	260
contactos gay ciudad real	10	260
páginas de chat gratis	9	260
chat ardiente	8	260
chat crusing	8	260
geomundos chat	8	260
chat castello	3	260
chatear mexico	2	260
misiochat posadas	1	260
chat dale montevideo	0	260
chat hispano vigo kiwi	0	260
chsteagratis	0	260
mi punto chat ambiente venezuela	0	260
sevilla gay chat	0	260
chstzona	236	259
video chat gay sin registro	32	259
chat para conversar	26	259
gay chat gdl	6	259
chst bogotá	5	259
web chat arg	3	259
chat bogo	2	259
chate gratis	2	259
chateagratis venezuela	1	259
y dale chat	1	259
chat de maracaibo	15	258
chat bondage zona	3	258
terra chat alm	0	258
omeglegratis	25	257
webcam lesbianas	21	257
bazoo cam	19	257
chat las palmas ligar	3	257
chat sado gay	1	257
mallorca chat	14	256
chat de chueca madrid	6	256
chatear sin registrarse	3	256
chat cibersexogay	1	256
chatcadi	0	256
chats publicos	26	255
chat gratis córdoba	2	255
dsle xhat	0	255
chatzona org baneado	129	254
chat webcam gratis	54	254
chatsumisas	19	254
omegle sin registrar	19	254
chat tucumano	9	254
chat para ligar sin registro	8	254
chat gay mx	4	254
chst alicante	0	254
chueca chat gay navarra	0	254
chat gratis chicas	100	253
chat mataro	38	253
chat margarita	15	253
chat hot buenos aires	10	253
chat gay castilla leon	4	253
chat gratis el chat	3	253
chat s	2	253
chat antofagasta gratis	1	253
chat de paysandu	1	253
chat cibersexo adultos	0	253
chat cruising madrid	0	253
chat gay argent	0	253
chatear terra	0	253
chat xxx gratis	38	252
sexo barcelona gratis	32	252
tinder sin registro	29	252
chat europa	20	252
chat gay osos	16	252
chats de adolescentes	13	252
punto chat	6	252
sala chat colombia	5	252
chat sexo gay cadiz	2	252
quiero chat alternativo	2	252
chst argentino	1	252
dale chat mza	0	252
www.chatarg	0	252
gay chat españa	16	251
chatiapues ellos	3	251
chat en linea sin registro	2	251
sala de chat caliente	2	251
chueca balear	1	251
chat gay sumisos	0	251
chatgratisusa	0	251
chats puebla gay	0	251
ficha canal gay sevilla	0	251
chat hot barcelona	69	250
contactos gay bilbao	22	250
sala de chat colombia	8	250
kiwi chat granada	6	250
kiwiirc chat	6	250
chat chueca hispano	4	250
chat mazmorra kiwi	3	250
chats mas de 60	2	250
gay chat friends	1	250
chat dale caracas	0	250
chat masmo	0	250
chat les mexico	20	249
chat gratis usa sin registro	3	249
puerto rico chat	3	249
sala de chat cali	2	249
chat de mza	0	249
chat habibti دردشة	0	249
chateamos cornudos	0	249
club chat gay	0	249
misiocjat	0	249
salaschatgratis	0	249
chats hot online	70	248
chat webcam	24	248
chat de adolescente	2	248
chat.peru	2	248
chat terra original	0	248
omegle gratis mujeres	54	247
chat universo gay	22	247
chat la paz bcs	12	247
chat lesbianas bogota	9	247
chathispani	1	247
ligar galicia	0	247
chatear online gratis	16	246
chat amigas	14	246
cam chat gay	11	246
chat gay valencia chueca	9	246
chats cali	4	246
chat con	0	246
chatmontevideo	0	246
salas chat españa	0	246
chat leganes	42	245
chat hot anónimo	39	245
chat gratis transexuales	33	245
chatear con mujeres solteras	27	245
chat fotos y videos gratis	10	245
chatea pues	8	245
chat leon gto	5	245
chat trujillo perú	4	245
chat eroticos	2	245
chat suba	1	245
chatextremadura	0	245
el chat nl	0	245
irc granada	0	245
página de chat gratis	10	244
chats asturias	5	244
chat en linea venezuela	4	244
chat asturias hispano	2	244
chat sexo org	2	244
chat granada terra	1	244
chat hiapano	1	244
cdale chat	0	244
chat ligar barcelona	0	244
dañechatea	0	244
chatzona badajoz	240	243
chat trans online	30	243
chat posadas	14	243
chat 18	9	243
chat gay medellin	7	243
chat barcelona gay	5	243
chat de ambiente caracas	4	243
chatgay peru	4	243
paginas de chat en vivo	3	243
chatjispano	1	243
chay hispano	1	243
org chat	1	243
chat blablat	0	243
chat tenerife entradas	0	243
chatea peru	0	243
chueca chat gaycadiz	0	243
chueca navarra	0	243
terrachat lesbianas	0	243
ciber sexo gay	149	242
chat con mujeres casadas	15	242
salas de chat en vivo	13	242
chathot.	8	242
alboradachat	4	242
chatear mazmorra	4	242
chat de sexo en bogotá	2	242
webchat chile	2	242
chat gratis jalisco mexico	1	242
chat zulia	1	242
chachipem	0	242
chat mujeres gratis	31	241
bazoom cam	16	241
chat online puerto rico	8	241
chat eeuu	5	241
chat cornudos mexico	3	241
chat pnline	3	241
chat euzkadi	1	241
chat gratis en uruguay	0	241
chatoeru	0	241
terra.es chat	0	241
http://www.chatzona.org/contacto	201	240
chat de asturias gratis	20	240
chat hot en español	20	240
chat cornudo xxx	11	240
chat divorciadas	9	240
contactos gay málaga	7	240
chat argentino mendoza	4	240
chat kiwi ciudad real	2	240
chat org chile	1	240
chat tucuman gratis	1	240
kiwi irc movil	1	240
cdalechat	0	240
sevilla chat gratis	0	240
chat hot whatsapp	50	239
chat chicas calientes	22	239
hablar con hombres	9	239
chatgaycolombia	6	239
gay mty	6	239
chat de gitanos chachipen	0	239
chat hispano.	0	239
chst arg	0	239
dslexhat	0	239
irc chateamos	0	239
perú chat	0	239
chats con mujeres	53	238
chat de sexo gay	19	238
páginas de chat	14	238
chat de lesbi	12	238
chat de república dominicana	6	238
chst bogota	5	238
chat gratis manresa	4	238
chat latino peru	4	238
nudismo chat	2	238
chat de granada	1	238
chat gratis latinoamerica	1	238
chat gratis mas de 40	0	238
chat.elchat	0	238
chat hot tijuana	37	237
chats sexuales	33	237
chat cam	22	237
chat talavera	22	237
chat gay mexicano	7	237
chat arabe gratis	5	237
chat gratis castellon	5	237
asturias chat chueca	4	237
kiwi chat irc hispano	2	237
chat chueca gay barcelona	0	237
chat hot maduras	68	236
chat hot real	61	236
chat granollers	5	236
kiwiirc chat entra y conoce	5	236
tenerife chat gay	3	236
cha hispano	2	236
chatear con lesbiana	1	236
chat gay torremolinos	0	236
gaysm	24	235
chat hacer amigos	10	235
chatea gay	3	235
chat cadi	1	235
chat gratis más de 50	1	235
chat chicas trans	19	234
chatsonline	13	234
contactos gay navarra	10	234
contactos gay huelva	9	234
dal3 chat	2	234
chat zon	103	233
chat lesbianas mexico	19	233
chat infieles	14	233
chat sexo colombia	7	233
chat movil terra	2	233
sado gratis	26	232
chathotonline	13	232
chat gay segovia	10	232
chat españ	4	232
chat lesbianas terra	3	232
chatear org	0	232
dale.chat	0	232
chat de chihuahua gratis	13	231
chat +40	7	231
chueca canarias terra	2	231
chat chaco corrientes redhispana	0	231
chat terra ceuta	0	231
chatear con mujeres de 40	0	231
chato gratis	0	231
chatear con mujeres solteras whatsapp	67	230
chats lesbicos	41	230
chat castellon de la plana	27	230
travesti gratis	27	230
contactos gays	26	230
chat de irc hispano	3	230
chat cornudo linea erotica	1	230
chat misio	1	230
chat online queretaro	0	230
daechat	0	230
el chat caliente	0	230
spainchat chueca barcelona	0	230
chatzona murcia	143	229
mujeres maduras chat	64	229
chat gay de madrid	31	229
chatmorbo	17	229
chat online venezuela	11	229
chatbilbao	8	229
chat arequipa gratis	7	229
chats zaragoza	7	229
chats bogota	5	229
sala quiero chat kiwi	3	229
chatgeatis	1	229
chat hispano islas baleares	0	229
chat lgbt	0	229
hispano chat malaga	0	229
mujeres calientes chat	34	228
chat aleatorio	21	228
grupos de chat hot	21	228
chat cuernavaca morelos	11	228
sexo gay chat	8	228
parejaslibres	6	228
el chat friends	4	228
chatear gratis argentina	3	228
chat mas de 60 por edades	2	228
chateagratus	2	228
terra chat lesbiana	2	228
chat bogita	1	228
lima chat gratis	1	228
salas de chat argentino	1	228
chatzoma	199	227
chat cam gratis	44	227
chat xxx maduras	16	227
chueca castilla y leon	10	227
chatadulto	6	227
shat hot	4	227
chat hispano kiwi irc sexo	2	227
dale chatt	2	227
chat gay grati	1	227
chat tarragona hispano	1	227
chst argentina	0	227
paramachat	0	227
chat de ambiente venezuela	4	226
chat colmenar viejo	3	226
chat hir	3	226
el chat gratis ecuador	3	226
avenue chat	2	226
mirc online	1	226
hablar con mujeres calientes	45	225
morbo chat	34	225
omegle español xxx	8	225
chat gratis cornudos	6	225
chat de panama	1	225
chat gay castilla	1	225
chat gratis almería	1	225
chat kiwi baleares	1	225
dale har	0	225
gsy cruising	0	225
chat en vivo gratis mujeres	39	224
web para hablar con gente	25	224
chat lorca	16	224
chat palermo	8	224
chat bahienses gratis	7	224
chat terra jaén gratis	6	224
chat argentina lesbianas	4	224
chat michoacan	2	224
canal chat gay peru	0	224
chat chueca granada	0	224
chat erorico	0	224
chat españa sin registro	29	223
páginas para chatear	12	223
mirc chat tucumanos	3	223
chat 40 argentina	2	223
chat arbolada	2	223
chat en cordoba	2	223
canal chat cadiz	0	223
dwle chat	0	223
contactos gay pontevedra	22	222
contactos gay lleida	19	222
chat para conocer personas de todo el mundo	13	222
chat online zaragoza	9	222
contactos gay burgos	8	222
latin chat bogota	6	222
chat barcelona gente	0	222
chatea lima	0	222
terrachat madrid	0	222
chat de 50 a 60	1	221
chat.hispano	0	221
chatear peru	0	221
chats eroticos parejas	0	221
zonechat	112	220
latin chat colombia	81	220
chat adolescentes españa	55	220
chat sumiso	15	220
chat divertido	7	220
chat gay chaco	7	220
chat lesbianas sin registro	7	220
chat en linea argentina	4	220
chat terra chueca madrid	4	220
chat bisexual madrid	2	220
chat en	2	220
dale chat barranquilla	2	220
chat sin registro republica dominicana	0	220
terra jaen	0	220
chat en vivo en español	8	219
chats para conocer personas	7	219
chat de terra sin registro	6	219
albacete chat	3	219
chat granada gratis	1	219
chat argentin	0	219
chat movil medellin	0	219
chatea gratis euskadi	0	219
misio chat gay rosario	0	219
terrachat latina	0	219
www.paranachat.com	0	219
ydalechat	0	219
chatzona 50	204	218
chat gay castellón	39	218
contactos gays murcia	10	218
chatea online	7	218
chatgay sin registro	6	218
chat california	4	218
chst sex	3	218
chatear cornudos	1	218
chat colombia cali	0	218
chat el español	0	218
chat sonora hermosillo	0	218
chateagratia	0	218
chatveracruz	0	218
chat camara gratis	39	217
chatzone gratis	36	217
chat gratis tucuman sin registro	9	217
cibersexo	7	217
contactos gay soria	7	217
canarias chat	2	217
chat de chiapas	2	217
viarosario org rosario	2	217
chat gay chilenos	0	217
chatares	0	217
gay cruising contacto	0	217
chat gratis sumisas	105	216
omegle español chat	76	216
chatear con gays	15	216
chat gay guadalajara españa	14	216
chat anonimo argentina	8	216
sexo gay cordoba	8	216
chat gratis en argentina	6	216
chstgay	6	216
paginas chat gratis	5	216
videochat con maduras gratis	5	216
chat tucu	0	216
chat universo gay baleares	0	216
chat universo gay euskadi	0	216
chat gay en murcia	14	215
chat gay gijón	2	215
chat gratis de merida yucatan	1	215
mi punto com chat mas de 40	0	215
chat comunidades	187	214
chatzona mas de 60	174	214
bazomcam	12	214
chat lesbianas sevilla	11	214
páginas para hablar con personas	9	214
chatear sexo gratis	6	214
char hor	4	214
chat rosario gratis	2	214
chat amigo usa	1	214
chat net mexico	0	214
chatear uruguay	0	214
chats con chicas	36	213
citas sin registro	36	213
chat en vivo online gratis sin registro	25	213
webchat hot	18	213
chats amigos	17	213
elchat com gratis	13	213
kiwi chat irc	12	213
bazoocm	8	213
chats valencia	8	213
chat para chicas	5	213
chat sexo gay valencia	5	213
chat gays cádiz	4	213
chat en el salvador	3	213
latin chat hot	3	213
chat argentina mas de 60	0	213
chat chueca cibersexo	0	213
chateagratis yucatan	0	213
chatchicas	23	212
gente para hablar	16	212
chat con desconocidos sin registro	15	212
chat hispano madrid	9	212
chats gratis españa	7	212
chats online gratis sin registro	3	212
dalechathit	2	212
www.chat gratis	2	212
chat gratis con chicos	0	212
chat para sites	0	212
chat yuctan	0	212
chatiapies	0	212
el chat sin java	0	212
el chat peru gratis	117	211
chat transgeneros	33	211
tapatio chat	29	211
contactos gay ourense	20	211
el chat online	7	211
latin chat usa gratis	5	211
chat gtatis	4	211
chat venezuela net	2	211
chat argentina terra	1	211
chat gispano	0	211
chat terra andalucia gratis	0	211
chat valencia carabobo	0	211
latin chat panamá	0	211
peru gay chat	0	211
saladechat	0	211
chats hots gratis	52	210
vhat sexo	3	210
chat china español	1	210
chat mas de 40 terra	0	210
chatzo a	171	209
chatomegle	34	209
chat sexo gratis madrid	20	209
chat castilla la mancha	5	209
chat tarragona gratis	5	209
chatear galicia	5	209
chatbrasil	4	209
chat cristiano sin registro	3	209
chat gay leon gto	1	209
sala de chat tucumán	1	209
chat canal les	0	209
chatear red	0	209
portal chat asturias	0	209
sala chat madrid	0	209
chat cataluña gratis	32	208
habla con personas	24	208
chat para casados	7	208
gay gratis	4	208
sitios para chatear	3	208
chat friends amistad	2	208
chat gay madrid chueca	2	208
chat terra mas de 50 gratis	2	208
chat online dale	0	208
les_maduras	0	208
chat radio patio de marujas	163	207
chat caliente barcelona	99	207
contactos zaragoza	24	207
chat gratis en españa	6	207
hat hispano	6	207
chat cali es cali gratis	4	207
mipunto.com mas de 40	4	207
chatsdesexo	3	207
sala chat online	2	207
chat en zamora	1	207
chat venezuela de ambiente	0	207
daldchat	0	207
dale cha t	0	207
paranachay	0	207
contactos gay castellon	51	206
cibersexo gay chat	13	206
latinchat españa mas de 40	7	206
chat caluente	3	206
chats chueca	3	206
ptnet chat	2	206
terrachat movil	2	206
chat 50 y 60	1	206
chstgratis	1	206
chathispamo	0	206
quierochat españa	0	206
contactos chat	12	205
chat de adultos mayores	6	205
chat valiente	3	205
chat chile hot	2	205
chat en ny	1	205
chat habibati	0	205
contactos gay cruissing	0	205
dale chat bogota	0	205
irc hispano mazmorra	0	205
chatear chatzona	202	204
chatxona	168	204
chathispan	5	204
chat gratis kiwi	4	204
chat social gratis	2	204
chat gay gratis granada	1	204
chat tenerife chueca	1	204
chatamigos	1	204
chatear gratis malaga	1	204
chay sexo	1	204
chat gratis zafra	0	204
wlchat	0	204
gays chat	12	203
chat gay en alicante	9	203
chat merida badajoz	8	203
chat sudamerica	6	203
chat valencia terra	1	203
chatiapue	0	203
dale chat córdoba gratis	0	203
chatzona barcelona	149	202
paginas de contactos sin registro	87	202
chat gay en córdoba	77	202
chat hot libre	27	202
colombia chat gratis	8	202
chat gaynavarra	7	202
chat más de 60 andalucia	6	202
chat de gay latino	4	202
chat segovia gratis	4	202
citas gay sin registro	3	202
chat de petén	2	202
chat gay gratis malaga	2	202
chatgratos	2	202
chat argentina 40	1	202
char argentino	0	202
chat gay españa gratis	0	202
chatfruends	0	202
chats erotico	0	202
el chat de mendoza	0	202
morbo gratis	35	201
chats sexo gratis	26	201
chat hot en línea	21	201
chat random gratis	19	201
chat mendoza argentina	3	201
chat kiwi chueca madrid	2	201
chat terra bdsm	1	201
www.dalechatea	1	201
chat gay gr	0	201
chueca irc	0	201
dalecat	0	201
free hot chat	0	201
chat con transexual	75	200
maduras online	62	200
contactos adultos	28	200
chat sagunto	17	200
bazooxam	6	200
chats gratis en linea	6	200
chat musulman	5	200
latinchat gratis sin registro	5	200
chat cali gay	4	200
chat en jaen	3	200
sala de chat uruguay	3	200
chat encuentros madrid	1	200
chatmadeid	0	200
chat con señoras	58	199
sitios web para hablar con personas	15	199
paginas web para hablar con personas	12	199
gay_cibersexo	9	199
chat latinas	6	199
usa chat	2	199
chat hispano malaga	1	199
latinchat quiero	1	199
chat de santiago	0	199
chats tarragona	0	199
chat xxx lesbianas	12	198
chat sin registro venezuela	6	198
chat ligar coruña	4	198
chatbandoleros	1	198
el chat españa	1	198
canal chat cali	0	198
chat barco	0	198
chat de mty	0	198
chateagratis nuevo leon	0	198
el mejor chat en español	0	198
contactos gratis por whatsapp	49	197
chat lesbianas barcelona	37	197
contactos gay malaga	25	197
chats latinos	23	197
chat gratis cristiano	7	197
les chat	7	197
chueca_valencia	5	197
chat oaxaca gratis	2	197
chat hispano nudista	1	197
chats gratis usa	1	197
chat murcia quiero	0	197
dañexhat	0	197
sexo gay chat.com.py	0	197
chat de amos y sumisas	23	196
chatear con chicas calientes	19	196
página para hablar con personas	18	196
chat gay free	7	196
chst lesbianas	6	196
zon chat	6	196
chat en linea peru	2	196
chat córdoba argentina	1	196
chat tematicas	1	196
chatear latino	1	196
chatsona	102	195
sexo en canarias	19	195
chat gay en valencia	11	195
latinchatlesbianas	11	195
chat hot.com	7	195
chat calinte	6	195
chat de méxico gratis	3	195
chat friends ecuador	2	195
latin chat lesbiana	1	195
cgat gay	0	195
chatzona bogota	158	194
chat parejas españa	33	194
chat camara gay	9	194
bolivia chat	7	194
chat sin registrarse	7	194
chat hot adultos	4	194
chat en vigo	3	194
chatea venezuela	2	194
chatafriends	1	194
chatear con mexicanos gratis	1	194
dalwxhat	1	194
chat rooms	0	194
chat ticos	0	194
chatea gratis adolecentes	0	194
chatzona cali	145	193
chat con trans gratis	40	193
chatea con amigos	8	193
chat d sexo	5	193
chat gratis en mexico	3	193
chat gratis mas 60	3	193
latinchat usa gratis	3	193
argenchat salta	1	193
chatea gratis chihuahua	1	193
chat gay bi	0	193
chatear en ecuador	0	193
irc-hispano	0	193
terra zaragoza	0	193
bogota chat zona	157	192
latin chat chihuahua	128	192
chatbazoo	7	192
chat amor gratis	5	192
chat de brasil	4	192
chatea	3	192
brasil chat top	2	192
chat las palmas citas	2	192
el mejor sistema de chat en español	2	192
chathratis	1	192
chat pub noches	0	192
el chat com	0	192
chat tijuana zona	187	191
arnet chat	112	191
chat gratis en línea	73	191
lesbianas online	24	191
chat camara	18	191
chat gratis pereira	15	191
chat cerca de mi	12	191
bazoocan	6	191
gay chat español	6	191
chat hispano chueca galicia	5	191
latinchat amigos de 30 a 40	5	191
chat gey rosario	2	191
chat salvadoreño	2	191
canal sonora chat hermosillo	1	191
chat de terra gratis	0	191
chatarggay	0	191
chatiar aqui en california	0	191
dalechahot	0	191
chat zona sin registro	147	190
chats con trans	40	190
hablar con mujeres cachondas	36	190
contactos gay coruña	32	190
chatear con chicas trans	29	190
chat bucaramanga santander	22	190
contactos gay badajoz	13	190
brujos en línea chat gratis	12	190
terra char	4	190
contactos gay zamora	3	190
latino chat	2	190
mazmorras chat	2	190
chat ligar españa	1	190
chat ligue madrid	1	190
chat terra mas 40	1	190
latinchat estados unidos	1	190
chat chachipem	0	190
chat zona org	171	189
chatzona org	108	189
gays girona	103	189
chat gay gran canaria	77	189
chat con webcam	19	189
chat san pedro sula	18	189
chatear con desconocidos gratis	17	189
chat trabesti	8	189
hablar con otras personas	5	189
chat para ligar en murcia	4	189
chat picante	4	189
chat on line argentina	3	189
chat gratis zgz	1	189
contactos gay a coruña	1	189
salas chat org	1	189
chat.con	0	189
chateagratis malaga	0	189
sala de chat usa	0	189
chat zona cornudos	177	188
hablar con mujeres maduras	53	188
chat mujeres solteras	16	188
chat gay en tenerife	12	188
chat salas gratis	6	188
chat los cabos	5	188
chat de la tv	3	188
chatea gratis paraguay	3	188
contacto gay sevilla	3	188
chat gay cámara	2	188
chateagratis murcia	0	188
chatsudcalifornianos	0	188
dslechay	0	188
omegle chat de texto en español	64	187
chat trans españa	24	187
chat calien	7	187
caht gratis	5	187
chat gey sin registro	5	187
chueca murcia chat	3	187
paranachat gratis	3	187
chatcordobagay	1	187
chatfirends	1	187
chat argebtino	0	187
chatea grat	0	187
chatea gratis zaragoza	0	187
dalw xhat	0	187
chat santa fe capital	13	186
chat lesbianas bogotá	7	186
videocam gay	7	186
chat sexo cali	4	186
chat hot gratis en linea	3	186
chat hot que significa	3	186
chatgay cordoba	3	186
chatear irc	2	186
chatgraris	2	186
salas de chat en mexico	2	186
chat friends colombia	1	186
chat online zacatecas	1	186
chat puno	1	186
chat gay chueca tenerife	0	186
todo chat argentina	0	186
chat de sexo madrid	46	185
chat linares	13	185
chat gratis santiago	5	185
chat gallego	3	185
chat sin registro usa	1	185
chatfeiends	1	185
chat boli	0	185
terra mas de 50	23	184
chat chicas hot	19	184
chat alternativo gratis	18	184
camsurf	14	184
chat asiatico	14	184
contactos madrid gratis	14	184
página para chatear gratis	7	184
terra chat kiwi irc	6	184
chat iquitos	3	184
chat sudcalifornianos baja california sur	1	184
dalecjay	1	184
crousing contactos gay	0	184
mirc merida	0	184
peru chat lima	0	184
chat xxx gay	10	183
chat online para adolescentes	8	183
uol chat por edades	7	183
chats amistad	5	183
chat en canarias	3	183
chat terra cadiz	3	183
chat gay plasencia	0	183
chat hispano gay madrid	0	183
chatear euskadi	0	183
quiero chat terra huelva	0	183
salas de chat en cali	0	183
chat de sumision	77	182
chat barranquilla zona gratis	60	182
transexuales chat	24	182
videochat gay sin registro	13	182
chatear gratis lesb	12	182
chat de paraguay	9	182
chat gay en puebla	4	182
latinchat les	4	182
chat chueca cataluña	2	182
chatsfriends españa	2	182
chat kiwi tarragona	1	182
contactos gay ceuta	1	182
euskadi chat bilbao	1	182
paranachst	1	182
web chat peru	1	182
chat bisexual valencia	0	182
chat de más de 60	0	182
chat vitoria gratis	0	182
chatea euskadi	0	182
chst madrid	0	182
dale chát	0	182
chat con travesti	21	181
gay chats	13	181
parejas chat	13	181
chateamos kiwi	5	181
chatear gratis en ecuador	3	181
paginas de chat ecuador	2	181
chat gratis en vigo	0	181
freski chat mas de 40	0	181
gente chat murcia	0	181
les maduras	0	181
salas d chat	0	181
salas de chat puerto rico	0	181
chat sem registo portugal	18	180
chat para follar gratis	17	180
chats gratis online	13	180
canal chat sonora	3	180
chat ligar bilbao	3	180
bazon chat	2	180
chargratis	1	180
chat oax	1	180
parejas com	1	180
argentina chat libre	0	180
chat via rosario gay	0	180
chatvizcaya	0	180
contacto gay zaragoza chat	0	180
dale chate	0	180
chat flash	83	179
putas gratis barcelona	24	179
chat para amigos	13	179
chat con chicas lesbianas	7	179
chat.caliente	6	179
chat la linea	4	179
chatbhot	4	179
chat exuador	3	179
chat gratis pais vasco	3	179
chat hot friends	3	179
chatdetodos	2	179
chat de yucatán	1	179
barinas chat	0	179
irc gay granada	0	179
vhat hispano	0	179
sala de chat gratis sin registro	12	178
free chat online	11	178
chat en coruña	8	178
chat gay gandia	7	178
chat se sexo	6	178
chats de costa rica	5	178
chat fri	4	178
chat gay_cibersexo	4	178
chat gratis de usa	3	178
chat mas de 60 argentina	2	178
chat online medellin	1	178
chatea amistad	1	178
chat hispano usa	0	178
chatear salas de chat	0	178
elchax	0	178
chatzona bogotá	171	177
chat hot en vivo	31	177
omegle chat gratis sin registro	24	177
chat lesbianas colombia	19	177
bazocsm	7	177
bogotá chat gratis	4	177
chat gratis merida yucatan	4	177
torrevieja chat	4	177
chat hisano	3	177
hat sexo	2	177
latinchat.org	2	177
lisbon chat	2	177
chatealo.cl santiago	1	177
chat málaga gay	0	177
dalechat60	0	177
kiwi hispachat	0	177
chat sin registro mexico	71	176
chat con mujeres en linea	40	176
chat xxx tenerife	19	176
chat trasvesti	16	176
chataona chat sobe -ai	9	176
chat privado gratis	8	176
chat sin registro ecuador	2	176
chats chile	1	176
chat adole	0	176
chat blat blat	0	176
elchat queretaro	0	176
chat gay gratis sin registrar	139	175
chachipe	61	175
chat +18	25	175
chat de mar del plata	11	175
chat bolivia la paz	4	175
chat cordobagay	2	175
el mejor chat	1	175
chat guatemala org	0	175
chatar	0	175
chatea cr	0	175
chathisapno	0	175
gay_cruising	0	175
sala chat venezuela	0	175
chat fetiches	35	174
videochat maduras	31	174
chat trans argentina	9	174
chueca.com chat	6	174
chat gratis para sexo	3	174
chatoneo	3	174
chat lesbianas dale	2	174
parejas. com	2	174
chat grais	1	174
chat online nudismo	1	174
elcht	1	174
chat gallego sin registro	0	174
chat gratis sala	0	174
chat piura gratis	0	174
chat tarija	0	174
chatenmty	0	174
chta hispano	0	174
gentechat bogota	0	174
salas de chat uruguay	0	174
chat gratis gays	20	173
chat hot les	14	173
chat tortosa	11	173
chat argentino libre	6	173
gay en toledo	5	173
chat nudismo hispano	2	173
canalchat españa	1	173
chat gratis en puebla	1	173
todo chat	1	173
web chat hispano	1	173
chat arg lesbiana	0	173
chat gay de ros	0	173
chateagratis medellin	0	173
daoe chat	0	173
gaycruising.	0	173
charzona	123	172
omegle chat text español	64	172
chats gratis con mujeres	17	172
chat de chueca asturias	8	172
chat sexo hispano	7	172
chat gays rosario	5	172
chat latino costa rica	5	172
vhat caliente	3	172
chst bucaramanga	2	172
chueca barcelona trevia	2	172
chat bazoca	1	172
chat de concepcion	1	172
chat gay tenerife chueca	1	172
chat chueca barc	0	172
chat latino miami	0	172
xats gai gratis catalans	0	172
chat latinos gratis	11	171
salas de chat lesbianas	5	171
chat alcala	4	171
chat caliente bogota	3	171
chatchuecaextremadura	2	171
chatgay malaga	2	171
kiwi chat madrid	2	171
chat per	1	171
xat gratis	1	171
chat mujer zaragoza	0	171
chatzona medellin	159	170
chatzona valencia	153	170
chattijuana	75	170
chat cachondos	33	170
amigos en línea gratis	18	170
bazooc	14	170
chat les colombia	13	170
chat gays españa	6	170
chatgayvalencia	5	170
chat gay en cali	3	170
salas de chat guatemala	3	170
quiero chat barcelona	2	170
chat cadiz adulto	1	170
chat oruro	1	170
chateagratid	1	170
dale chato	1	170
cantabria chat	0	170
chat mas 65	0	170
chat online corrientes	0	170
quierochat madrid	0	170
culiar gratis	22	169
chat fuengirola	20	169
chat de murcia whatsapp	14	169
chat habana	14	169
chat mujeres madrid	7	169
llamadas calientes	6	169
chats gratis gays	4	169
chat irc chueca	3	169
chat gay malaga hispano	1	169
viarosario chat red hispana	1	169
chatalbacete	0	169
el chat gay puebla	0	169
via rosario.org	0	169
chat zona les	162	168
chat con cornudos	31	168
chat gratis espanol	6	168
canales de chat	4	168
chattucuman	3	168
chat camara web la paz	2	168
chat gay igualada	2	168
chat gratis en nuevo leon	1	168
sadocontactos	1	168
chat hot salamanca	0	168
chat venezuela lesb	0	168
terra barcelona chat	0	168
chat zona uruguay	124	167
gay huelva	38	167
chat para hablar con desconocidos	12	167
para chatear gratis	12	167
chat cuernos	11	167
otros chats gratis	4	167
chat cornudo free	0	167
chat dale guatemala	0	167
chat del barco	0	167
chat gratis rd	0	167
dale chat las palmas	0	167
hombres para platicar caliente	0	167
kiwi chat chueca madrid	0	167
chat zona alicante	153	166
omegle chat gratis en español	103	166
chat gratis con travestis	54	166
contactos gay albacete	20	166
videollamadas online gratis sin registro españa	12	166
chat cuck	7	166
chat avila	5	166
chat friends españa	5	166
chat argentino online	4	166
chatchuecabaleares	3	166
chats galicia	3	166
elchatgay	3	166
latinchat tijuana	3	166
chat mazmo	2	166
chats perú	2	166
chat gey puebla	1	166
chat sexo grstis	1	166
chatchaco	1	166
chatea madrid	1	166
chatear con gitanas	1	166
chat hidalgo	0	166
chatiapuesmessenger	0	166
chuecamurcia	0	166
elchat.	0	166
latino chat usa	0	166
video chat cristiano	0	166
chat con mujeres mayores	68	165
chat mujeres hot	34	165
chat gay cubano	13	165
chat para conocer amigos	12	165
chat de intercambio de parejas	11	165
chat limon	8	165
kiwi chat gratis	5	165
hablar con gay	4	165
chat linares jaen	2	165
chat sex org	2	165
dalecgatea	2	165
chat gay pais vasco	1	165
quiero chat córdoba	1	165
chat chuec	0	165
chatnuevoleon	0	165
gente chat miami	0	165
chat gratis maduras	43	164
chat de chicas gratis	18	164
chat global online	16	164
chat cornudos xxx	13	164
terra kiwi	13	164
chat latino en vivo	11	164
chat ciber sexo	7	164
chat orange gratis	5	164
buscar amigos para chatear	4	164
chat gay zona norte	3	164
chatear gratis adolescentes	2	164
chat toing	1	164
chatmallorcagratis	1	164
gente chat colombia	1	164
chat de gratis	0	164
chateamos cornudo	0	164
chatear sevilla	0	164
dalehcat	0	164
arnetchat	154	163
chat gay bizkaia	37	163
omegle chat sin video	36	163
chat para charlar	19	163
paginas para hablar	17	163
chat travestis barcelona	12	163
chat de tenerife gratis	10	163
chats gratuitos	7	163
chat terra kiwi irc	6	163
chat adeje	4	163
chatzaragoza	4	163
char argentina	2	163
chat en medellin	2	163
chat gay rosario argentina	2	163
chatgratid	1	163
chat coruna	0	163
chat en tucuman	0	163
chat.friends	0	163
chst uruguay	0	163
dale chat arequipa	0	163
méxico chat	0	163
www.viarosario	0	163
chatzonacadiz	159	162
chatzona las palmas	148	162
flash chat	40	162
chat horny	17	162
chat gay videollamada	12	162
chat hot 18	9	162
gdl chat	6	162
latinchat chihuahua	5	162
charlar con amigos	3	162
canal chat barranquilla	1	162
chat gratis guadalajara jalisco	1	162
chatear en asturias	1	162
latin chat panama	1	162
sala terra chat mas de 40	1	162
chat cruisng	0	162
chat mas de 40 argentina	0	162
dale chat gay en rosario	0	162
terrachat huelva	0	162
chat chiclana	25	161
chat estados unidos gratis	23	161
contactos gay leon	21	161
pagina hot	21	161
chag hot	8	161
chat venezuela mujeres	7	161
chat de salamanca	6	161
chat online panama	4	161
chat para personas mayores de 70 años	4	161
chat frieds	2	161
terra chat sin registro	2	161
chat de juegos	1	161
terra chat madrid gratis	1	161
chat gay hispano asturias chueca	0	161
chatonlinegranada	0	161
mujeres calientes gratis	27	160
contactos gays zaragoza	20	160
webs para hablar con gente	14	160
chat gratis internacional	12	160
chat cusco peru	8	160
chats de trans	5	160
chats gratis barcelona	3	160
salas de chat adolescentes	3	160
char de sexo	2	160
chat gay latino gratis	2	160
chat sexo bogotá	2	160
chatipues	2	160
chat canario	1	160
chat de nl gratis	0	160
dale chat mas60	0	160
salas de chat tematicas	0	160
bazokam	25	159
chats con personas	24	159
chathot gratis	23	159
chatear gratis tenerife	16	159
chat adulto gratis	14	159
omeglachay	8	159
conocer gente online	7	159
terra chat de barcelona	1	159
chatgaychueca	0	159
chatsperu	0	159
chat zona las palmas	134	158
chat gay ourense	109	158
chat hot sin registrarse	46	158
chat salou	26	158
pagina para chatear con personas	16	158
chat gratis online español	9	158
contactos gay huesca	5	158
chat room	4	158
cybersex chat	2	158
chat gaysevilla	1	158
chatear coruña	1	158
gaychat madrid	1	158
chat en cantabria	0	158
el chat de sexo	0	158
el chat hot	0	158
chats mujeres	23	157
sexo en madrid	9	157
chat castellon gratis	8	157
chat monterrey nuevo leon gratis	7	157
chat uruguayo gratis	5	157
chat xaliente	3	157
chatear adolescentes	3	157
chat gay mad	2	157
chat santa cruz de tenerife	2	157
corito.com chercha dominicana	0	157
chat zona medellin	140	156
omgle chat	31	156
citas zaragoza gratis	18	156
chat puertollano	13	156
chat grupal online	12	156
chat caceres gratis	3	156
chat gay gratis mexico	2	156
video chat gratis en nuevo leon	1	156
chat ibague gratis	0	156
elchatlesbianas	0	156
hablar con mujeres calientes gratis	62	155
maduras en linea	57	155
chat con mujeres calientes gratis	33	155
chat el rincon	26	155
platicas hot en linea	23	155
hot chat gratis	16	155
chat con cámara	15	155
chat de bisexuales	13	155
chat gay gratis españa	8	155
gayscruising	8	155
cruising chat sevilla	3	155
chat gratis de cornudos	2	155
chatbgratis	2	155
chat españa mas de 40	1	155
chat ga colombia	1	155
chat gay tnf	1	155
chat pue	1	155
bdsm terra chat	0	155
chat 78	0	155
chat gratis sin registro mas de 50	0	155
chat mexico dale	0	155
elchat.con	0	155
quiero chat chueca bcn	0	155
salas de chat pr	0	155
chat hot privado	42	154
chat por whatsapp gratis	22	154
chat gay castilla y león	21	154
chatea con personas	21	154
videollamada con mujeres de otros países gratis	20	154
chats para adolescentes	16	154
chat follar madrid	15	154
chat de mujeres solteras	12	154
chat extremadura badajoz	11	154
chat cuba gratis	7	154
chat sin registro gratis en español	6	154
chathispsno	5	154
irc kiwi chat	4	154
chat room gratis	3	154
chuecabarcelona	3	154
chat les buenos aires	2	154
chat hispano sexo	1	154
chatcuba	1	154
chatlleida	1	154
chat zona galicia	104	153
chat de sexo con mujeres	35	153
chat swinger gratis	12	153
chat lesbianas buenos aires	4	153
latinchat republica dominicana	4	153
chat tera	3	153
dale chat gratis ecuador	3	153
chat brasil.top	1	153
chat gay salou	1	153
chat gratsi	1	153
chat cali org	0	153
chat chile org	0	153
chat mas de 50 y 60	0	153
chat trabestys	0	153
chataexo	0	153
dale chat el salvador	0	153
www.chathispano.com	0	153
latinchat tuxtla gutierrez	12	152
chat en linia	11	152
hablar con personas gratis	11	152
chat de citas venezuela	10	152
chat gay gijon	8	152
chat gatis	6	152
chat huesca gratis	5	152
lescontactos chat	5	152
chat gratis español sin registro	2	152
chat gratis friends	1	152
chat limeño	1	152
chat panama oeste	1	152
chats usa	1	152
gay latinchat	1	152
venezuelachat	1	152
chat arg 60	0	152
dalechatra	0	152
irc gay sevilla	0	152
web chat dale chat	0	152
chat liberal españa	72	151
chat hot con mujeres gratis	40	151
chat amas y sumisos	22	151
chat hospitalet	21	151
chatea con chicas	20	151
chat hot lesbiana	14	151
chat lesbiana chile	13	151
chat más de 50 y 60 gratis	8	151
zona invita com/chat	6	151
chat hispanos	5	151
chatfrienfs	4	151
chat laguna	2	151
chatealo.	1	151
chatsfriends méxico	1	151
cha asturias	0	151
chat castellón kiwi	0	151
chat free pr	0	151
chatargento	0	151
contactos gay cáceres	0	151
terra chat almería	0	151
xhat fot	0	151
chats gratis colombia	35	150
chat trans barcelona	18	150
bazocan	6	150
chat amistoso	4	150
terra chat latino	4	150
chat gay tene	2	150
chatgrtis	2	150
chat herotico	1	150
chatdemty	1	150
elcaht	1	150
chat bcn gay	0	150
chat dale bolivia	0	150
chat gratis sin registro en sonora	0	150
chatzoba	128	149
chat zona.	94	149
chicas para hablar	27	149
chat directo gratis	17	149
horny chat	16	149
chat lesbianas hot	15	149
chat mundial gratis	14	149
sitio web para hablar con personas	10	149
chat gay en madrid	8	149
chatear gratis travestis	4	149
chat pr	3	149
chateali	3	149
chat de aexo	2	149
chat paysandu gratis	2	149
canal chat les	1	149
chat de terra jaen	1	149
chathispano mazmorra	1	149
viarossrio	1	149
canal chat bolivia	0	149
chatear gratis org	0	149
quierochat latinchat	0	149
chat don benito	118	148
gay chat monterrey	7	148
chat carballo	2	148
chat de venezuela gratis	2	148
chat gratis arg	2	148
chat universo gay madrid	2	148
chats puerto rico	2	148
salas de chat gratis argentina	2	148
chat gratis/ vigo	1	148
chat mexico df	1	148
hot chat españa	1	148
kiwi chat chueca valencia	1	148
latinchat bogotá	1	148
web chat de dale chat	1	148
chat sudcalifornianos gay	0	148
chats sin	0	148
cjat argentino	0	148
chats con maduras	51	147
video chat hot	27	147
chat zamora gratis	13	147
chat video gay	10	147
chatecu	8	147
chatsinregistro	7	147
chat gay cubanos	4	147
dale chat online	4	147
el chat paraguay	4	147
chats mexico gratis	3	147
chat gay de mexico	2	147
dale fhat	2	147
sex chat barranquilla	2	147
chat de ares	1	147
chat feiends	1	147
chat ast	0	147
chat gay viarosario	0	147
contacto gay peru	131	146
chat online chicas	22	146
follar gratis bcn	19	146
chat para hablar de sexo	13	146
contacto gay madrid	13	146
chat libre hot	8	146
chat bazoo	5	146
chat de gay mexico	5	146
chat por.o	4	146
chat acobardado	2	146
chat de sexo costa rica	2	146
colchat bogota	1	146
chat gaybarcelona	0	146
irc kiwi sexo	0	146
terrachatmovilkiwi	0	146
hablar con mujeres	28	145
lesbianas en linea	28	145
chat cristiano evangelico gratis ungidos	19	145
video chay gay	11	145
latin chat costa rica	9	145
chap hot	7	145
web chat kiwi	6	145
chat más de 50 gratis	3	145
más de 40	2	145
chat chaco corriente	1	145
chathispano castilla leon	1	145
salas chat gay	1	145
terra chat andalucia	1	145
chat gay_granada	0	145
chat lis	0	145
chat santiago chile	0	145
terrachar	0	145
zona chat barranquilla	68	144
chatfriends peru	56	144
chat gratis con maduras	38	144
chat sexo castellon	20	144
chat caliente lesbianas	15	144
chat sexo mujeres	12	144
chatear con travesti	11	144
chay caliente	6	144
chatswinger	5	144
chat monterrey nuevo leon	3	144
chat 65	2	144
chatmerida	2	144
chat boricua	1	144
chat. org	1	144
chat ar 40	0	144
chat bisexual murcia	0	144
chateagratis orense	0	144
chat castelldefels	49	143
habla con chicas	23	143
conocer gente online gratis	18	143
chat gays tenerife	16	143
chat en linea mexico	4	143
chat gay gratis huelva	2	143
chat gratis sin java	2	143
chatmanresa	1	143
terra chat gratis sin registro	1	143
chat chueca gay murcia	0	143
chat de nudismo gratis	0	143
chat móvil	0	143
chatfriends/sala	0	143
chats hispano	0	143
chschipen	0	143
twrra chat	0	143
chatzona mas de 50	109	142
chat de sumisas gratis	15	142
contactos gays alicante	13	142
contactos gay palencia	12	142
hot chat rooms	11	142
chat de trasvestis	6	142
chat online madrid	6	142
chats español	6	142
chat gay en barcelona	4	142
chat baja california sur	2	142
chat de león	2	142
chueca hispano	2	142
latinchay	2	142
chat venezuela maracaibo	1	142
chatgratiscantabria	0	142
contactos gay cruisimg	0	142
gaycrusining	0	142
terra chat de granada	0	142
chat cali chatzona	84	141
citas gay	23	141
contactos liberales	19	141
chat gratis en monterrey	6	141
chatdominicano	6	141
chatpaysandu	3	141
chat ligar asturias	2	141
chattv	2	141
chat chachioen	1	141
chat hispano valencia chueca	1	141
chat gay t	0	141
chat gratis colombia bogota	0	141
chat terra arg	0	141
dalechat cba	0	141
gays crusing iniciar sección	0	141
gentechar	0	141
paranach	0	141
quierocha	0	141
terra chat barcelona hispano	0	141
chat zona valencia	104	140
chat hoot	15	140
chats de amigos	11	140
cruising contactos	9	140
chatea colombia	8	140
chat chueca castilla y león	7	140
chat de casados	6	140
chat en vivo argentina	4	140
chat gratis bdsm	4	140
chatamistad	3	140
chat amigos org	2	140
chat gratis cartagena murcia	2	140
gay chat rosario	2	140
canal chat hispano	1	140
chat de salta capital	1	140
chat chuecas canarias	0	140
chat quito dale	0	140
llamada hot	35	139
chat gay vizcaya	22	139
lesbianas peru	19	139
chat sexo kiwi	10	139
grupos para hablar	6	139
hablar chat	6	139
chat de coruña	5	139
chat frienda	3	139
chagratis	2	139
canal hispano	0	139
chat castellano	0	139
chat gay peruanos	0	139
webchat murcia	0	139
chat zona coruña	126	138
cachipen calo	101	138
chat de citas gratis	18	138
chat gratis querétaro	15	138
chat en vivo sin registro	9	138
contactos malaga	9	138
chat corodba	3	138
chat latina	3	138
chatfrinds	3	138
chats en espanol	3	138
latinchat miami	3	138
trevia chat	1	138
chat online ar	0	138
chat sv	0	138
chst grstis	0	138
chthispano	0	138
chat sexo canarias	94	137
parejas.com chat	75	137
omegle en español gratis	57	137
sexo en linea	25	137
chat ruso	24	137
chat caliente en línea	21	137
chat lesviana	7	137
chateamos gratis	7	137
salas de chat chile	7	137
chat de lesbianas latinas	6	137
chat gitana	1	137
chteagratis	1	137
chat gqy	0	137
chat org cali	0	137
chat terra chueca aragon	0	137
chateagratis adolescentes	0	137
chateame rosario	0	137
latin chat cornudos	0	137
chat de sexo barcelona	40	136
chat trios	29	136
chueca chat castilla y leon	8	136
chat sexo virtual	7	136
chat de solteros	6	136
chat gay palma de mallorca	6	136
chat radio	6	136
gay busca novio	6	136
cam gay	4	136
chatear gratis terra	3	136
delachatea	2	136
salas de chat gratis en español	2	136
zaragoza chat	2	136
chat gay de argentina	1	136
chat gay rosaeio	1	136
chat gratis latino	1	136
chatea gratis adolescentes	1	136
chat chaco corrientes gratis	0	136
chat hispano huelva	0	136
chatear g	0	136
kiwi chat sexo	0	136
kiwi irc quierochat	0	136
terra ch	0	136
chat zina	116	135
chat punta cana	22	135
chat con camara gratis	14	135
chatparatravestis	12	135
video chat gratis	12	135
hablar en linea	8	135
chat gratis new york	5	135
xxx maduras en vivo	3	135
chat kiwi gratis	2	135
chat chino	1	135
chat espña	1	135
chatchuecaasturias	1	135
chatea gratis medellin	1	135
terrachat cordoba	1	135
dale chat miami	0	135
terra chat mas 40	0	135
paginas de chat hot	42	134
chats hoy	20	134
chat rusia	19	134
web chat online	13	134
chat chueca valencia gay	3	134
chats de madrid	2	134
chat mirc	1	134
chat valencia gratis sin registro	1	134
chueca movil	1	134
quiero chatear gratis	1	134
chat gay sudcalifornianos	0	134
irc hispano gay sevilla	0	134
chat la zona	110	133
chat madrid sexo	42	133
chatear con mujeres mayores	36	133
hacer amigos online	10	133
mujeres chat hot	10	133
chat las palmas de gran canaria	7	133
chat +18 hot	6	133
chat hot con mujeres calientes	6	133
chueca barcelona kiwi	6	133
chatear chicas gratis	5	133
chatnudismo	5	133
latín chat gay	5	133
chat lebianas	4	133
chwt hot	4	133
chat latino sin registro	3	133
chat con argentinos	2	133
chat hispano lleida	1	133
chat de iquique	0	133
chat gay cadiz hispano	0	133
dale xat	0	133
chicas hot chat	24	132
amos y sumisas	16	132
hablar gratis	9	132
chat de madrid gratis	3	132
chat gay sevilla cruising	1	132
chat de lesbianas argentino	0	132
chat terra alternativa	0	132
chat terra mas de 60	0	132
gebtechat	0	132
terra chat zgz	0	132
chat la guaira	85	131
chats jalisco	57	131
chat hot con desconocidos	33	131
chat porno barcelona	22	131
chat sexual sin registro	11	131
chat de hombres mayores	7	131
chat caloente	5	131
chat de gay gratis	5	131
chat irc gratis	4	131
irc hispano chat kiwi	4	131
amistad chat	3	131
chat espala	3	131
chat org gratis	2	131
chatea gratis argentina	2	131
chat de arnet	1	131
chat fruends	1	131
chatzona net	1	131
cruising iniciar sesion	1	131
webchat terrachat	1	131
chat en usa	0	131
chat gay salasdechatgratis	0	131
chat gay videochat	0	131
chat hispano salamanca	0	131
cjat peru	0	131
quiero chat ceuta	0	131
chat gratis xxx	23	130
chats cuckold	8	130
chat santiago centro	7	130
chat chueca valencia altern	3	130
chat de esoterismo gratis	3	130
chat de sevilla gratis	1	130
chat grqtis	0	130
chat mur	0	130
chat zona lesbianas	108	129
chat valdemoro	74	129
tapatíos chat	51	129
latinchat edades	12	129
chat sex gratis	10	129
chat anonimo sin registro	5	129
chathiapano	3	129
chat filosofia	2	129
paginas hot gratis	2	129
chat durango	1	129
chat onli	1	129
gay chat peru	1	129
chat bogotá dale	0	129
chat gay illes balears	0	129
chat sedo	0	129
chats alemria	0	129
el chat.com chat	0	129
chat zona net	53	128
chat lesbianas madrid	36	128
gay huesca	15	128
chat online gratuito	12	128
chat ligar las palmas	11	128
bazocaam	10	128
hablar con desconocidos	8	128
bazooca.	7	128
chta caliente	5	128
gay cuba chat	2	128
chat gay cafiz	1	128
chat uriguay	1	128
el chat puebla gay	1	128
chatpueblagay	0	128
cjat arg	0	128
irc hispano vigo	0	128
quierochat jaen	0	128
chatona	37	127
chat milf	28	127
contactos gays castellón	27	127
chat gay kiwi	4	127
chateo	4	127
chat ligar valencia	2	127
las palmas chat	2	127
chat anonimo adolescente	1	127
chat mexixo	1	127
salas de chat panama	1	127
canal chat tucumanos	0	127
chat mas de 50 años	0	127
chat ven	0	127
chatyucatan	0	127
chat con maduras gratis	38	126
chat gay en cordoba	20	126
chat hot web	20	126
chat jerez de la frontera	17	126
chat hot obline	16	126
chat caliwnte	10	126
chat hombres de mas de 50 años	6	126
chat de sexo.	5	126
salas de chat costa rica	5	126
chat chueca vlc	3	126
chat peru.	3	126
chats onli	3	126
contactos gay terrassa	2	126
salas de chat cordoba	2	126
chat colombia medellin	1	126
chat del sur	1	126
chat gay cybersexo	1	126
chat gratis nuevo león	1	126
canal chat gay	0	126
canalchat mas de60	0	126
chat hispano soria	0	126
chat las palmas tv	0	126
chat madeid	0	126
chat tabasco	0	126
chatear gratis en coruña	0	126
chatgratus	0	126
chatmardel	0	126
chats terra gratis	0	126
chueca gay aragon	0	126
contacto cruising huelva	0	126
geomundo chat	0	126
kiwiirc antiguo	0	126
quiero chat jaen	0	126
terra chat alternativa	0	126
chatzonq	102	125
chat lesbianas peru	57	125
chat zone gratis	40	125
chat mujeres mayores	29	125
chat colombia sin registro	27	125
chicas para chatear gratis	9	125
chat con hombres en línea	8	125
chat gay camaras	8	125
contacto gay asturias	6	125
caht caliente	5	125
chat en vivo venezuela	5	125
chat gratis ibiza	5	125
chat cam gratis cali	4	125
trevia chueca valencia	4	125
chat de barinas	3	125
merida chat	3	125
شات زنا	3	125
chat nueva york	2	125
chatdecornudos	1	125
gente chat mas de 40	1	125
chat gays mdeo	0	125
chat.or	0	125
chatea gratis cali	0	125
dalechata	0	125
salas de chat.org	0	125
terra chat bcn	0	125
chatzona bdsm	105	124
video llamada online con gente desconocida	29	124
chats hota	28	124
chats hor	27	124
contactos castellon	22	124
chat en línea mujeres	18	124
chat amigos online	17	124
chat para tener sexo	16	124
chat alemania	14	124
chat gratis sem registro	7	124
chueca gay chat	3	124
granada chat	2	124
chat en español gratis usa	1	124
chat irc madrid	1	124
chats gay sevilla	1	124
dale chat les	1	124
trujillo gay chat	1	124
canal chat madrid	0	124
chat gay tenerife hispano	0	124
chat merida yucatán	0	124
chat paraguayo	0	124
chat terra alterna	0	124
cordoba chat g	0	124
uolchat por edades	0	124
chuecaextremadura	28	123
sitios para hablar con gente online	15	123
chat en mallorca	9	123
sexo chat online	9	123
chat web hot	8	123
chat gays madrid	7	123
gay chat latin	7	123
chat de amas y sumisos	3	123
chat bogotq	1	123
chat en español gratis sin registro	1	123
el chat versión 2 html5	1	123
gay chat arg	1	123
chat hispnao	0	123
elchat.net html5	0	123
chat casados españa	26	122
xxx chat lesbianas	8	122
chat de amor gratis	6	122
chats ecuador	6	122
citas las palmas gratis	6	122
sevilla chat gay	6	122
caliente chat	5	122
chat con jovenes	5	122
chat para solteros	5	122
chat en caracas	3	122
chat gay en malaga	3	122
chat terra cordoba españa	3	122
chat de nicaragua	2	122
chat hispano mallorca	1	122
chat irc cornudos	1	122
chat spain	1	122
el chat de cordoba	1	122
quiero cha	1	122
chat gratis palencia	0	122
chat hisno	0	122
chat zona córdoba	119	121
chatzona nuevo leon	119	121
chat xona	97	121
zona chat gay	80	121
encuentros gay	22	121
hablar con gente gratis	19	121
contactos gay gratis	15	121
chat lesbianas calientes	8	121
chat hispano gay	6	121
chat torrelavega	6	121
chat trabs	6	121
cha caliente	5	121
chat gratuit	5	121
chatear con parejas	5	121
chat hot mendoza	4	121
chat para les	4	121
chat ecaudor	3	121
chat guey	3	121
contactos calientes	3	121
omegle text	3	121
chat de gay sevilla	1	121
chat de lesb	1	121
chat hot canal	1	121
chat mircia	1	121
chat srgentino	1	121
kiwi chathispano	1	121
kiwi paraná chat	1	121
chat online panamá	0	121
chatea uruguay	0	121
dale chata	0	121
dalefhat	0	121
mirc chat	0	121
maduras live	36	120
omegle normal español	15	120
chat de personas	12	120
sex chat gratis	8	120
canal travestis	2	120
chat chaco corrientes red hispana	2	120
chat gsy sevilla	1	120
quierocht	1	120
amigos para chatear gratis en español	0	120
chat coahuila gratis	0	120
chat de cordo	0	120
chat gratis en merida yucatan mexico	0	120
chat hispano gay coruña	0	120
chat madris	0	120
el chat gay de argentina	0	120
chat zona navarra	102	119
chat chueca euskadi hispano	19	119
chat monterrey gay	11	119
contactos gays en granada	7	119
chat en mendoza	5	119
chat amistades	3	119
chat en espanol gratis usa	3	119
elchaxm	3	119
lugo chat	3	119
chat canarias gay	2	119
canal chat bogotá	1	119
cha cali	1	119
chat sexo cornudo	1	119
chatgratia	1	119
chathispanogay	1	119
dale chat rosario	1	119
sala chat hot	1	119
chat de sexo kiwi irc	0	119
chat hot trujillo	0	119
chatgaykiwichueca	0	119
chatlima gratis	0	119
universo gay maduros	0	119
chat hot con maduras	34	118
chat pamplona gratis	19	118
chat con lesbiana	18	118
chats con lesbianas	16	118
transexual chat	14	118
chat gay corrientes	13	118
chat nicaragua gratis	13	118
contacto gay tenerife	12	118
chat con japonesas	11	118
contactos gay segovia	10	118
chat con hombres gratis	9	118
adoptauntio	3	118
chat hot x	3	118
chat sin registros	3	118
chat valladolod	3	118
chat nuevo leon apodaca	2	118
chat coñombia	1	118
chat gratis de españa	1	118
chat mas de cuarenta	1	118
chat terra murcia	1	118
el.chat de salta	1	118
chat esoterico videntes gratis	0	118
chat perú lima	0	118
chat terra córdoba región	0	118
gays cruising web	0	118
chatzpna	103	117
chat de fetiches	18	117
chatear con gente online	9	117
chats parejas	7	117
chat de adolecentes	6	117
chat gratis lesbiana	5	117
latinchat gay peru	5	117
salas chat argentina	4	117
chat erotixo	3	117
chat inline	3	117
chat.españa	3	117
chat de pr	2	117
chat argebtina	1	117
chat heavy	1	117
chatear con dominicanas	1	117
terra kiwi irc	1	117
chat dale cr	0	117
chatgaymontevideo	0	117
chueca-euskadi	0	117
omegle naranja	40	116
chat con mujeres sin registro	22	116
lineas calientes gratis	14	116
chat dominicano latinchat	9	116
chat buenos aires gratis	7	116
entra y conoce gente	5	116
chatear cibersexo	4	116
chatear gratis sin registro libre	3	116
chat ecuadoe	2	116
chat gay madrid sexo	2	116
chats barranquilla	2	116
gay puebla chat	2	116
chat amistad mas de 50	1	116
chat gay en lima	1	116
chueca_murcia	1	116
chat de amos y sumisos	0	116
chat gay chueca bcn	0	116
chateagratis mas de 40	0	116
www.elchat.com argentina	0	116
buscar sumisa	87	115
videollamada gay	11	115
chat sexo bilbao	8	115
chat onlime	7	115
hacer amigos online gratis	7	115
chat chueca com valenciana	5	115
chat en quito	4	115
contacto gay puebla	4	115
chat hueca	2	115
chat de swxo	1	115
chatsexo kiwi	1	115
gay chat lima	1	115
chat bcn gratis	0	115
chat cba gay	0	115
chat org medellín	0	115
chat sevilla_gay	0	115
chateagratis usa	0	115
pagina para platicar con personas	0	115
chat intercambio parejas	22	114
chat pinto	22	114
camsurf españa	15	114
chats internacionales	10	114
chat solteras	8	114
chats cornudo	8	114
maduritas	3	114
pagina para hablar con personas chat	3	114
contactos gay jaén	2	114
chat gay c	1	114
chat gay zapopan	1	114
cht bdsm	1	114
sala de lesbianas	1	114
chat chueca madrid gay	0	114
chat cordoba arg	0	114
chat cuzco	0	114
chat la palma	0	114
chat tucumanos gratis	0	114
chats de sexo bizkaia parejas	0	114
chueca chat gay barcelona	0	114
terrachat kiwiirc	0	114
chat zons	103	113
mujeres chat	13	113
chat con otras personas	12	113
hablar chats	11	113
chatear caliente	10	113
omegle online	10	113
chat cakiente	6	113
chat online.	6	113
chat sexo cornudos	6	113
chat kiei	5	113
chat tucumanos mirc	5	113
videochat gay gratis	5	113
chat para gitanos	3	113
chat sexo monterrey	3	113
chat gay gratis puebla	2	113
chat sin cuenta	2	113
chatbaires	2	113
canarias chueca chat	1	113
chat en murcia	1	113
chat las palmas sin registro	1	113
chat sonira	1	113
caliescalichat	0	113
chat acapulco	0	113
chat ave	0	113
chat de cba	0	113
chat por o gratis	0	113
dale hst	0	113
xatea sexo	0	113
chat lesbico online	22	112
chat con webcam gratis	21	112
videollamada lesbianas	20	112
chat caliente medellín	18	112
chat gratis les	12	112
chat santiago del estero	11	112
chat gratis con chicas	7	112
lesbian webcam	5	112
chat de los adolescentes	4	112
chat internacionales	4	112
chat latino panama	4	112
chat de santiago de compostela	3	112
chat san fernando cadiz	2	112
chat gratistis	1	112
cht sxo	1	112
dale chatea.me	1	112
irc murcia	1	112
chat gratis de argentina	0	112
chat tgn	0	112
chat urugauy	0	112
chat.mexico	0	112
chateagratis bogotá	0	112
chats en murcia	0	112
irc his	0	112
qierochat	0	112
sexo virtual gratis sin registrarte	0	112
chat zona andalucía	107	111
chat zoma	97	111
chats online hot	45	111
chats guarros	38	111
chats con mujeres gratis	35	111
universo gay	26	111
chat con viejos	13	111
chats sin registro gratis	12	111
bazoom chat	7	111
chat jovencitas	6	111
página para chatear	6	111
chat terra cornudos	4	111
mujeres lesbianas gratis	4	111
sala chat portugal	4	111
chat arganda del rey	3	111
chaygay	2	111
chat lesbiaans	1	111
via rosario gay	1	111
chat gay zgza	0	111
chat pub liberal	0	111
chat tierra	0	111
chateagratis argentina	0	111
chatlopaisa	0	111
contacto gay cruisin	0	111
luzdeluna radio	0	111
paranacha	0	111
que significa chat hot	0	111
chat fetichismo	59	110
chat con colombianas	25	110
i3wjfcn8iw==	9	110
chat con amigos online	8	110
paginas para chatear gratis sin registro	8	110
chat enlinea	7	110
chat mazmorra irc	6	110
chatburgos	6	110
chat mujer	4	110
latinchat aguascalientes	4	110
chats gratis murcia	3	110
larinchat	3	110
chtahot	2	110
contactos gay tudela	2	110
chat del pais vasco	1	110
chat gratis tucuman	1	110
chat terra quiero	1	110
el chat lesbianas	1	110
canal chat galicia	0	110
canal chat nuevo leon	0	110
chat nuevoleon	0	110
chat snata fe	0	110
chatdenuevoleon	0	110
chueca chat madrid kiwi	0	110
el chat cba	0	110
irc chat valencia	0	110
omegle text chat español	56	109
maduras calientes chat	37	109
sexo en barcelona	24	109
chat terra córdoba móvil	20	109
chat gay de murcia	18	109
chats calientes en linea	18	109
conocer gente gratis	18	109
chat canada	17	109
chat cadiz mujeres	12	109
zona chat cadiz	12	109
chats colombia	11	109
mujeres mayores gratis	10	109
chat sexo ourense	9	109
chats virtuales	9	109
hat caliente	5	109
sala chat argentina	5	109
chat huelva kiwi	3	109
chst cornudos	3	109
chat de gente	2	109
chat org venezuela	2	109
chat para chatear gratis	2	109
madrid gay chat	2	109
chat gratis para lesbianas	1	109
chat se o	1	109
chats méxico	1	109
dale chat cristiano	1	109
el chat montevideo	1	109
chac murcia	0	109
chat de barcelona gratis	0	109
chatear mas de 60 terra	0	109
chqt sexo	0	109
chst dale	0	109
chathots	36	108
latinchat lesbiana	35	108
chat travestis madrid	21	108
chatea con mujeres	18	108
latinchat mas de 60	16	108
chat gay tenerife sur	14	108
chat gratis bolivia la paz	13	108
contactos gay las palmas	10	108
crusing chat	7	108
chat para platicar	4	108
chatgay online	4	108
lesbianas webcam	4	108
chat barakaldo	3	108
chat erot	2	108
chat sez	2	108
chafriends	1	108
chat gratis ecuador org	1	108
crusing chat gay	1	108
chat bahienses chat	0	108
chat barcelona sin java	0	108
chat de medellin	0	108
chat les online	0	108
chat onl	0	108
dalechatea españa	0	108
pagina de citas sin registro	47	107
contactos cornudos	24	107
chats con mujeres solteras	22	107
paginas para chatear con gente	10	107
chat cristiano ungidos	8	107
chat amos	7	107
chat para latinos	6	107
chatzona tucuman	4	107
chat v 78	3	107
chatftiends	3	107
chst ecuador	3	107
chat libre gay	2	107
chst gay sevilla	2	107
chatliaboa	1	107
chat esclavos	0	107
chat tarvestis	0	107
chat web dale	0	107
chat de mujeres calientes	27	106
chat gratis en colombia	14	106
chatear gratis con mujeres sin registro	14	106
contacto cruising	10	106
chat de amistad más de 50	8	106
chat quintana roo	8	106
chat grátis portugal	7	106
chat san jose costa rica	6	106
chatear gratis lesbianas	6	106
chats guatemala	5	106
chat calienye	4	106
chat mas de 60 años	4	106
latin chat org	4	106
chatear en españa	3	106
chat gay catalunya	2	106
chat gratis sin registro con mujeres	2	106
chatear medellin	1	106
chatgau	1	106
queretaro chat	1	106
salas de chat jalisco	1	106
tucumán chat	1	106
chat bogota sin java	0	106
chat de eeuu	0	106
chat terra cornudo	0	106
chat veracruz gratis	0	106
dale cha5	0	106
encuentro gay tarragona	0	106
irc chat gay	0	106
webchatdale	0	106
chat cordoba terra	89	105
chat blablat uruguay	12	105
chat en cuba la habana	11	105
chat gay linares	10	105
chat colombia hot	3	105
chatuol	3	105
chat argentina gay	2	105
chat gay ouebla	2	105
dsle chatea	2	105
chat anzoátegui	1	105
chat de sexo x tlf maduritas	1	105
chat freinds	1	105
chatear en las palmas	1	105
chat .org	0	105
chat de mardel	0	105
chat terra amistad	0	105
gay asturias irc	0	105
chat sexo gay cordoba	53	104
omegle mujeres sin registro	15	104
chat les lima	9	104
chat maduras sexo	6	104
chat gratis españa más de 50	5	104
contactos gay guipuzcoa	5	104
chat fontibon	2	104
chat sexo lima	1	104
chats mendoza	1	104
elchat puebla	1	104
encuentrosbgsy rosario	1	104
chat argentino dale	0	104
chat sex trujillo	0	104
chatear español	0	104
dale xhatea	0	104
el chat amigos	0	104
el chat latino	0	104
foro gay madrid ahora	0	104
gay chat ciber	0	104
irc hispano kwii	0	104
mir chaco corrientes	0	104
www.misionchat	0	104
xhat arg	0	104
como quitar el ban en chatzona	50	103
chat trans bcn	22	103
esoterismo chat	19	103
chat online gratuito português	15	103
chat orihuela	15	103
chats xx	11	103
chat online en español	10	103
chat brasil gratis	8	103
chat. hot	6	103
chat san sebastian	5	103
omegle anonimo	5	103
chat sexo huelva	4	103
chat terra antiguo	4	103
chat ayacucho	2	103
chat bazzo	1	103
chat gayvalencia	1	103
chat nayarit	1	103
chqt gratis	1	103
chat de medellin gratis	0	103
chat sur	0	103
chat uru arg	0	103
chatlimaperu	0	103
paranachar	0	103
chat de gay madrid	99	102
videollamada con trans	43	102
omegle solo chat	36	102
chat en vivo gratis colombia	18	102
chat hot sin	17	102
chat libera	14	102
omegle online latinoamericana	10	102
chatear con argentinos	9	102
chat online bogota	7	102
chat caliente te atreves	6	102
video chat gay.	5	102
contactos gay dos hermanas	4	102
chat contactos huesca	2	102
chat gay sin registrarse	2	102
chat gpt español gratis	2	102
chst españa	2	102
chat euskadi hispano	1	102
chat huanuco	1	102
chat jispano	1	102
chat melilla	1	102
el chat qro	1	102
mi punto com chat más de 40	1	102
chat chueca aragón	0	102
chat de andalucía mas de 50	0	102
chat gey cadiz	0	102
chat guerrero	0	102
chat on line ecuador	0	102
el salvador chat	0	102
hola oaxaca chat gratis	0	102
irc hispano valencia	0	102
madrid chat terra	0	102
misiochat misiones	0	102
panama chat	0	102
chst zona	88	101
chat pies	44	101
chat bisexuales gratis	41	101
chatbisex	21	101
chueca com madrid	14	101
chat reus tarragona	12	101
omegle chat sin registro	12	101
contactos gay cantabria	10	101
chatlesbi	8	101
chats medellin	5	101
chat lesbiano	4	101
chat vendrell	4	101
contactos gay cuenca	4	101
chat hot usa	2	101
chat de los gitanos	1	101
chat gay murcia gratis	1	101
chat hispqno	1	101
chay gay sevilla	1	101
caht hispano	0	101
chat nudista hispano	0	101
chat terra granada hispano	0	101
chateagratismasde 60	0	101
latin chat cornudo	0	101
misochat	0	101
terra españa chat	0	101
contactos gays girona	27	100
www.chataona.com chat sobe -ai	23	100
chat en vivo caliente	18	100
lima chat peru	14	100
chat hor gratis	11	100
chat trasvestis	10	100
chat español online	9	100
sexo chat madrid	8	100
ligar sin registro	7	100
chat en directo gratis	6	100
chat catamarca	4	100
chat bs as gratis	3	100
chat.sexo	3	100
chat hot te atreves	2	100
chat onlinr	2	100
chat cristiano españa	1	100
chatargay	1	100
arequipa chat	0	100
chat argentina dale chatea	0	100
chat boliv	0	100
chat gay sevill	0	100
chat terra 30	0	100
chateando gratis org	0	100
chatgranada gay	0	100
chats gratis dalechats mendoza	0	100
dalechateme	0	100
hispachat chueca barcelona	0	100
salas de chat de lesbianas	0	100
tachira chat	0	100
chatzona lesbianas	63	99
chatzona ecuador	61	99
chata hot	18	99
chat gay zgz	16	99
chat villarrica	11	99
chat gratis con transexuales	10	99
encuentros gay rosario	10	99
paginas de chat para conocer personas gratis	10	99
personas hot	10	99
boozcam	9	99
chat gays colombia	8	99
paginas para chat	7	99
chat gratis salta	6	99
chatear con gente de todo el mundo	6	99
chat bdms	5	99
chat hoy gratis	5	99
chat hot lesbi	4	99
contactos gays en tenerife	4	99
chat girl	2	99
dale chat.me	2	99
chat chatear mas de 40	1	99
chat gratis las palmas de gran canaria	1	99
chat online les	1	99
chats gay tenerife	1	99
entra y conoce gente nueva chat hispano	1	99
salas de lesbianas	1	99
web chat salta	1	99
canal chat gay de monterrey	0	99
canal chat miami	0	99
chat amigos ecuador	0	99
chat ave se	0	99
chat concepcion chile	0	99
chat de sexo en cadiz	0	99
chat en concepcion	0	99
chat gratis de nuevo leon	0	99
chatea espanahot	0	99
chueca aragon terra	0	99
kiwirc	0	99
latino chat rooms	0	99
chatzona uruguay	85	98
contactos gays toledo	65	98
gay coruña	56	98
chat fetichista	52	98
videollamadas con mujeres maduras	33	98
omegke chat	11	98
chat sexo sin registro	10	98
chat irc kiwi hispano	7	98
chatgay coruña	7	98
lesvianas gratis	7	98
chat con hombres mayores	5	98
chat para hombres	5	98
sala de chat online	5	98
gratischat	4	98
bazoocam español	3	98
móvil chat hispano	3	98
quierochat sexo	2	98
canal chat jalisco	1	98
chat gey cuba	1	98
chat gratis sin registrar	1	98
el chat nuevo leon gratis	1	98
ir hispano	1	98
canal chat argentina	0	98
chat boadilla	0	98
chat chat gay	0	98
chat ciudad de la costa	0	98
chat gay mlg	0	98
chateamosirc	0	98
chst cali	0	98
www parana chst	0	98
trans chat gratis	18	97
chat gay anónimo	8	97
chat gay corodba	7	97
página de chat	7	97
chat calienge	3	97
chat chueca balear	3	97
chats para follar gratis	3	97
chat en puebla	2	97
contactos gays cantabria	2	97
el chat hispano	2	97
chat de cartagena	1	97
chat gratis barcelona terra	1	97
chatpuebla gay	1	97
gente chst	1	97
latin chat usa	1	97
chapt gratis	0	97
chat bcn terra	0	97
chat de sabadell	0	97
chat hsipano	0	97
chat kiwi almeria	0	97
chatdesalta	0	97
chatear con mujeres argentinas sin registro	0	97
dalechat hoy	0	97
salon de chat	0	97
gay ciudad real	20	96
sexo en madrid gratis	20	96
xxx chat gay	14	96
chat hot chicas	12	96
chat plasencia	12	96
sitios de chat gay	8	96
chat comunidad de madrid	7	96
chats gratis mexico	6	96
gay chat argentina	5	96
gdl gay chat	4	96
irc hispano gay	4	96
chat baleares más de 40	3	96
chat calinete	3	96
chat de sexo cornudos	3	96
chat gratis en venezuela	3	96
#gaycoruña	2	96
cchat hot	2	96
chat para conocer mujeres	2	96
chat travesti mexico	2	96
viarosario chat redhispana	2	96
chat bogotá colombia	1	96
chat caleinte	1	96
chat jubilados	1	96
chat mamorra	1	96
chat mexico org	1	96
chat quierochat	1	96
chat quilla	1	96
chatfriemds	1	96
cali chat hombre	0	96
chat gay top	0	96
chat gay webcam	0	96
chat gaygdl	0	96
chat libre dale	0	96
chat murcia gratis hispano	0	96
chat terra de 50 a 60	0	96
chat urugusy	0	96
dalechat ea	0	96
quiero chat cordoba	0	96
salas de chat gratis sexo	0	96
chat zona canarias	93	95
parejas liberales chat	37	95
chatear con mujeres hot	20	95
chat con cam gratis	16	95
omegle chat solo texto	14	95
bozocam	9	95
chat mexico gay	7	95
chat con españoles	6	95
chat chueca gay canarias	2	95
chat h o t	2	95
miami chat gratis	2	95
terra chat sala barcelona	2	95
chat de honduras	1	95
chat de trujillo	1	95
chat gratis en español y sin registro	1	95
chat grwtis	1	95
chat islas baleares	1	95
chat online dale chat	1	95
chatea grstis	1	95
cjat de sexo	1	95
conoce gente	1	95
dale chat medellín	1	95
chat amistad madrid	0	95
chat gratis en aguascalientes	0	95
chat kiwi sexo	0	95
españa chat gratis	0	95
gente chat cadiz	0	95
terra chat org	0	95
wwwchat	0	95
omegle escrito	30	94
chat caliente mujeres	20	94
salas de chat online portugal	12	94
chat gay en linea	11	94
chat gratis para adultos	11	94
llamadas hots	10	94
chatear con hombres más de 50 años	8	94
chat chatear españa	4	94
chat facil	4	94
chat online trujillo	4	94
cha online	3	94
chat gay en asturias	3	94
chat sexo madeid	3	94
chat gays murcia	2	94
chat telefónico gratis	2	94
paginas de chat online	2	94
chat bs as zona norte	1	94
chat hot arg	1	94
pagina de chat en vivo	1	94
chat alternativo granada	0	94
chat dolor	0	94
chat friends mexico	0	94
chat sin. registro	0	94
chst sevilla	0	94
dale xhst	0	94
habibti chat مجال الدردشة حبيبتي	0	94
quieres chat valladolid	0	94
sumisa terra chat	0	94
via rosario chat org	0	94
webchat girona	0	94
chatzona hot	78	93
gays coruña	72	93
chat gratis en alcalá de henares	67	93
omegle chicas gratis	35	93
chat online mujeres	24	93
madura chat	22	93
chat gay ibiza	16	93
chat con mujeres trans	15	93
chatmaduras	12	93
chat gratis sin registro gay	10	93
chueca mallorca	9	93
chat lesbianas sexo	8	93
chat gay onlay barcelona	6	93
chat palma de mallorca gratis	6	93
chat gay video	4	93
contactos gays en murcia	4	93
chat en nuevo leon	3	93
chat gay asturias chueca	3	93
chat ligar sin registro	3	93
chueca valencia trevia	2	93
chat hot hispano	1	93
chat san antonio	1	93
chatea chat org	1	93
chueca galicia chat	1	93
cjateagratis	1	93
gays cruising contactos	1	93
chat de cuernavaca	0	93
chat gente bilbao	0	93
chat nqn	0	93
chatea gratis coruña	0	93
webchat dale	0	93
chat barranquilla chatzona	80	92
chat con milfs	26	92
paginas para chatear hot	20	92
chat bdsm españa	14	92
chat gay sexo	13	92
chat gratis sin registro barcelona	10	92
salas de chat online gratis	10	92
alternativa terra chat	6	92
contactos gay pamplona	6	92
chat hot gdl	5	92
live gay gratis	5	92
chat linre	3	92
xhat peru	3	92
chat en bilbao	2	92
chatear venezuela	2	92
cordoba chat gay	2	92
xhat de sexo	2	92
chat gay lanzarote	1	92
chat gratis queretaro	1	92
chstea gratis	1	92
dalechayeame	1	92
irc hispano madrid	1	92
chat colo	0	92
chat gay san fernando	0	92
chat hispano vitoria	0	92
chateagratis lima	0	92
chatsantiagosinregistro	0	92
chatterra madrid	0	92
contactos gay inca	0	92
el chat queretaro	0	92
libero chat	0	92
chat hot chatzona	89	91
xhatzona	78	91
chatparejas	35	91
chat+18	20	91
transexual gratis	20	91
maduros gay chat	16	91
chat coslada	11	91
chat de estados unidos gratis	10	91
contactos gay cadiz	9	91
sitio para hablar con personas	9	91
chat gay online gratis	8	91
chat gratis chueca euskadi	7	91
chat en uruguay	6	91
chat en tenerife	4	91
chatmundial	2	91
gay paraguay chat	2	91
chat casados argentina	1	91
chat español gratis sin registro	1	91
chat gay online madrid	1	91
entrerioschat	1	91
buscando pareja gay	0	91
chas gratis jaen	0	91
chat chicago	0	91
chat churca	0	91
chat de mas de 60 gratis	0	91
chat gratis gijon	0	91
chateagratis canarias	0	91
dalchatea	0	91
quiero chat granada	0	91
sexo fácil chat	0	91
terra sala jaen	0	91
chat de omegle	32	90
chat viladecans	25	90
gays zaragoza	16	90
chat lesbico chile	14	90
chat porno sin registrarse	12	90
chatear con gay	8	90
videochat gey	8	90
chat hot puebla	4	90
chatiaoues	3	90
contacto gay lima	3	90
el chat lima peru	3	90
chat bien caliente	2	90
chat las.palmas	2	90
chat ares gratis	1	90
chat de texas	1	90
chat jutiapa	1	90
chatt lima	1	90
chatzonatucuman	1	90
canal chat hot	0	90
chat ecuador guayaquil	0	90
chat frends	0	90
chat gey madrid	0	90
chat hipsano	0	90
chat homocity	0	90
chat latino.org	0	90
chat leida	0	90
chat terra nudista	0	90
chatgtatis	0	90
chst chueca	0	90
chuecaasturias	0	90
colchat.com bogota	0	90
contacto gey cruising	0	90
conversar gay	0	90
dsle hat	0	90
hispano chat movil	0	90
http www chatzona org glines php si crees que es un error	53	89
chat con parejas	29	89
chat maduras calientes	24	89
gay peru	14	89
chat futbol	13	89
chat de sexo en barcelona	11	89
chat sexo parejas	11	89
chat mayores	10	89
busco chat hot	9	89
chat por whatsapp	9	89
chat gratis sin registro latinchat	8	89
chat hot las palmas	7	89
chat uol argentina	6	89
chat con chicos	5	89
chat sexo gay madrid	5	89
kiwichat irc	4	89
videochst gay	4	89
chat amigos madrid	3	89
chat gratiss	3	89
chatear barranquilla	3	89
chat gay de barcelona	2	89
chat relaciones	2	89
conocer personas	2	89
chat argentino sin registro	1	89
chateame hot	1	89
chatpanama	1	89
chat terra méxico	0	89
chat venzuela	0	89
chat via	0	89
chatea.les	0	89
chatear gratis con mexicanas	0	89
chats amistades	0	89
diversidad chat cubano	0	89
kiwi irc hispana	0	89
org chat social	0	89
pagina de chat gay grati	0	89
quierochatear terra	0	89
sala chat gay	0	89
chatzona registro	66	88
chat de fetiche	58	88
chat barcelona sexo	50	88
videollamadas lesbianas	26	88
chats calientes con mujeres	24	88
chat con personas gratis	19	88
busco novio gay	15	88
chat gratis sin registro colombia	10	88
chat alicante gay	9	88
chat porno parejas	5	88
chat gay chueca baleares	4	88
chat terra argentina 40 50 gratis	4	88
xhat online	4	88
salas de chat gratis en mexico	3	88
chat chueca/euskadi	2	88
chat gratis en cali	2	88
latinchat edades mas de 50	2	88
canal chat uruguay	1	88
chat gratis cancun	1	88
chat 60 y mas	0	88
chat net bogota gratis	0	88
chat tucumán gratis	0	88
chatdeperu	0	88
chatear con	0	88
el chat de toluca	0	88
página web para conocer gente	0	88
software de chat gratis	0	88
terra movil chat	0	88
viarosarioredhispana	0	88
él chat	0	88
zona chat bogotá	84	87
chatgratislesbiana	79	87
gays valladolid	20	87
video chat lesbianas	19	87
citas hot gratis	18	87
chat colombianas	10	87
chat caliente trans	6	87
chat gay sex	6	87
aguascalientes chat	4	87
chat caliente messenger	4	87
chat de hombres	4	87
chatvhot	4	87
chueca chat galicia	4	87
chat gitano dikelame	3	87
chatear con chicos	3	87
chat 40 gratis	2	87
chat bogota.	2	87
chatear latinoamerica	2	87
chatmadridanonimo	2	87
cjathispano	2	87
irc chat barcelona	2	87
kiwi chat chueca	2	87
chat de se	1	87
chat gratis sin registro en mexico	1	87
habla con chicas de tu ciudad	1	87
red hispana viarosario chat	1	87
rti chat las palmas	1	87
chat de py	0	87
chat gratis lima callao	0	87
chatgratis barcelona	0	87
dala chat	0	87
edarling entrar	0	87
webchat adolescentes	0	87
maduras calientes gratis	22	86
chat para hablar con chicas	12	86
foro gay	12	86
bate papo portugal	11	86
baxoocam	11	86
chat gratis venezuela caracas	8	86
chat online guatemala	5	86
hablar con hombres gratis	5	86
chat de murcia gratis	4	86
chatear chicas	4	86
chat mexicano gratis	3	86
chat online lesbico	3	86
chat texas	3	86
chst hit	3	86
bandoleros chat	2	86
chathispano.	2	86
chuecagalicia	2	86
chat casado	1	86
chat de chueca extremadura	1	86
chat en linea el salvador	1	86
chat gay en málaga	1	86
chat online sonora	1	86
chatear usa	1	86
chatgaymexico	1	86
chats gratis las palmas	1	86
chueca chats	1	86
contactos gay guadalajara	1	86
chat chatear peru	0	86
chat chueca sala murcia	0	86
chat de sexo gay en sevilla	0	86
chat friends lesbianas	0	86
chat trevia barcelona	0	86
chatcuernavaca	0	86
chatear las palmas	0	86
chathispqno	0	86
dale chat concepcion	0	86
chatear con otras personas	15	85
chat lesbico españa	12	85
chat calientes para hablar	10	85
chatgay monterrey	8	85
chat mollet	7	85
chat amigas gratis	6	85
chatamor	6	85
contactos cruising gay	6	85
chat activo	5	85
chat amistad españa	5	85
caht sexo	4	85
chat en miami	4	85
chatea ahora	4	85
chat salta gratis	2	85
chat arh	1	85
chatneuquen	1	85
chats gay murcia	1	85
cht caliente	1	85
chat coshuila	0	85
chat friends 50	0	85
chat gay eusakdi	0	85
chat irc barcelona	0	85
chat terra lesbico	0	85
chat valencia org	0	85
chat.uruguay	0	85
chatsfrinds	0	85
cjat argentina	0	85
dakechatea	0	85
dalechatter	0	85
el chat de terra sin registro	0	85
gay crusing pagina	0	85
gebte chat	0	85
quietochat	0	85
chat hot bcn	55	84
videollamadas con trans	41	84
mujeres maduras para chatear	37	84
chats maduras	27	84
chatea con trans	20	84
hablar con amigos online	17	84
foro gay coruña	14	84
chat de citas por whatsapp	12	84
gay gdl chat	8	84
chat de sumisos	5	84
video chat gat	5	84
chat por internet	4	84
maduros chat	3	84
adolescentes chat	2	84
chat para cornudo	2	84
chat sexo las palmas gran canaria	2	84
chatea gratis sexo	2	84
ahora gay madrid chat	1	84
chati tv	1	84
kiwi irc madrid	1	84
queirochat	1	84
sexo chat lugo	1	84
chat andalucía jaen	0	84
chat dolor y placer	0	84
chat sin registro cuba	0	84
contactos gay ávila	0	84
gays cruising contacto	0	84
irc. hispano	0	84
personas para chatear	0	84
terrachst	0	84
web chat arg bs	0	84
www.tuchat.com español	0	84
chat de pies	39	83
contactos gays tarragona	27	83
videollamada con mujeres maduras	22	83
sexo gratis citas	20	83
chat blanes	18	83
chat hot instagram	18	83
chatear con chicas hot	13	83
chat para conocer	12	83
ligar gratis online	11	83
citas con maduras gratis	10	83
chat cam hot	9	83
chat algeciras gratis	8	83
chat españa gay	6	83
chats para lesbianas	6	83
chat gay colombia gratis	3	83
gaytenerife chat	3	83
cgat gratis	2	83
chat en puerto rico	1	83
chat sin registro.	1	83
5 chat gay	0	83
chat antofa	0	83
chat argetino	0	83
chat es gratis	0	83
chat gay madrid welcome	0	83
chat gratis toledo	0	83
chat mexico mas de 40	0	83
chat san felipe	0	83
chat.bogota	0	83
kierochat	0	83
chtzona	77	82
xxx chat gay mty	75	82
chat zona asturias	58	82
chat con rusas gratis	44	82
chat de chicas solteras	16	82
chat live gratis	13	82
chat de ligue	10	82
maduras chat xxx	7	82
antofagasta chat	4	82
bazzocsm	2	82
chat casada gratis	2	82
chat friends venezuela	2	82
chatgaylatino	2	82
chat ciudad real gratis	1	82
chat gratis guanajuato	1	82
chatvalladolid	1	82
falechatea	1	82
latinchat ec	1	82
chat bisexual sevilla	0	82
chat de sexo.org	0	82
chat gay me	0	82
chat gratis en yuc.	0	82
chat público nuevo león	0	82
chat sexo gay madrid ahora	0	82
cjat fot	0	82
quiero hablar con chicas gratis en un chat	0	82
terra chat colombia	0	82
terra sala zaragoza	0	82
xxx gay chat tenerife	0	82
chat zona trans	65	81
chat zona gitano	62	81
hablar con milf	33	81
chat tenerife sexo	32	81
gays albacete	24	81
chats de sumisas	22	81
online hot	22	81
gays rosario	14	81
chat encuentro	11	81
chat caliente y gratis	3	81
chat más de 60 gratis	3	81
chathispano chueca asturias	3	81
omegls chat	3	81
chatea bogota	2	81
chats gratis chueca barcelona	2	81
el chat perú	2	81
chat firends	1	81
chat y tv	1	81
dale cajt	1	81
chaco-corrientes chat	0	81
chat arge tina dsle chatea	0	81
chat caliente chihuahua	0	81
chat dale.	0	81
chat dalta	0	81
chat free mexico	0	81
chat org sala	0	81
chat terra madrid gratis	0	81
chat toing gratis	0	81
gay cruising gipuzkoa	0	81
sala de chat bogotá	0	81
sala de chat de venezuela	0	81
sudcaliforniano chat.	0	81
chat para trios	37	80
chat omegle online	18	80
webcam gratis sin registro	18	80
chat hombres	14	80
sexo en barcelona gratis	14	80
chat lesbianas tenerife	13	80
contactos gays asturias	13	80
omegle char	13	80
chatear gratis con maduras	12	80
chatkywy	10	80
chats con mujeres calientes gratis	9	80
chat de texto online	8	80
limon chat	6	80
chat gratis la paz bcs	4	80
chat terra cadiz gratis	4	80
chat dexo	3	80
chat ambiente venezuela	2	80
chat chueca gay castilla y leon	2	80
chat córdoba argentina más de 40	2	80
chat encar	2	80
chat hispano extremadura	2	80
chatzona com	2	80
chst cruising	2	80
contacto gay gratis	2	80
dalechat.com	2	80
videchat gay	2	80
chat arnet santa fe gratis	1	80
chat baquilla	1	80
chat sin registrarse uruguay	1	80
chatarg40	1	80
top chat gay	1	80
xhat argentina	1	80
argen chat dale	0	80
chat chieca	0	80
chat colombia org	0	80
chat erotici	0	80
chat hispàno	0	80
chat tenerife gay sexo	0	80
dale chat maldonado	0	80
el chat cubano gratis	0	80
gay crusing web	0	80
chat tj	40	79
chat les españa	21	79
xxx chat hot	21	79
trans chat hot	15	79
chat con sumisas	14	79
chat gay chueca valencia kiwi	14	79
chat terra de lesbianas	11	79
chat gay guadalajara jalisco	6	79
chatsex gratis	5	79
ligar asturias	4	79
chat anzoategui	3	79
chat tenerife sur	3	79
chat tratis	3	79
chatear con personas online gratis	3	79
chat gratis jerez	2	79
chatfriendd	2	79
radio marujas	2	79
chat lambayeque	1	79
dalecjst	1	79
quiero xat	1	79
terra chat quiero chat	1	79
cachipen	0	79
canal chat sevilla	0	79
chat gratis df	0	79
chat mazmorra sin java	0	79
chat terra.es	0	79
córdoba gay chat	0	79
dale chat dale	0	79
fsle chat	0	79
salas de chat gratis en cali	0	79
terra chats	0	79
chat pareja liberal	43	78
sado chat	30	78
chat chicas sin registro	18	78
contactos gays valladolid	16	78
chat en línea sin registro	14	78
chat para hablar con amigos	14	78
chat shemale	11	78
chats contactos	9	78
hablar con gente caliente	9	78
chat gratis cordoba argentina	5	78
contactos gay teruel	5	78
video chat ga	5	78
chat gay barcelona gratis	4	78
chatear gratis zaragoza	4	78
bazzocan	3	78
chat de arequipa	3	78
chatfrends	3	78
para chatear con gente	3	78
salas de chats del mundo	3	78
chat gratis sin	2	78
chat para encontrar amigos	2	78
chats de amor	2	78
latinchat mas de 50	2	78
chat gay malga	1	78
chat libre usa	1	78
chat maldo	1	78
chatdeamigos	1	78
chatiapues cali	1	78
irc jaen	1	78
mirc chat gratis	1	78
chat argentina libre	0	78
chat gratis ciber sexo	0	78
chat hispania	0	78
chat sexo albacete	0	78
chat tarragona kiwi	0	78
chatea con travesti	0	78
chatea gra	0	78
chatealo gratis	0	78
dalecchat	0	78
el chat 2 movil	0	78
terra quiero chat	0	78
chatzona argentina	65	77
chat gay fuerteventura	47	77
chat gay vitoria	26	77
chats hot en linea	20	77
chatear con mujeres de 40 a 50 años gratis	18	77
chatcalientes	13	77
chat de chicas calientes	12	77
chat hot linea	12	77
chst las palmas	12	77
contactos gays valencia	12	77
chat de portugal	11	77
webcam gay gratis	8	77
chat sin regustro	7	77
chat erotic	6	77
chat onlien	5	77
chat el salvador gratis	4	77
chat caceres kiwi	3	77
chat con mujeres guarras	3	77
chat hot esp	3	77
char sex	2	77
chat hot.org	2	77
cjatfriends	2	77
mardel chat	2	77
sevilla chat	2	77
chat gay chueca gratis	1	77
chat movil hispano	1	77
el mejor chat español gratis	1	77
latinchat org	1	77
terra chat españa mas de 40	1	77
chat caliente descubre	0	77
chat en español gratis lima peru	0	77
chat gai esp	0	77
chat lesbico español	0	77
chat mas de	0	77
chat org tv	0	77
chat terra alt	0	77
chateagratis paraguay	0	77
chayeagratis	0	77
dale a chat	0	77
dale chaat	0	77
el chat dale	0	77
kiwiirc irc hispano	0	77
tarragona chat	0	77
terra xhat	0	77
web chat to dale	0	77
zonachatcali	75	76
cjatzona	71	76
chatgay cdmx	56	76
chat murcia zona	37	76
chat con señoras gratis	33	76
chat hot gratis online	29	76
chat con rusas	27	76
contactos gay en zaragoza	20	76
chat en vivo hot	19	76
chat con fotos y cámara	18	76
chat gratis usa miami	11	76
chat anonimo caliente	8	76
chat andalucia mas de 40	7	76
char online	6	76
chat omegla	6	76
chat online gratis argentina	6	76
chat tico gratis	6	76
chat anonimo sexo	5	76
chat ciudad	3	76
chst colombia	3	76
chat chueca pais vasco	2	76
chat gay barcelona chueca	2	76
chat online org	2	76
chat tachira venezuela	2	76
latin chats	2	76
mas_de_40	2	76
chat canal andalucia	1	76
chat en español sin registro	1	76
chat parejas terra	1	76
chathispanokiwi	1	76
chueca kiwi	1	76
contactos gay don benito	1	76
quiero chatear gratis y sin registro	1	76
web chat mazmorra	1	76
chat argenitno	0	76
chat gay smartphon zona	0	76
chat gitano amistad	0	76
chat libero	0	76
chat org gratis galicia	0	76
chat toing costa rica	0	76
chateando.	0	76
chatear gratis.org	0	76
chueca chat alternativo	0	76
dales chats	0	76
el chat de guate	0	76
gentechat miami	0	76
irc chathispano	0	76
sala chat alicante	0	76
maduritas chat	34	75
gay castellon	21	75
chat de sexo en madrid	19	75
hotchat	17	75
omegle español latino	16	75
chat picante gratis	14	75
platicas hot	14	75
chat estados unidos en español	8	75
chats gratis gay	8	75
el chat cam	8	75
chat para hablar con adolescentes	5	75
chatconcamara	5	75
slas de chat	4	75
video llamada gay gratis	3	75
chat dale sexo	2	75
chat gey barcelona	2	75
cibersexo chat gay	2	75
chat quito ecuador	1	75
chat rep	1	75
chatparaguay	1	75
chats friend 50	1	75
quiero chst	1	75
video.chat gay	1	75
canal chat canarias	0	75
chat baja california	0	75
chat canal	0	75
chat gay r	0	75
chat gratis jujuy	0	75
chat hispano chueca euskadi	0	75
chat online usa	0	75
chat sevilla lesbianas	0	75
chat sites	0	75
chat terra cantabria	0	75
chatarg.com/webchat/	0	75
chatgaydecordoba	0	75
chatoaxaca	0	75
chatzone login app	0	75
dikelame org chat	0	75
encuentros chat	0	75
quieorchat	0	75
zonaç	0	75
chatzona alicante	71	74
chat amas dominantes	69	74
chatzona tenerife	67	74
chat zone iniciar sesión	18	74
citas calientes gratis	17	74
chat gratis con mujeres maduras	16	74
sexo gratis en bcn	15	74
pagina para chat hot	13	74
chat mujeres españa	12	74
conocer gente en linea gratis	12	74
follar en madrid gratis	10	74
salas de sexo	6	74
chatiapues medellín	5	74
chats gays madrid	5	74
pagina para hablar	5	74
chat fotos y videos	4	74
chat gay en colombia	4	74
sexi chat	4	74
salas de chat en español gratis	3	74
chat argentina hot	2	74
chat cruising alicante	2	74
chat gay latinos	2	74
cruising chat españa	2	74
canal chat oviedo	1	74
chat aliente	1	74
chat cornudos españa	1	74
chat sin regitro	1	74
chatear amistad	1	74
chstear	1	74
cbat gey	0	74
chat de gitano	0	74
chat en sinaloa	0	74
chat friends valencia	0	74
chat gay lucena	0	74
chat gay salas	0	74
chat gratis santander cantabria	0	74
chat hispano coruña	0	74
chat mexoco	0	74
chat para sitios	0	74
chat uruguay argentino	0	74
chatdelmundo usa	0	74
cruising gay iniciar	0	74
dale chat españa	0	74
dale cuat	0	74
salas de chat en mendoza	0	74
salas de chat latinas	0	74
terra lesbianas	0	74
chat zona monterrey	71	73
contactos gay en tenerife chat	51	73
chatear con chicas solteras	22	73
omegle normal	19	73
chat veteranas	18	73
contactos castellón	18	73
contactos tenerife	17	73
chatear con mujeres calientes gratis	16	73
chicas calientes gratis	14	73
lesbianas puebla	12	73
chatear con colombianas	11	73
chat gay colombiano	9	73
contactos gays en valladolid	9	73
chat logroño la rioja	7	73
video llamada gay sin registro	6	73
chat formosa	5	73
chat paraguay asuncion	5	73
chat california gratis	4	73
chat gratis en espanol	4	73
chat zaragoza sin registro	2	73
chatear con cornudos	2	73
cuck chat	2	73
el chat les	2	73
latin chat gratis	2	73
salas de chat gay monterrey	2	73
chat bsrcelona	1	73
chat gratis trav	1	73
chat hispano vigo	1	73
chat sexo barranquilla	1	73
chat zarahoza	1	73
dale chat lima	1	73
gay chat méxico	1	73
argentina chay	0	73
chat boadilla del monte	0	73
chat chueca kiwc	0	73
chat dake	0	73
chat de citas online	0	73
chat de hombres gay madrid	0	73
chat de terra barcelona	0	73
chat gay jerez de la frontera	0	73
chat gitanos chachipen	0	73
chat hispano gay cantabria	0	73
chateame caliente	0	73
dale chsy	0	73
ente chat	0	73
salas chat sexo gratis	0	73
salas de chat mendoza	0	73
salas de chat travesti	0	73
terra chat.	0	73
universogay chat malaga	0	73
usa chat latino	0	73
chatzona guipuzcoa	70	72
chat gratis de cadiz	60	72
chat zona cali	60	72
gays cordoba	24	72
chat espiritual	16	72
follar gratis caceres	14	72
sexting sin registro	13	72
chat hot madura	9	72
chatea caliente	8	72
chatear con mujeres casadas	8	72
contacto gay cadiz	8	72
chat gay bogotá	7	72
chat. caliente	7	72
citas en barranquilla gratis	6	72
chat gente cerca	4	72
video llamada con mujeres maduras	3	72
chat de lesbiana gratis	1	72
chat gay cartagena	1	72
chat hispano kiwi valencia	1	72
chat kiwiirc	1	72
chat santafesino	1	72
chat cantabria quiero	0	72
chat gratis ec	0	72
chat sin registro de madrid	0	72
chat.org adultos	0	72
chatchueca kiwi	0	72
chatde sexo	0	72
chateagratismazmorra	0	72
chatear gratis gipuzkoa	0	72
chats de sexo bizkaia ligar	0	72
chueca barcelona gay	0	72
gente chat bogota	0	72
paranaxhat	0	72
salas de chat gay gratis	0	72
chat zona tijuana	64	71
chatzona.	45	71
chat gay asturias gratis	35	71
chats hot con mujeres	23	71
lesbianas chats	17	71
chat bazoom	14	71
shemale chat	14	71
chat gratis sin registro costa rica	11	71
chats argentinos	9	71
chat neuquén	8	71
para chatear con personas	7	71
chats de amistad	5	71
sala de chat friends	5	71
bazoo am	3	71
chat sexo guatemala	3	71
lesbianas live	3	71
chat gratis pr	2	71
chat gratis.com	2	71
chat o line	2	71
chat sado gentehis	2	71
chathot españa	2	71
chat hispano web	1	71
chueca gay murcia	1	71
canal chat gratis	0	71
chat americano	0	71
chat caliente hoy	0	71
chat ciudades españolas	0	71
chat dale gratis	0	71
chat español españa	0	71
chat gay chueca ficha	0	71
chat gay de montevideo	0	71
chat gay gratis latino	0	71
chat terra andalucia	0	71
chat terra regiones	0	71
chat ury	0	71
chatesr	0	71
chueca valemcia gay	0	71
cjatealo	0	71
el chat gay monterrey	0	71
universo chat	0	71
chat zona medellín	68	70
hablar con milfs	26	70
chat contacto	14	70
maduritas gratis	11	70
chat conocer	10	70
chatear gratis con lesbianas	10	70
chatear amigos	7	70
chat caliente chicas	6	70
chat hot .	6	70
chats para gays	6	70
bdsmchat	5	70
cha para sexo	5	70
chat gay sin registro gratis	5	70
chatea gratis travesti	4	70
contactos gratis sin registro	4	70
salas para chatear	4	70
chat hispana	3	70
chatalgeciras	3	70
webchat irc hispano kiwi	3	70
chat de guate	2	70
chat para jóvenes	2	70
cha de sexo	1	70
chat de fuenlabrada	1	70
chat en madrid	1	70
chat kiwi albacete	1	70
chat mas de40	1	70
chat mexico sonora	1	70
chata rg	1	70
chatear latinos	1	70
salas de chat en venezuela	1	70
zonainvita	1	70
chat dele	0	70
chat hot caracas	0	70
chat laspalmas	0	70
dwlechat	0	70
xaxipen	0	70
chatzona les	64	69
chayzona	61	69
chat porno madrid	37	69
chatear maduras	33	69
maduras para hablar	25	69
chat cam gratis sin registro	23	69
chat magia	22	69
chat random mujeres	22	69
contactos gays en burgos	21	69
chat para socializar	19	69
chat online trans	16	69
chats calientes online	16	69
chats mexicanos	12	69
contactos lesbianas	11	69
contactos gays coruña	10	69
chats chicas	7	69
sexocanarias	7	69
bozzocam	6	69
chat de uruguay gratis	5	69
chat hot?	5	69
xhat hor	5	69
chat ciber gay	4	69
chat tv españa	4	69
contactos gay orihuela	4	69
chat online gratis sin registro	3	69
chat abuelas	2	69
chat cal	2	69
paraguay chat	2	69
canal gay navarra	1	69
canales de chat gratis	1	69
chat cruising granada	1	69
chat de mas de 60 años	1	69
chat universo madrid	1	69
gay chat montevideo	1	69
gentechat cali	1	69
nuevo leon chat	1	69
#gay_sevilla	0	69
bahienses	0	69
chat chueca com	0	69
chat de gay méxico	0	69
chat hspano	0	69
chat lesbianas chat argentino	0	69
chat online gay rosario	0	69
chat punta arenas	0	69
chat sin registro alicante	0	69
chatear gratis en español y hacer amigos	0	69
chatfriends gay	0	69
chathispano gay sevilla	0	69
chatia pues medellin	0	69
dale chat bogotá	0	69
dalecvat	0	69
dañechay	0	69
irc kiwi chat hispano	0	69
la troco chat bucaramanga	0	69
latinchat trujillo peru	0	69
mendozachat	0	69
www.chatear.com gratis	0	69
chat gay chihuahua	48	68
chat chueca lesbianas	34	68
chat trans hot	19	68
hablar con personas calientes	17	68
chat gratis mujeres	16	68
chat hot random	15	68
omegle online españa	15	68
salas de chat online grátis	13	68
hablar con gente online gratis	9	68
chat cornudos cdmx	8	68
chicas para chatear	7	68
video chat gau	6	68
chat porno lesbico	5	68
conocer personas en linea	5	68
chat gente madura baja california sur	4	68
chat bdsm online	3	68
chat calie te	3	68
chathispano chueca barcelona	3	68
salas de chat internacional	3	68
chat caliente de españa	2	68
chat chueca madrid hispano	2	68
chat cámara	2	68
chatalternativo	1	68
sals de chat	1	68
sevilla cruising chat	1	68
almeria chat	0	68
chat barcelona dale	0	68
chat caligentechat	0	68
chat desexo	0	68
chat mede	0	68
chatargrntino	0	68
chatear dale chat	0	68
chatear gratis el salvador	0	68
dalechateame argentina	0	68
dalevhatea	0	68
entrar chat lesbianas gratis	0	68
maduritasgratis	0	68
quiero chats	0	68
quito chat	0	68
redhispana chat	0	68
sitio web para conocer gente	0	68
terrachat 40	0	68
trasvesti chat	56	67
chat caliente linea	54	67
chatea con maduras	33	67
chats con mujeres maduras	28	67
latin chat ecuador	22	67
contactos gay jaen	16	67
hablar con gente hot	16	67
free chat hot	14	67
chat con mujere	13	67
chat gay en zaragoza	12	67
chat sexo burgos	10	67
chats con mujeres solteras gratis	10	67
videochat lesbianas	9	67
chat online bolivia	8	67
chat honduras gratis	7	67
chat gay villavicencio	6	67
chet hot	5	67
platicar con gente	4	67
char cornudos	3	67
chat gratis sin registro en vivo	2	67
chat medelli	2	67
chatvterra	2	67
salas de chat en españa	2	67
chat de mas de 50	1	67
chat gay hispano maduros	1	67
chat hot bs as	1	67
amigos en el chat	0	67
canal chat conce	0	67
chat de elche	0	67
chat flash gratis	0	67
chat friends.	0	67
chat gratis de bogotá con foto	0	67
chat latino mexico	0	67
chat latino org	0	67
chat ontinyent	0	67
chat venez	0	67
chateslo	0	67
dale chat fernando de la mora	0	67
dale chat usa	0	67
hispano chueca baleares	0	67
sala de chat bogota gay	0	67
amigas lindas chat	22	66
chat gitano entre primos	19	66
chat swinguer	12	66
chat hot virtual	9	66
chat publico gratis	9	66
contacto gay lugo	9	66
chat sex tenerife	7	66
chatgaycdmx	7	66
gay lugo	7	66
chat gay con cámara	6	66
bzoocam	5	66
chats en español gratis	5	66
chat chueca leon	4	66
chat de amigas	4	66
chat intimo	4	66
chat online monterrey	4	66
huelva chat	4	66
xhat sex	4	66
chat de sexo bilbao	3	66
chat en colombia gratis	3	66
chat trevia chueca valencia	3	66
contactos gays navarra	3	66
chat de cibersexo gratis	2	66
chat gpt gratis	2	66
chat hot de burgos	2	66
chst trans	2	66
dale chat.com	2	66
gay malaga chat	2	66
chat gay vic	1	66
chat gratis y sin registrarse	1	66
chat hispano chueca bcn	1	66
chat hombre	1	66
cibersexo de gay	1	66
dalechateam	1	66
gente chat jalisco	1	66
chat caliente mexico	0	66
chat chueca gay navarra	0	66
chat de tenerife luz de luna	0	66
chat gay sudcaliforniano	0	66
chat gratis de leon	0	66
chat hay sevilla	0	66
chat sala adolescentes	0	66
chat sucre	0	66
chat vnz	0	66
chatear con amigas	0	66
chateroticogratis	0	66
el chat trujillo	0	66
tera chat	0	66
zona chat cornudos	60	65
chat en córdoba	50	65
chat turco	48	65
chat hispano parejas	33	65
chatea con mujeres calientes	16	65
cam maduras	14	65
chatzome	12	65
chat de lesbianas en castilla la mancha	11	65
chat cybersexo	8	65
chicas gratis	6	65
contactos gays en sevilla	5	65
videochar gay	5	65
chat online py	4	65
chat zaragoza gratis sin registro	4	65
chatonline gratis	4	65
paginas de chat en venezuela	4	65
www.chat.com gratis	4	65
chat de sexo español	3	65
chat de navarra	2	65
chat sexo córdoba	2	65
chat sexo lesbico	2	65
chst sexo gratis	2	65
cam zap colombia	1	65
canal travesti	1	65
chat chueca mallorca	1	65
chat de dexo	1	65
chat gratis net	1	65
chat sin java bogotá	1	65
chatear chica	1	65
terra chat gratis.org	1	65
canalchat mas de 60	0	65
chat arg dale	0	65
chat culiacan	0	65
chateahispano	0	65
chates	0	65
chayealo	0	65
salta chat dale	0	65
chatzona adolescentes	54	64
chat hots gratis	30	64
chat gay avila	26	64
chat con maduras xxx	24	64
paginas para chat en linea	16	64
lesbianas maduras gratis	15	64
uhmegle chat	13	64
chat con hombres maduros	9	64
chat gratis adultos	9	64
zone chat	9	64
chat sexo leon	8	64
chat hot bucaramanga	7	64
chat colombia gay	6	64
chats conocer gente	6	64
chat privado online	5	64
salas chat hot	5	64
chat caliente cali	4	64
chat para solteros gratis	4	64
chats de contactos	4	64
chat amistad más de 40	3	64
chat caliete	3	64
chat gdl gratis	3	64
chat livre online	3	64
kiwi irc chathispano	3	64
chat amistad sin registro	2	64
chat cristiano evangélico	2	64
chatbgay	2	64
chatear gente	2	64
chat amor en línea gratis	1	64
chat barcelona gratis mayores de 60	1	64
chat galicia amistad	1	64
chat gratis para solteros y solteras sin registro	1	64
chat paraiso	1	64
chat peru lima gratis	1	64
chatear con lesbiana sexo	1	64
chueca euskadi alternativo	1	64
chueca gay comunidad valenciana	1	64
el chat cristiano	1	64
chat bogta	0	64
chat de antofagasta	0	64
chat fácil	0	64
chats jaen	0	64
chueca chat gay valencia	0	64
dalenchat	0	64
inforchat terra	0	64
irc h	0	64
latinchat mérida yucatán	0	64
quirochat	0	64
salas de chst	0	64
webchat chatealo	0	64
www.elchat.con	0	64
chat online omegle	19	63
chat calientes en linea	13	63
chat en linea colombia	12	63
follar madrid gratis	12	63
chat vilanova i la geltru	9	63
chat de sexo con maduras	8	63
chat gay jovenes	8	63
chat para conocer a mujeres les	8	63
chat aleatorio argentina	5	63
chat cruising guadalajara	5	63
chat lesbicas	3	63
char bogota	2	63
chat gay avilés	2	63
chat terrassa gratis	2	63
chst de lesbianas	2	63
chat con gitanas	1	63
chat de chat	1	63
chat red	1	63
chatgartis	1	63
quierchat	1	63
canal chueca navarra gay	0	63
chat anónimo cali	0	63
chat arg esp	0	63
chat boliviano	0	63
chat chueca alternativo	0	63
chat de concepción	0	63
chat de medellín	0	63
chat de tucumán	0	63
chat gat pue	0	63
chat gay de mex	0	63
chat gratis en yuc .	0	63
chat gratis maldonado	0	63
chat hillo sonora	0	63
chat hot jalisco	0	63
chat las p	0	63
chat uruguay arg	0	63
chateagratis españa	0	63
chats granada	0	63
chueca eus	0	63
colchat.com bogota dale	0	63
dalexjat	0	63
sdale chat	0	63
terra chat chueca asturias	0	63
terra madrid chat	0	63
chatz9na	57	62
chat.cornudo	25	62
chat con mujeres lesbianas	21	62
hot online	20	62
contactos gays pontevedra	16	62
chat talavera de la reina	14	62
chat gay oviedo	13	62
chat hot tenerife	13	62
bazoovam	12	62
chaten linea	10	62
contactos gays las palmas	10	62
parejas liberal	8	62
chat random chile	7	62
contactos gays sevilla	7	62
chat chicas sevilla	5	62
chat gay tenerife gratis	5	62
chats salas	5	62
terrachta	5	62
tuga chat	5	62
chatear gratis con personas	4	62
chachipen calo	3	62
chat gratis morelia	3	62
chat lesbico xxx	3	62
salas de chat en colombia	3	62
chat grafis	2	62
chatea graris	2	62
chatear con gente de españa	2	62
chst cornudo	2	62
gay chat mty	2	62
chat gratis de cali	1	62
chat nexico	1	62
chat vogota	1	62
chathispano com	1	62
tooodo chat argentina	1	62
vudeo chat gay	1	62
chat argentina cordoba	0	62
chat asturia	0	62
chat en linea medellin	0	62
chat españa mas de 50	0	62
chat gay ciberdexo	0	62
chat gay via	0	62
chat hot nuevo leon	0	62
chat.venezuela	0	62
chats sin registros	0	62
cruising chat alicante	0	62
córdoba chat gay	0	62
dalechat colombia	0	62
quierochat cordoba	0	62
terrachat españa	0	62
via rosario red hispna	0	62
www.elchat.com gratis	0	62
chatparejasliberales	60	61
chat zona mas de 40	47	61
página para hablar con mujeres mayores	44	61
mujeres maduras para hablar	28	61
hablar con mujeres mayores gratis	27	61
mujeres calientes para hablar	20	61
hablar con mujeres hot	19	61
gay jaen	17	61
chat parejas madrid	12	61
contacto gay alicante	11	61
chat web gratis	7	61
chat de sexo malaga	5	61
chats para ligar gratis	5	61
chat anónimo gay	4	61
chat argentinas	4	61
chat chicos gay	4	61
chat en chihuahua	4	61
terra chat más de 60	4	61
chat. gay	3	61
cornudo chat xxx	3	61
kiwi.irc	3	61
salas calientes	3	61
sexo madrid ahora	2	61
canal chat esoterismo	1	61
chat 20 años	1	61
chat ateos	1	61
chat mas 60 gratis	1	61
chat panamá	1	61
chats en colombia	1	61
daoechat	1	61
malaga gay chat	1	61
you cannot send messages to this user whilst they have the +c (deaf_commonchan) mode set	1	61
chat argentino salta	0	61
chat chueca gay asturias	0	61
chat de badajoz	0	61
chat de gays en asturias	0	61
chat de terra alternativo	0	61
chat gay chueca cantabria	0	61
chat gdl jalisco	0	61
chat trasvestis mx	0	61
chatear gratis extremadura	0	61
chatiapues.	0	61
chatzona chachipen	0	61
chueca gay canarias	0	61
dalwchatea	0	61
ficha canal chueca	0	61
hablar con alguien online en asturias	0	61
trio chat	0	61
chat jaen org	53	60
chatear con mujeres lesbianas	19	60
mujeres hot chat	19	60
follaamigos	15	60
chat ligar tenerife	11	60
chats cristianos	10	60
chat gay león	9	60
contacto gay valencia	9	60
hablar con desconocidos online	7	60
chat paysandu uruguay	6	60
chat gay canarias chueca	5	60
cruising gay web	5	60
chat montevideo gratis	4	60
chat en linea gay	3	60
chatear gratis andalucía	3	60
mensajear gratis sin registro	3	60
cha colombia	2	60
chat sevilla.	2	60
chat sexo casadas	2	60
dale chat lesbianas	2	60
chat calirnte	1	60
chatear parejas	1	60
dael chat	1	60
el chat movil html5	1	60
esto es chat	1	60
mazmorrachat	1	60
terrchat	1	60
www.terra.es chat	1	60
amistad gratis	0	60
canalchay	0	60
chat friendo	0	60
chat gay chat friends	0	60
chat hot con	0	60
chat motril granada gratis	0	60
chat online margarita	0	60
chat swiner	0	60
chatjujuy	0	60
chta sexo	0	60
free to chat en español	0	60
spain chat gay cadiz	0	60
chat zona gay burgos	59	59
chat para hacer amigos adolescentes	58	59
chatzona rep dom	57	59
chat zona bogotá	44	59
chat sexo gratis barcelona	33	59
chat tapatios gratis	27	59
lesbianas lima	16	59
chats con mujeres hot	14	59
cachondas gratis	12	59
gay albacete	11	59
chat sexo madrid gratis	6	59
sex chat sin registro	6	59
chatcastellon	5	59
chat de texto	4	59
chat juegos	4	59
chat de adulto	3	59
chat de chicas lesbianas	3	59
contacto gay granada	3	59
cusco chat	3	59
chat bazom	2	59
chat cruising malaga	2	59
chat gratis gay málaga	2	59
chat avellaneda	1	59
chat rspaña	1	59
chatcsliente	1	59
chatea españa	1	59
chatear friends	1	59
chats con camara	1	59
chay gay rosario	1	59
cuenca gay	1	59
frens chat	1	59
barcelona terra chat	0	59
buscar chat gratis	0	59
chat chachip	0	59
chat coah	0	59
chat de tv	0	59
chat erotivo	0	59
chat gay asturia	0	59
chat gay durango	0	59
chat gay gratis baleares	0	59
chat lima gay	0	59
chat tarot esoterismo	0	59
chat terra barranquilla	0	59
chatargtenino	0	59
chateagratis andalucia	0	59
córdoba chat	0	59
gay chat argentino	0	59
kostenlose chat	0	59
masde60	0	59
sala chat les	0	59
sexchat espana hot	0	59
chat zona ccs	54	58
gays huelva	21	58
contactos gays leon	19	58
sitios para chat hot	18	58
chat hot mujeres gratis	15	58
chicas trans gratis	13	58
chat caliente en linea whatsapp	11	58
chat lesbiana gratis	11	58
chat en linea caliente	10	58
chat para ligar whatsapp	8	58
salaa de chat	8	58
chat santander gratis	7	58
chatear mujeres	7	58
chat de cornudos gratis	6	58
chat de lesbianas lima	6	58
chat girona gay	6	58
chat sensual	6	58
chat gratis pamplona	5	58
chst hot online	5	58
amigos online chat	4	58
bazoocamm	3	58
chatzona.net	3	58
irc online hispano	3	58
adultos chat	2	58
chatear gratis guatemala	2	58
chatrelatos	2	58
sala de chat peru	2	58
chat en republica dominicana	1	58
chat gratiw	1	58
chat libre peru	1	58
chat tabasco gratis	1	58
chat toing guatemala	1	58
el chat chih	1	58
latin chat trujillo	1	58
misioxhat	1	58
40 mas	0	58
alternativo terra	0	58
chat argentina me	0	58
chat chueca gay aragon	0	58
chat colobi	0	58
chat cornudos webchat	0	58
chat de cba gay	0	58
chat friendd	0	58
chat granada ga	0	58
chat gratis guadalajara jalisco méxico gay	0	58
chat kiwi.	0	58
chat quilpue	0	58
chat santa marta	0	58
chat universo gay asturias	0	58
chatchile	0	58
chateaparaguay	0	58
chatear mujer domantrix xxxxx	0	58
chatgratis puebla	0	58
dalea chat peru	0	58
terra caht	0	58
terra cht	0	58
chat zona hot cali	56	57
omegle para chatear	33	57
maduras para chatear	30	57
chat sexo en tenerife	17	57
omegle gratis online	15	57
putas gratis en barcelona	15	57
chat conocer personas	14	57
chat con desconocidos adolescentes	12	57
chatpublico	12	57
chat texto online	7	57
chat gay canaria	6	57
hablar con gays	6	57
basoocam	5	57
bozacam	5	57
chat de música	5	57
chat panama gratis	5	57
chat random peru	5	57
bazocm	4	57
bazooncam	4	57
chat lesbico argentina	4	57
gay chat cordoba	4	57
bazoncam	3	57
amor en línea gratis	2	57
chats para platicar	2	57
gay chat irc	2	57
paginas para chats	2	57
charlar gratis	1	57
chat de perú gratis	1	57
chat gay de cali	1	57
chat gratis leon	1	57
chatea gratos	1	57
chatear méxico	1	57
chatibague	1	57
foro para hablar	1	57
latin chat español	1	57
canal chat queretaro	0	57
chat adolescentes madrid	0	57
chat ambato	0	57
chat amistd	0	57
chat bolivia mirc	0	57
chat chueca gay cadiz	0	57
chat chueca gay cibersexo	0	57
chat de san juan	0	57
chat en linea amor	0	57
chat españa dale	0	57
chat gay gratis en valencia	0	57
chat gey valencia	0	57
chat net gratis mas de 60	0	57
chat travesti hispano	0	57
chatsfriends mas de 60	0	57
chattabasco	0	57
chueca chat aragón	0	57
cruising citas gay	0	57
irchispano webchat	0	57
terrachat hispano	0	57
chat zonq	55	56
chatzone medellín	55	56
registrar nick chatzona	36	56
chat zona opciones	32	56
chat hot chat zona	30	56
chat hot snapchat	18	56
chat tarot en línea gratis preguntas	18	56
omegle chst	14	56
gay mdp	13	56
chat online amigos	9	56
chat virtual gratis	8	56
amigos en linea gratis sin registro	7	56
chat castellón gratis	7	56
chat para encuentros	7	56
chats libres	7	56
contactos gays en leon	7	56
terra chat antiguo	6	56
chathut	5	56
palma chat	5	56
web cam lesbianas	4	56
chatear gratis medellin	3	56
chst en linea	3	56
paginas para chatear online	3	56
chat en linea paraguay	2	56
chat org sexo	2	56
chat ecu	1	56
chat frieens gay	1	56
chat gay latin chat	1	56
chat gay venezolano	1	56
chat lobre	1	56
chatfriwnds	1	56
chatonlinegratis	1	56
dale chat cuba	1	56
mi punto chat gratis	1	56
chat de chueca madrid kiwi	0	56
chat de palmas	0	56
chat gay en peru	0	56
chat gratis.españa	0	56
chat irc murcia	0	56
chat movil barcelona	0	56
chat porugal	0	56
chatea gratis puebla	0	56
conocer chicas gratis	0	56
dale dale chat	0	56
dalechatmendoza	0	56
dalechsy	0	56
el chat sudcaliforniano	0	56
gaycrusing portal	0	56
gente hat	0	56
gentechat 60	0	56
irc gaysm	0	56
mas 40	0	56
sala chat salta	0	56
tucuman chat gratis	0	56
zona gay	0	56
chat hot porno	20	55
chat pervertido	17	55
encuentros gay mty	13	55
omegle online español	12	55
chat gay melilla	11	55
chat línea	9	55
chat con alguien	7	55
chat sexy gratis	7	55
chat bogota lesbianas	5	55
chat lesbianas melilla	5	55
chatdesexogratis	5	55
omegle grat	5	55
platicar con personas	5	55
chat gratis bizkaia	3	55
chat medellin antioquia	3	55
chat online barranquilla	3	55
chatear con amigos online	3	55
chat de dominacion	2	55
chat gay de canarias	2	55
chat lesbo	2	55
chat online chile	2	55
chatear sin registro gratis	2	55
gaycoruña chat	2	55
xat xueca gay castilla y león	2	55
chat argenrino	1	55
chat colonbia	1	55
chat en españa gratis	1	55
chat florida	1	55
chat sala lesbianas	1	55
chathispano sincensura	1	55
chats españoles	1	55
chst galicia	1	55
gay ciber	1	55
salas de chat las palmas	1	55
webchat gay	1	55
xhat lesbianas	1	55
canal chat panama	0	55
canal chat tv	0	55
chat argentino 40	0	55
chat barcelona chueca	0	55
chat elchat net	0	55
chat españa terra	0	55
chat gay lima perú	0	55
chat gay uru	0	55
chat gay vivo	0	55
chat qrg	0	55
chats grts	0	55
dale.chatea	0	55
dalechsr	0	55
el chat amigos en español	0	55
el chat de terra	0	55
gente chat religion	0	55
gente chat tucumán	0	55
irc chat alicante	0	55
irc chat jaen	0	55
monterrey chat org	0	55
sala de chat en españa	0	55
sala sin registro cr	0	55
terra hat	0	55
uoltchat	0	55
chatzona yucatán	53	54
chat con maduritas	22	54
chatzona mas de 40	22	54
hablar con chicas calientes	16	54
chat caliente español	14	54
churca canarias	14	54
omegle sin registro gratis	14	54
pagina de contactos sin registro	14	54
chat de sexo online gratis	13	54
chat gratuitos	10	54
chat lgbt gratis	8	54
chatear con lesvianas	8	54
omeglachar	7	54
chat de tarragona	6	54
chat gay crusing	5	54
chat gay de colombia	5	54
camsurf web	4	54
chat din registro	4	54
salas chat gratis sin registro	4	54
chat caliente costa rica	3	54
chat hispano sevilla	3	54
chqt caliente	3	54
gente para chatear	3	54
lesbianas chat hot	3	54
omegle web chat	3	54
sala de chat en vivo	3	54
chat gratis mujeres divorciadas	2	54
chat honduras tegucigalpa	2	54
chat houston	2	54
chatea barcelona	2	54
chathispano kiwi irc	2	54
spain chat chueca barcelona	2	54
videntes online gratis chat	2	54
chat 60 gratis	1	54
chat de juego	1	54
chat gah	1	54
chat sudcali	1	54
chatchuecacanaria	1	54
chih chat	1	54
terra mazmorra	1	54
cam lesbiana	0	54
chat arf	0	54
chat arg mendoza	0	54
chat argentino mas de 60	0	54
chat chueca hispano kiwi irc	0	54
chat con todo el mundo	0	54
chat de new york gratis	0	54
chat espa	0	54
chat las palmaa	0	54
chat onlinea	0	54
chat provincias	0	54
chat sin register	0	54
chatea con mexicanos gratis	0	54
chatea salta	0	54
chathor	0	54
chatroo bazoo	0	54
chavhipen	0	54
chueca gay barcelona	0	54
chueca kiwi chat	0	54
dalevhay	0	54
gente chat cornudos	0	54
irc alternativo chat terra	0	54
salas de chat gratis costa rica	0	54
salaschatsgratis	0	54
chatzone sexo	52	53
chat zone gay bogota	47	53
hablar con chicas cachondas	21	53
video chat con mujeres maduras	21	53
chatear gratis en linea	14	53
chat free hot	11	53
chat para hablar con mujeres gratis	11	53
páginas de citas sin registro	11	53
chat gay gratuito	10	53
chat para chatear con gente	10	53
hablar con gente desconocida	9	53
chueca gay valencia	8	53
chat global	7	53
chat virtual online	6	53
chatear con hombres gay	6	53
chat collado villalba	5	53
chat parejas swinger	5	53
gay cibersexo chat	5	53
cibersex gratis	4	53
chat colombi	3	53
chat rivera	3	53
chat trans sexo	3	53
chatando	3	53
sala de chats gratis	3	53
salss de chat	3	53
el chat guanajuato	2	53
sexo gay ourense	2	53
chatijuana	1	53
chayhispano	1	53
dalechater	1	53
latinchat argentina	1	53
sala chat españa	1	53
chat caliente.net	0	53
chat de espana	0	53
chat gay rodario	0	53
chat gratis concepcion	0	53
chat hispano illes balears	0	53
chat los angeles	0	53
chat osorno	0	53
chat zone.com	0	53
chatear mujer domantrix	0	53
chát gay	0	53
club cornudo chat	0	53
cruisingchatsevilla	0	53
daalechat	0	53
gente chat esoterismo	0	53
irc hispano antiguo	0	53
kiwi chat bogotá	0	53
kiwiirc chathispano	0	53
paranacjat	0	53
salas de chat caracas	0	53
tijuana chat org	0	53
web chat uruguay	0	53
xhat friends	0	53
zonachat las palmas	52	52
chat gay cordoba andalucia	22	52
gays ourense chat	22	52
chat gay gratis en gdl	18	52
chat hot milf	16	52
contactos bisexuales	16	52
chat 18+	15	52
contactos gays en albacete	13	52
chats ligar	12	52
chat de sexo trans	10	52
hablar con chicas trans	10	52
omegle. chat	10	52
chat europeo	9	52
chats calientes sin registro	9	52
chat sexo caliente	8	52
chat de lesbianas chile	7	52
omegle online sin registro	7	52
chat en alicante	6	52
contacto gay barcelona	5	52
sumisas	5	52
chat de amistades	3	52
chat español sin registro	3	52
chat gay mérida	3	52
chat pucallpa	3	52
chatear gratis español	3	52
chat cornudo gratis	2	52
chat gratis relatos	2	52
chat para ligar sin registrarse	2	52
chat para mayores de 40 años	2	52
chat v region	2	52
chatear gratis chicas	2	52
chatt gay	2	52
cha chue val	1	52
chat en vivo	1	52
chat gratis con gente	1	52
chat sxo	1	52
chatcusco	1	52
chats gratis bs as	1	52
gay mexico chat	1	52
chat boglta	0	52
chat bogora	0	52
chat cornudas	0	52
chat dale chst	0	52
chat gay chatea	0	52
chat gitano cristiano	0	52
chat hispano asturias gay	0	52
chat monterrey nuevo león méxico	0	52
chat reynosa	0	52
chatea gratis canarias	0	52
chatea gratis méxico	0	52
chatea sexo gratis	0	52
chatterrachuecaaragon	0	52
dale cahtea	0	52
dalechatea.me pies	0	52
el chat html	0	52
quiero caht	0	52
chat bizkaia zona	51	51
chat zona gran canaria	50	51
chtazona	47	51
xhat zona	43	51
cali chat gay	40	51
chat zona mexico	34	51
chat parecido a terra	33	51
chatzona irc	20	51
chat swinger españa	18	51
chicas online gratis	18	51
chats anonimos	15	51
hacer amigos chat	15	51
chatear con trans gratis	14	51
chat con chicas sin registro	13	51
chat de mujeres gratis	12	51
contactos bisex	12	51
hablar con putas gratis	12	51
cornudos chats	11	51
bazzoocam	8	51
chat de adultos gratis	7	51
chat lesbianas venezuela	7	51
chatzona barranquilla	7	51
omegle hombres	6	51
bazoochat	5	51
caht online	4	51
chat de texto gay	4	51
chat can	3	51
chats cornudos xxx	3	51
chag gay	2	51
chat córdoba gay	2	51
chat de chueca canarias	2	51
chat hot la	2	51
chat movil irc	2	51
salas de chat peru	2	51
umegle chat	2	51
chat chu val	1	51
chat gays malaga	1	51
chat sexo sitges	1	51
chst lima	1	51
chueca gay	1	51
gay chat espana	1	51
canal chat barcelona	0	51
cha terra	0	51
chat bdsm gentechat	0	51
chat canal org	0	51
chat ciudad de mexico	0	51
chat en linea quito	0	51
chat ex uol	0	51
chat friends mas de 60	0	51
chat gay salamanca gratis	0	51
chat mas 30	0	51
chat sexo dale	0	51
chatbucaramanga	0	51
chatea ecuador	0	51
chatxxxargentina	0	51
contactos gay cruisi	0	51
contactos gaycruis	0	51
dale chá	0	51
dalechatr	0	51
dalechwt	0	51
el chat cordoba	0	51
ficha chat gay granada	0	51
sala de chat paraguay	0	51
terra chat ar	0	51
web dale chat	0	51
chat sona	40	50
chat con mujeres lesbianas maduras mexicanas	37	50
videollamadas con trans gratis	22	50
lesbianas malaga	19	50
chat con mujeres hot gratis	16	50
contactos gays albacete	15	50
chat gratis lesbico	12	50
chat citas sexo	10	50
chat francia	10	50
chatbisexual	10	50
chat de amigos y novios gratis	7	50
contactos huesca	7	50
páginas para hablar	7	50
cht ht grts	6	50
bazochat	5	50
chaat hot	5	50
chateo gratis	5	50
chat online rd	4	50
chatear con chicas gratis sin registro	4	50
chat cristianos gratis	3	50
chat con españoles mayores de 50	2	50
chat gratis cartagena	2	50
chat gratis sin registro con foto de perfil	2	50
chat para hablar con alguien	2	50
chatmadrid anonimo	2	50
chat barcelona.	1	50
chat camelot	1	50
chat chueca vizcaya	1	50
chat cruising españa	1	50
chat gay adturias	1	50
chat secy	1	50
chat sumis	1	50
chatea gratis sin registro	1	50
chatgratis.	1	50
chatiapues movil	1	50
chsr hot	1	50
gay_malaga	1	50
salas de chat irc	1	50
canalchat trujillo	0	50
chat aegentino	0	50
chat anonimo vigo	0	50
chat argentina mas de 40	0	50
chat de ccs	0	50
chat de murcia españa	0	50
chat de sexo irc	0	50
chat el alto	0	50
chat graits	0	50
chat mendoza dale	0	50
chat net castellon	0	50
chat online.org	0	50
chat random lima	0	50
chat terra alternativo zaragoza	0	50
chat uruguayos	0	50
chateat	0	50
chatiquique	0	50
chats sin reguistro gratis	0	50
chueca valencia gay	0	50
dale chat cordoba	0	50
donde chatear gratis	0	50
el chat de bogota gratis	0	50
gays cruising chat alicante	0	50
irc movil	0	50
que significa chat hot en español	0	50
sadochat	0	50
sex chat medellin	0	50
viarosario.org gay	0	50
chat bdsm espana	47	49
chatear con maduras gratis	25	49
chat hot sin reglas	11	49
chat rubi	11	49
gay pontevedra	11	49
chat almería sin registro gratis	9	49
lesbianas en puebla	9	49
basocam	8	49
páginas calientes	8	49
bazoocam chat	7	49
chat calientes con mujeres	7	49
chat sexoso	7	49
chat caliente con trans	6	49
chat mar del plata gratis	6	49
chat paraguay online	5	49
contactos gay gipuzkoa	4	49
lesbianas en directo	4	49
chat maxmorra	3	49
chat mayores 40	3	49
amigos online gratis	2	49
chat con mujeres ecuador	2	49
chat cristiano chile	2	49
chat en peru	2	49
chat gratis latinos	2	49
chat latin hot	2	49
chats de puerto rico	2	49
hablar con lesbiana	2	49
chat gratis camara	1	49
chatear bolivia	1	49
chst gay granada	1	49
cht ags	1	49
cibersexogratis	1	49
latin chat gay madrid	1	49
webchat tijuana	1	49
andalucia chat	0	49
chat alborada radio	0	49
chat argentina chatea con argentinos gratis	0	49
chat extremadura quiero	0	49
chat gay iztapalapa	0	49
chat gay net	0	49
chat ozu amistad	0	49
chat paisa gratis	0	49
chat para lesvianas	0	49
chatargebtino	0	49
chatbaranquilla	0	49
chateagratis sexo	0	49
chatear rd	0	49
chateargentina	0	49
chatfriensd	0	49
chats en venezuela en vivo	0	49
chats usa gratis	0	49
chatzao	0	49
dalechaea	0	49
dalechatea mexico	0	49
dalechatea.em	0	49
delchatea	0	49
el chat rosario	0	49
gay_cadiz	0	49
guanajuato chat	0	49
internettico chat	0	49
quiero chat irc	0	49
sitio de chat en linea paraguay	0	49
chatzona bolivia	38	48
you're banned! email http://www.chatzona.org/contacto with the error line below for help.	30	48
chatsumisa	22	48
chatear con mujeres maduras gratis	21	48
chat privado hot	19	48
chicas trans chat	19	48
gays tarragona	18	48
follar en barcelona gratis	12	48
mujeres calientes para chatear	11	48
videollamadas online gratis con desconocidos	11	48
cruising pagina	10	48
omegle online chat	10	48
chat caliente barranquilla	9	48
chat online privado	9	48
chat de lesbinas	8	48
chat gay espana	8	48
chatear con japonesas	8	48
sex chat madrid	8	48
canarias sexo	7	48
conversar con personas	7	48
omegle xxx español	7	48
chat lesbianas lima	6	48
chay gay gratis	6	48
chat chicos	5	48
chat follar gratis	5	48
chat lesbianaa	5	48
chat anonimo barcelona	4	48
chat de chueca.com	4	48
cibersexo gay gratis	4	48
citas gays	4	48
chat de seco	3	48
chat hot mundial	3	48
chat de alcoy	2	48
chat gay chueca euskadi	2	48
chat lesbianss	2	48
chatiapues móvil	2	48
chacjipen	1	48
chat de pareja	1	48
chat hispoano	1	48
chat lesbico argentino	1	48
chat ligar bogota	1	48
cht ecuador	1	48
dalechea	1	48
salas de chat gays	1	48
videochat cristiano	1	48
chat argentini	0	48
chat capital	0	48
chat chueca madris	0	48
chat ciruña	0	48
chat de lesbianas maduras latinas	0	48
chat gay peru gratis	0	48
chat gay ver	0	48
chat granada hispano	0	48
chat gratis con foto	0	48
chat hispano entrar	0	48
chat jalisco clasico	0	48
chat linea gratis	0	48
chat movil valencia	0	48
chat ya chueca	0	48
chateame cba	0	48
chatgratis vigo	0	48
chats con mexicanos	0	48
chst bolivia	0	48
cjatgratis	0	48
contacto gay cruising tarragona	0	48
dalehcta	0	48
gays en guipúzcoa	0	48
hispano chats	0	48
puebla chat g	0	48
sala dechat	0	48
salas de chat sin registro gratis en español	0	48
serio chat	0	48
spainchat gay sevilla	0	48
geys toledo	34	47
chat canarias las palmas ligar	17	47
videochat con mujeres maduras	17	47
casadas chat	14	47
tapatios com buscar pareja	12	47
chat gratis en madrid	11	47
conocer gente hot	11	47
chat gijon gratis	10	47
gay chat cádiz	10	47
contactos gays gratis	9	47
morbochat	9	47
chat hot con trans	8	47
dale chat hot	8	47
línea de chat gratis	8	47
omegle sin registro mujeres	8	47
tinder online gratis sin registro	8	47
citas sin registro gratis	7	47
paginas para chatear con personas	6	47
chat caliente puebla	5	47
chat ibiza gratis	5	47
chat para trans	5	47
mardelchat mar del plata	5	47
chat con venezolanas	4	47
chat gdl gay	4	47
chat hispano no funciona	4	47
chat sexo gay asturias	4	47
chatea sin registro	4	47
kiwi chat alicante	4	47
chat gay las palmas gratis	3	47
chat para conocer lesbianas	3	47
chatdriends	3	47
gay cadiz chat	3	47
chat hot medellín	2	47
chatear con hombre	2	47
nudist chat	2	47
chat en zona sur	1	47
chat frie	1	47
chat gay aragon chueca	1	47
chat gay gratis hispano	1	47
chat gratis la paz bolivia	1	47
chat online sin registrarse	1	47
chateagratis chihuahua	1	47
chatear gratis mujeres	1	47
chatear gratis y hacer amigos	1	47
chatmadri	1	47
chay gay puebla	1	47
cht terra	1	47
cornudos chat online	1	47
gay joven busca maduro	1	47
gente xhat	1	47
misichat	1	47
omeglesin registro	1	47
sala chat ecuador	1	47
sudca chat	1	47
chat chueca_val	0	47
chat de amor org	0	47
chat gracias medellín	0	47
chat gratis nl	0	47
chat latino en usa	0	47
chat libre arg	0	47
chat soledad	0	47
chateamos barcelona	0	47
chato euskadi	0	47
chats les	0	47
chattucumano	0	47
el chat de yucatan	0	47
gente chat paraguay	0	47
irc tarragona	0	47
quierochat irc	0	47
chat de sexo las palmas de gran canaria	42	46
maduras chat hot	25	46
chat maduritas	22	46
gays mar del plata	22	46
chat de lesbianas peru	19	46
chat lésbico online	17	46
hot gratis	16	46
maduras videochat	15	46
páginas para chat hot	15	46
chat en línea para conocer gente	13	46
chat hot cornudos	13	46
chat con maduros gay	12	46
chat lésbicos	10	46
chat de maduros	9	46
chat san juan argentina	9	46
sexo gay albacete	8	46
contactos gays salamanca	7	46
chat con mujeres mayores gratis	5	46
cornudo chats	5	46
sitios de chat de sexo	5	46
chat chicas lesbianas	4	46
chats mallorca	4	46
amigos.com chat gratis en español	3	46
chat argetina	3	46
chat chat gratis	3	46
chat en zaragoza	3	46
chat gratias	3	46
maduras en la web	3	46
chat bisex madrid	2	46
chat en granada	2	46
chat gay gratis chueca	2	46
chat hombres mayores	2	46
chat para ligar gratis sin registro	2	46
chat alicante geomundos	1	46
chat chue	1	46
chat de ceuta	1	46
chat en jerez	1	46
chat gratis orense	1	46
chatchuecaaragon	1	46
dalechatea.me	1	46
irc baleares	1	46
latinchat dominicano	1	46
chat alternativo bogota	0	46
chat aragon gay	0	46
chat arg peru	0	46
chat bajacalifornia	0	46
chat bofota	0	46
chat cita	0	46
chat de queretaro arteaga	0	46
chat de salas gratis	0	46
chat irc sexo	0	46
chat lgtb sin registro	0	46
chat miami gente	0	46
chat terra girona	0	46
chatea gratis trans	0	46
chatear en santander	0	46
chatear gratis en españa	0	46
chatgitanobcn	0	46
chst asturias	0	46
crusing contactos gay	0	46
dale chat net	0	46
el chat terra	0	46
elchar	0	46
gentechat cadiz	0	46
gratis chat online	0	46
https zonainvita com chat	0	46
misiochar	0	46
paginas para chatear sin registrarse	0	46
spain chat gay sevilla	0	46
chatzons 50	41	45
chat de milf	39	45
chatzna	21	45
chat gratis con mujeres calientes	15	45
conocer mujeres mayores gratis	15	45
contactos con parejas	15	45
sexo gratis malaga	14	45
chat nocturno	12	45
chats gratis sexo	10	45
paginas para chatear con trans	10	45
sexo gratis chat	10	45
bazcam	9	45
chat texto omegle	9	45
webcam online con personas	9	45
chat gay brasil	8	45
chat gay gratis cibersexo	8	45
charlas calientes	7	45
chats picantes	7	45
chat gay en españa	6	45
chat hot desconocidos	6	45
ligo chat gratis	6	45
chat en venezuela gratis	5	45
chat hiy	5	45
chat viejos	5	45
gaycruising chat	5	45
sexomadrid	5	45
travestis en linea	5	45
chat sem registro	4	45
public chat	4	45
salas de chat para ligar	4	45
viarosario chat gratis	4	45
chat bondage	3	45
chat chiriqui	3	45
chat hot aguascalientes	3	45
chat hot onli	3	45
gay chat chile	3	45
chat con personas hot	2	45
chat hermosillo gratis	2	45
chat.argentino	2	45
coruña chat	2	45
latincha	2	45
páginas de citas gratis sin registro	2	45
chat gratis cusco	1	45
chat libres	1	45
chat peru online	1	45
chat villahermosa	1	45
mza chat	1	45
sexo chat bogotá	1	45
cha thot	0	45
chat agy	0	45
chat caliente.org	0	45
chat chueca_valencia	0	45
chat con cam asturias	0	45
chat en linea cali	0	45
chat en miami florida	0	45
chat esoanol usa	0	45
chat friends malaga	0	45
chat gay online dale	0	45
chat gay sexo madrid	0	45
chat hispano gay la rioja	0	45
chat hispano leon	0	45
chat hot españa latin	0	45
chat iquique alto hospicio	0	45
chat lesbia	0	45
chat malagueño	0	45
chat sx	0	45
chat terra español	0	45
chatarg.con	0	45
chatea usa	0	45
chatear en táchira	0	45
chatfriendsdf	0	45
cruising tarragona chat	0	45
dale cbat	0	45
dalea chat caliente	0	45
el chat ecuador gratis	0	45
fdalechat	0	45
gentechat bdsm	0	45
latinchat gratis peru	0	45
latinochat	0	45
quiero chat.com	0	45
salas chat usa	0	45
chatzona contacto	31	44
chat perú gay	20	44
chatear con señoras	18	44
llamada con mujeres solteras gratis	17	44
contactos gays castellon	16	44
hablar con señoras	16	44
video chat con maduras	16	44
chat con mujeres maduras gratis	15	44
chat hot con personas	15	44
chat con chicas calientes gratis	11	44
contactos gay en tenerife	11	44
páginas para chatear hot	11	44
video chat caliente	11	44
chat hot mty	10	44
chat hot peru	10	44
chat virtual hot	9	44
conocer amigos en linea	9	44
chat con mujeres gratis sin pagar	8	44
chat gratuito portugal	8	44
chats para tener sexo	8	44
chat gratis palma de mallorca	7	44
lesbianas para chatear	7	44
chat hot grstis	6	44
para chatear con amigos	6	44
páginas hot	6	44
chat arabe	5	44
chat internet	5	44
citas gratis sin registro	5	44
parejas liberales gratis	5	44
chat en vivo españa	4	44
chatgayalicante	4	44
xhathispano	4	44
chat caliente latino	3	44
chat gay vlc	3	44
gays en cuenca	3	44
paginas chatear gratis	3	44
bazoocma	2	44
canal chat cornudos	2	44
chat con fotos gratis	2	44
chat costa rica sin registro	2	44
chat en argentina gratis	2	44
chat lesbianas cordoba	2	44
chat ligoteo	2	44
chat para ligar con mujeres	2	44
chat sexo euskadi	2	44
chatcadizgratis	2	44
chatchuecabarcelona	2	44
chatiapued	2	44
chatsfriens	2	44
kiwi irc chat hispano	2	44
salas de char	2	44
baxocam	1	44
bazzomcam	1	44
chat chihu	1	44
chat cruising barcelona	1	44
chat guadalajara mexico	1	44
chatgay bcn	1	44
chats espirituales	1	44
chats sin registrarse	1	44
chatusa	1	44
chatwa gratis	1	44
chueca cataluña	1	44
gay chat granada	1	44
omeglepor	1	44
tarot chat online gratis	1	44
cam gratis parejas españolas	0	44
chat amas y sumisos ozu	0	44
chat arg chile	0	44
chat badajoz kiwi	0	44
chat chaco-corrientes	0	44
chat chueca gay bcn	0	44
chat cordoba capital	0	44
chat dale latino	0	44
chat de cali es cali	0	44
chat de monagas	0	44
chat eroric	0	44
chat follar online	0	44
chat fr	0	44
chat hispano salas	0	44
chat hot mazmorra	0	44
chat mazmorra.	0	44
chat nogota	0	44
chat norteamericano	0	44
chat puente alto	0	44
chat terra gay asturias	0	44
chat travestis hispano	0	44
chatarg chile	0	44
chatear con todo el mundo	0	44
chateargratis mas de 40	0	44
chatotnet	0	44
chats en nuevo leon	0	44
chatten gratis	0	44
dale chat mas de 40	0	44
dale chatea chile	0	44
el chat leon	0	44
el chat sonora	0	44
misiichat	0	44
misión chat	0	44
videochat gratis sevilla	0	44
xhat bogota	0	44
zona españa	0	44
bdsm chat zona	42	43
chat zona sex	42	43
chat zona mas de 60	36	43
chat sexo zona	26	43
llamadas calientes online	23	43
chat con maduras calientes	21	43
cruising online	19	43
chat rusas	17	43
chat para sexo gratis	15	43
omegle.com gratis	15	43
chat de lesbianas online	12	43
chieca canarias	12	43
contactos gay en valencia	10	43
sitio de chat gratis	10	43
bazoo chat	9	43
chat calientes online	9	43
chat con chicas hot gratis	9	43
camsurf navegador	8	43
chat en vivo con chicas gratis	8	43
chat kiwi cantabria	7	43
chat sexo caceres	7	43
mujeres cachondas para hablar	7	43
chat gratis con mujeres sin registro	6	43
contactos gay galicia	6	43
web cornudos	6	43
video chst gay	5	43
chat gay nuevo leon	4	43
chat hot de lesbianas	4	43
contacto gay cáceres	4	43
vazoocam	4	43
chat sexyal	3	43
chat totalmente gratis	3	43
chat vizcaya gratis	3	43
irc webchat kiwi	3	43
chat con milfs calientes	2	43
chat cruising cadiz	2	43
chat en linea costa rica	2	43
chat online mendoza	2	43
chat terra latino	2	43
chat.net gratis	2	43
chats argentino	2	43
chats en linea sin registrarse	2	43
chatsfrienda	2	43
citas rosario gratis	2	43
gay chat chueca barcelona	2	43
chad de amigos	1	43
chat +18 caliente	1	43
chat amigos bogotá	1	43
chat amistad mas de 40	1	43
chat hay online	1	43
chat lesb arg	1	43
chat memdoza	1	43
chat seco gratis	1	43
chat terra gratis en español	1	43
chatear adultos	1	43
chatgay uruguay	1	43
chtealo	1	43
dale chs	1	43
dalechatmontevideo	1	43
hathispano	1	43
irc kiwi madrid	1	43
salamanca chat	1	43
santiago chat	1	43
site:chatzona.org	1	43
cgat sexo	0	43
char friends	0	43
chat boliviaa	0	43
chat cantabria gr	0	43
chat chicas euskadi	0	43
chat gai cibersexo	0	43
chat gay sevila	0	43
chat gratis region metropolitana	0	43
chat gratis y sin registro en español	0	43
chat gratisgay	0	43
chat gsy rosario	0	43
chat limeño gratis	0	43
chat movil gratis sin descargar	0	43
chat terra madrid más de 50	0	43
chat venezuela dale	0	43
chatcosta	0	43
chateagratis caceres	0	43
chatear con gente de canarias	0	43
chatgratis mendoza	0	43
dake chatea	0	43
dale xhar	0	43
ddalechat	0	43
el chat medellin	0	43
malaga chat gratis	0	43
quierocjat	0	43
todo chat gratis	0	43
visrosario	0	43
xat lleida	0	43
chat zona trujillo perú	41	42
chatzlna	40	42
chat sala mas de 40	36	42
chat zona. org sex	36	42
comandos chatzona	33	42
omegle por chat	21	42
trans chats	15	42
chat caliente con mujeres gratis	14	42
milf chat	14	42
chats con mujeres gratis sin registro	11	42
contacto gay huelva	9	42
chat anonimo online	8	42
chats para chatear	8	42
omegle xxx	8	42
video chat colombia	8	42
contactos gays en alicante	7	42
chst les	6	42
pareja liberales	6	42
chat sexo málaga	5	42
chat la linea de la concepcion	4	42
lesbianas perú	4	42
chat extranjeros	3	42
chat gay de valencia	3	42
chat irc hispano webchat	3	42
chat lesb gratis	3	42
chat manacor	3	42
chat puerto rico para celular	3	42
chta de sexo	3	42
gay chat venezuela	3	42
quiero chatear con alguien	3	42
canales para chatear gratis	2	42
chat anonimo granada	2	42
chat gsy tenerife	2	42
chatear asturias	2	42
conversaciones calientes online	2	42
gay_sevilla chat	2	42
chat canal amor	1	42
chat en lima peru	1	42
chat hispano - webchat kiwi	1	42
chatgay argentina	1	42
chatgay españa	1	42
citas gay puebla	1	42
contactos en tegucigalpa	1	42
dalexhag	1	42
kiwi gay chueca valencia	1	42
quierochat chueca barcelona	1	42
canal amistad	0	42
canaltucumanoschat	0	42
chachiprn	0	42
char uy	0	42
chareagratis	0	42
chat argentino40	0	42
chat chat	0	42
chat cruisng españa	0	42
chat de los angeles	0	42
chat friends bogotá	0	42
chat frienfs	0	42
chat gay mvd	0	42
chat gey uruguay	0	42
chat gratis menorca	0	42
chat gratis sin registro neuquén	0	42
chat mexico jalisco	0	42
chat org barcelonq	0	42
chat parejas follando	0	42
chat prru	0	42
chat querétaro centro	0	42
chat ribera del duero	0	42
chat salto	0	42
chat sexual hisp	0	42
chat uruguya	0	42
chatchuecalaspalmas	0	42
chatea arg	0	42
chatea gratis oaxaca	0	42
chatear amigos gratis	0	42
chategartis	0	42
chatfriends.	0	42
chatiapues gay	0	42
chst mexico	0	42
icr hispano webchat	0	42
ozu chat maa de 60	0	42
quiero chat pr	0	42
sala de chat sin registro	0	42
salas de chat de lima	0	42
sonico chat	0	42
viarisario	0	42
chqtzona	38	41
http://www.chatzona.org/contacto with the error line below for help.	33	41
chat random sin censura	17	41
swingers chat	17	41
chat gay caliente	13	41
chat señoras	13	41
chat con personas calientes	11	41
videollamadas hot online	11	41
chats online sin registro	9	41
chats para hablar con personas	9	41
xxx chat	8	41
chat de encuentros	7	41
chateando mexico	7	41
chat caliente online sin registro	6	41
chat lebiana	5	41
chat navarra gay	5	41
chats de mujeres calientes	5	41
chat de amigos en español	4	41
chat gay aguascalientes	4	41
chat gay valencia españa	4	41
vidoe chat gay	4	41
vudeochat gay	4	41
bazofam	2	41
chap gratis	2	41
chat adol	2	41
chat con desconocidos gay	2	41
chats online gay	2	41
el chat gay méxico	2	41
chag gratis	1	41
chat de lesbianas on line	1	41
chat gratis santander	1	41
chat hot salas	1	41
chat hot santa fe	1	41
chatgratis gay	1	41
chst gay tenerife	1	41
dale chat murcia	1	41
hot chat cr	1	41
salas de chat en méxico	1	41
salas de chat sexo	1	41
16 años chat	0	41
bgta chat	0	41
chat casadas españa gratis	0	41
chat coruña hispano	0	41
chat de hombre	0	41
chat del norte	0	41
chat elchat. net	0	41
chat gratis cáceres	0	41
chat gratuitos sin registrarse	0	41
chat hispano españa	0	41
chat lucena	0	41
chat movil malaga	0	41
chat quiero valladolid	0	41
chat terra lesbi	0	41
chatear barcelona gratis	0	41
chatfriend méxico	0	41
chattv gratis	0	41
chaturuguayo	0	41
chueca com chat	0	41
dalechat costa rica	0	41
dalechat puebla	0	41
dále chat caliente	0	41
euskal chat	0	41
fatayat chat habibti	0	41
latin chat pr	0	41
paginas chatear	0	41
quoerochat	0	41
salas de chat hispano	0	41
trioxhat	0	41
chatzona nudismo	40	40
dale chat eus	38	40
char zona	36	40
hatzona	34	40
vhatzona	33	40
chat gay cordoba españa	31	40
sexchat barcelona	30	40
maduras chats	22	40
chat rusas que hablen español	20	40
sex chat barcelona	20	40
videollamada hot sin registro	20	40
gay palencia	18	40
chat caliente con maduras	15	40
contactos gays lugo	15	40
gente liberal	15	40
gays castellon	14	40
chat sexo gratis zaragoza	13	40
videollamadas gratis con desconocidos	13	40
chicas chat gratis	11	40
videollamada con mujeres hot	11	40
chat sin registro méxico	9	40
mujeres hot para hablar	9	40
chat con chicas solteras	8	40
chas calientes	7	40
chat en vivo bogota	7	40
chatear gratis en vivo	7	40
bozoocam	6	40
cachipen calo dikela	6	40
chst hot gratis	6	40
chat anonimo colombia	5	40
encuentro gay rosario	5	40
omegle sin iniciar sesión	5	40
videochat online gay	5	40
chats calientes para leer	4	40
hablar gay	4	40
lesbi chat	4	40
bazoocam.	3	40
chat anónimo hot	3	40
chat hoy online	3	40
chat libre gratis	3	40
chat malaga kiwi	3	40
chat sexual anónimo	3	40
chat sin registrar	3	40
pagina chat	3	40
random chat gay	3	40
chat travestis y transexuales	2	40
chatea grátis	2	40
salas de chat gratis nuevo leon	2	40
c h a t r a v e s t i	1	40
chat canarias chueca	1	40
chat chatear cali	1	40
chat de chile y regiones	1	40
chat hispano gay granada	1	40
chat online gente	1	40
chat sumisa amo	1	40
chat.chueca	1	40
chatear con latinos	1	40
chatlebiana	1	40
irc hispano gay coruña	1	40
misiochat posadas misiones	1	40
sala amistad	1	40
salas de chat bogotá	1	40
www.chatiapues.com medellin	1	40
callao online	0	40
canal chat chihuahua	0	40
canal chat chueca	0	40
chaat hispano	0	40
chat en tucumán	0	40
chat follar huelva	0	40
chat gay cap fed	0	40
chat gay granads	0	40
chat gay vigo	0	40
chat gratis de rosario	0	40
chat gratuito sin registro	0	40
chat hispano caceres	0	40
chat hispano girona	0	40
chat irc webchat	0	40
chat mont	0	40
chat para hacer amigos de todo el mundo	0	40
chat sexogratis	0	40
chat.chateagratis.net las palmas	0	40
chatbpgota	0	40
chatcuckold	0	40
chatear mexico dale	0	40
chatfroends	0	40
chatgay cádiz	0	40
chatgratis colombia	0	40
chatgratisbizkaia	0	40
chueca chat alicante	0	40
dale chatea uruguay	0	40
dale chsr	0	40
dalechateaurug	0	40
dsle char	0	40
medellín chat	0	40
salas cibersexo	0	40
sdalechat	0	40
terra chat gratis españa	0	40
www.chatealo.cl	0	40
www.salas de chat	0	40
xat sex bcn	0	40
cjat zona	39	39
chatdeparejasliberales	37	39
chat sumusas	33	39
chat anónimo omegle	20	39
omegle chat escrito	17	39
videochat nudista	16	39
chat en línea gratis con mujeres	11	39
chat con mujeres online	10	39
chat en vivo colombia	10	39
chat porno gratis sin registro	10	39
chat gay de cuba	9	39
chat live colombia	7	39
chat casadas españa	6	39
chat+60	6	39
contactos cantabria	6	39
chat gratis sin registrarte	5	39
chata calientes	5	39
chát hot	5	39
gay chatfriends	5	39
bazovam	3	39
chat alcala de guadaira	3	39
chat gay cataluña	3	39
chat lesbianas con foto	3	39
chat with friends	3	39
contactos bi	3	39
free chat español	3	39
baoocam	2	39
chat bazoocam	2	39
chat canarias tenerife	2	39
chat de sexo bogotá	2	39
chat gay chaco corrientes	2	39
chat lat	2	39
chat tarvesti	2	39
cibersexo online gratis	2	39
gente chay	2	39
rosario gay chat	2	39
sala chat sexo	2	39
sex chat hot	2	39
argentina chat gratis	1	39
chat can gay	1	39
chat conocer gente madrid	1	39
chat en linea guatemala	1	39
chat encuentros sexuales madrid weby	1	39
chat gratis con chicas sin registro	1	39
chat irc alicante	1	39
chat jarn	1	39
chat terra alternativo cordoba	1	39
chat travésti	1	39
chat venezuela.	1	39
chatdake	1	39
chatgayuruguay	1	39
chathispano chueca madrid	1	39
chayfriends	1	39
elchat peru	1	39
gay chat mex	1	39
mexico gay chat	1	39
canal chat lesbiana	0	39
canal chat merida	0	39
chad gratis montevideo	0	39
chat arg.	0	39
chat calu	0	39
chat chipen	0	39
chat entre gitanos	0	39
chat friend gay	0	39
chat gay salas de chat gratis	0	39
chat gay-cruising	0	39
chat gratis sin registro cali	0	39
chat hispao	0	39
chat poesia	0	39
chat por l	0	39
chateagratis tucuman	0	39
chatgay latino	0	39
chatralo	0	39
chats en mexico	0	39
chqt hispano	0	39
dalechatea argentina	0	39
ddale chat	0	39
el chat español	0	39
elchat salta	0	39
elchat,com	0	39
friends de chat	0	39
gaychat tenerife	0	39
paysandú chat	0	39
terra chay	0	39
via rosario red hispano	0	39
chadzona	38	38
zona chat colombia	35	38
pagina para hablar con mujeres mayores	30	38
chats swingers	17	38
lesbianas bolivia	17	38
conversaciones de cornudos	12	38
mujeres calientes en linea	9	38
chat privado gay	8	38
videollamada gay gratis	7	38
chat en lonea	6	38
chat seinger	6	38
habla con gente online	6	38
chat de infieles	5	38
chat de sexo en español	5	38
chat online jovenes	5	38
chat porno cornudo	5	38
chat puebla mujeres	5	38
elchatenlinea	5	38
chat ahora	4	38
chat con hombres solteros	4	38
chat en vivo gay	4	38
chat online gratis gay	4	38
hchat hot	4	38
video hat gay	4	38
chat gay granafa	2	38
chat lesbianad	2	38
chat tucumanos whatsapp	2	38
chst mazmorra	2	38
mas 50	2	38
charla hot gratis	1	38
chat barran	1	38
chat de amistad mas de cuarenta	1	38
chat en estados unidos	1	38
chat gay irc madrid	1	38
chat terra barcelona más de 50	1	38
chats de peru	1	38
cjat bogotá	1	38
latinchat mazmorra	1	38
murciachat	1	38
pagina chat gay	1	38
salas de chat barranquilla	1	38
bazooocam	0	38
bozzacam	0	38
chachip	0	38
chat cba gratis	0	38
chat cheuca	0	38
chat cornu	0	38
chat dale bs as	0	38
chat dale salta	0	38
chat en linea honduras	0	38
chat gay castilla y leon chat hispano español	0	38
chat gay redspana	0	38
chat hispano kiwiirc	0	38
chat ligar granada	0	38
chat naucalpan	0	38
chat ouebla	0	38
chat so ora	0	38
chat terra sala barcelona	0	38
chat ueuguay	0	38
chatdebogota	0	38
chatea gratis lima	0	38
chatea mex	0	38
chateando gratis.org	0	38
chatear gratis sin	0	38
chst maldo	0	38
contactos gay cruing	0	38
contactos gay cruisng	0	38
dalechatweb	0	38
misiochat gratis	0	38
páginas de contacto gratis en españa	0	38
radiopatiodemarujas	0	38
salas d chat bogota	0	38
salas de chat latino	0	38
sudcalifornianoschat	0	38
vhat hoy	0	38
viarosarii	0	38
web chat to dalw	0	38
chta zona	31	37
chat zona adolescentes	30	37
chat hot con hombres	20	37
live maduras	18	37
chat con travestis gratis	17	37
gays castellón	16	37
hablar con señoras mayores	15	37
contactos gays malaga	14	37
chat random español	12	37
hablar con transexuales	11	37
lesbianas en lima	11	37
chat chueca terra valencia gay kiwi	10	37
chat online adultos	9	37
chats hotd	9	37
contactos gay en murcia	9	37
contactos hot	9	37
gays en lugo	9	37
chat huelva sin registro	8	37
chat porno trans	8	37
omegle para adolescentes	8	37
tapatios.com buscar pareja	8	37
chat europa gratis	7	37
chatear con milf	7	37
mujeres para chatear gratis	7	37
omegle gratuito	7	37
chat cristianos evangelicos	6	37
chatgay gdl	6	37
chatsgay	6	37
hablar con adolescentes online	5	37
mensajear con mujeres hot	5	37
omegle caliente	5	37
conoce gente de tu zona	4	37
contacto sexo gratis	4	37
contactos gays vizcaya	4	37
gay leon	4	37
sex chat gay	4	37
sixo gratis	4	37
chat capital federal	3	37
chat de.sexo	3	37
chat sexo almeria	3	37
contactos gay ibiza	3	37
gay hispano	3	37
hablar con mujeres hot gratis	3	37
chat cornudis	2	37
chat para conocer chicas	2	37
chat sueca	2	37
chueca aragón	2	37
cruising melilla	2	37
sitios para hablar	2	37
chat andaluz	1	37
chat caliente en malaga	1	37
chat cirnudos	1	37
chat con transvetis	1	37
chat en.comlinea	1	37
chat hispano barcelona gratis kiwi	1	37
chat mas	1	37
chatgrayis	1	37
chst jot	1	37
contactos gay tenerife sur	1	37
dalechateale	1	37
gays chueca asturias	1	37
omogle chad	1	37
video caht gay	1	37
xhatgratis	1	37
chat adoles	0	37
chat avenua	0	37
chat boogta	0	37
chat de lesbianas bs as	0	37
chat de salas	0	37
chat en vivo mendoza	0	37
chat friedns	0	37
chat gay castilla y leon chat hispano	0	37
chat gay cobersexo	0	37
chat gay granda	0	37
chat gratis gratis	0	37
chat gratis para movil	0	37
chat hispano jaen	0	37
chat mas de60	0	37
chat nufismo	0	37
chat sin censura hispano	0	37
chat terra zar	0	37
chatarg lesbianas	0	37
chatea con argentina chats	0	37
chatea lesbianas	0	37
chatear 50	0	37
chatear gratis tucuman	0	37
chatear gratis yuc	0	37
chatearg 40	0	37
chateargargentina	0	37
chatgayespaña	0	37
chathabibti	0	37
chattucumanos	0	37
chst salta	0	37
cjat colombia	0	37
dale chat guayaquil	0	37
dikelame chat gitano	0	37
el chat de cuba	0	37
el chat gay de cordoba	0	37
irc chueca castilla y leon	0	37
irczona	0	37
paranachat com	0	37
quierichat	0	37
sala de chat en barranquilla	0	37
salas de xhat g4atis argentina	0	37
terra almeria chat	0	37
terra chat barcelona org	0	37
terra chat chueca barcelona	0	37
www.viarosario.com/chat	0	37
chatozna	35	36
chat online gay bilbao	31	36
chat sala españa	22	36
zona chat lima callao	20	36
sexo gratis en mi zona	15	36
hablar con gente por chat	14	36
videochat colombia	14	36
chat en vivo trans	13	36
chat japonesas	13	36
chat señoras mayores	13	36
chat con mujeres sexo	12	36
mujeres calientes chats	12	36
cibersexo online	11	36
hablar con mujeres sexo	11	36
chat para hablar con chicas gratis	10	36
chat viarosario más de 40	10	36
chat whatsapp gratis	10	36
contactos huelva	10	36
hablar con chicas hot	10	36
sexo madrid chat	10	36
chat con cámara y micrófono	8	36
chat galicia gay	8	36
chat online con chicas	8	36
conocer mujeres solteras whatsapp gratis	8	36
omegle latino	8	36
chat con argentinas	7	36
chat gratis amigos	7	36
chat gratuito sem registo	7	36
chat rooms español	7	36
sexo online chat	7	36
chat mazmorra chateagratis	6	36
chat online bdsm	6	36
gays en girona	6	36
webcam online chat	6	36
chat sexo gratis colombia	5	36
contactos gay vitoria	5	36
madura gratis	5	36
salas de chat monterrey	5	36
salas hot	5	36
chat con camara gratis online	4	36
chat peru trujillo	4	36
chat publico para hablar	4	36
chatbogotá	4	36
bezocam	3	36
chat internacional gratis en español	3	36
chatear con gay gratis	3	36
contactos gay la rioja	3	36
dale chat caliente	3	36
vidio chat gay	3	36
web sumisas	3	36
chat chicago en espanol	2	36
chat con adultos	2	36
chat cuu	2	36
chat de sexo gratuito	2	36
chat gaytenerife	2	36
chat lesbianas arg	2	36
chatss	2	36
chst murcia	2	36
omegle random	2	36
vhst hot	2	36
chat chueca bilbao	1	36
chat ciber sexo gay	1	36
chat en chile	1	36
chat gay aleatorio	1	36
chat gay arona	1	36
chat irg	1	36
chats totalmente gratis	1	36
dale chat argentina	1	36
gay en vizcaya	1	36
kiwiirc hispano chat	1	36
sexo gay gratis albacete	1	36
videochat gat	1	36
chat argentinl	0	36
chat bogota dale	0	36
chat cabtabria	0	36
chat chuecs	0	36
chat dale usa	0	36
chat de lesby	0	36
chat espana gratis	0	36
chat friends bogota	0	36
chat friends lima	0	36
chat gay mañaga	0	36
chat gitano sin java	0	36
chat hispano chueca aragon	0	36
chat hot que es	0	36
chat kiwi granada	0	36
chat montev	0	36
chat quiero huelva	0	36
chat salra	0	36
chata friends	0	36
chateachat.org	0	36
chatear cali	0	36
chatear en asturias gratis	0	36
cruising chat navarra	0	36
dale chah	0	36
dalechaat	0	36
dalechagea	0	36
dalechatea ecuador	0	36
el chat de españa	0	36
gats cruising	0	36
gay chat hombres solteros	0	36
hispano chat gay tgn	0	36
hispano cornudos	0	36
irc chat 40	0	36
ircchat	0	36
ircwebchat	0	36
latinchat en español	0	36
movil chat irc	0	36
sala chats	0	36
www.elchattijuana	31	35
chat con viejas	22	35
chat lesbianas monterrey	21	35
chatzo	18	35
contactos gays en pontevedra	15	35
chats con gente	14	35
gay corrientes	14	35
videollamada con trans gratis	14	35
chat online gratis hot	13	35
gay cordoba	13	35
chat caliente con chicas	12	35
chat sex madrid	12	35
gays jaen	12	35
chat caliente maduras	11	35
chat hot on line	11	35
chicas calientes para hablar	11	35
videollamadas hot gratis	11	35
chat lesbianas barranquilla	10	35
contactos gay en toledo	10	35
gente hot	10	35
paginas de citas sin registro	10	35
chat sexo travestis	9	35
chat online para conocer gente	8	35
contacto gay zaragoza	8	35
hablar con gente chat	8	35
chat hot con chicas gratis	7	35
chat adultos hot	6	35
chat con cubanas	6	35
brujos online gratis	5	35
chat citas gratis	5	35
chat hot cordoba	5	35
chat online de sexo	5	35
charla caliente	4	35
chat cerca	4	35
chat tarot	4	35
chatfrirnds	4	35
conocer gente gay sin registro	4	35
mujeres para hablar	4	35
chast gratis	3	35
chat buenos aires zona oeste	3	35
chat chueca terra barcelona	3	35
chat de gey	3	35
chat erotico español	3	35
chat las oalmas	3	35
chat libre.	3	35
chat tipo terra	3	35
chat viejos verdes	3	35
chatea valencia	3	35
chatear gratis porno	3	35
bazoocaam	2	35
chat camsurf	2	35
chat con mujeres gratis peru	2	35
chat gay obline	2	35
chat gratis campeche	2	35
chat gratis en córdoba capital	2	35
chat gratis gay madrid	2	35
chat ht	2	35
chats guadalajara	2	35
chats maduros	2	35
chats santiago	2	35
conocer gente en chat	2	35
free gay chat	2	35
sala de chat chile	2	35
salas de chat travestis	2	35
chat chueca madrid irc	1	35
chat de chueca kiwi	1	35
chat gay malaga kiwi rc	1	35
chat politica	1	35
chat religión argentina	1	35
chat.oeg	1	35
chatdelima	1	35
chateamos sexo	1	35
chatear con tias	1	35
chats amor	1	35
chtgratis	1	35
dale chat lesbiana	1	35
fdale chat	1	35
huelva sex chat	1	35
webchat cornudos	1	35
caht peru	0	35
chat 40 50	0	35
chat gay gratid	0	35
chat gay para ligar	0	35
chat gay ro	0	35
chat gratis gitano	0	35
chat mas de 50 andalucia	0	35
chat mujeres gustemala	0	35
chat para ligar en gdl	0	35
chat terra sala lesbianas	0	35
chat universo gay granada	0	35
chat yerra	0	35
chatchacocorrientes	0	35
chatea ya	0	35
chateamos.irc	0	35
chatgratis badajoz	0	35
chatgratis galicia	0	35
chatmovil córdoba	0	35
chats gays barcelona	0	35
chats lima	0	35
chta bogota	0	35
citas gay crusing	0	35
cjat ecuador	0	35
dalechatea.le	0	35
dalechateauruguay	0	35
dalechjat	0	35
hispanogaychat	0	35
irc kiwi moviles	0	35
latinchat30 a 40	0	35
ligar chateando	0	35
mi costa chat	0	35
persona virtual hor	0	35
sala de amistad	0	35
salasssw de chats	0	35
terra chat contactos	0	35
viarosariochatgay	0	35
xat hot	0	35
chat mujer granada	34	34
chat zone costa rica	34	34
canal de nudismo	31	34
chat ligue sevilla	22	34
chat webcam online gratis	20	34
chat hot en linea gratis	19	34
maduras en directo	15	34
chat solteras zaragoza	14	34
omegle latinoamerica	14	34
chats gratis hot	13	34
conocer maduras gratis	13	34
hablar con mujeres mayores	13	34
chatear con travestis gratis	12	34
whatsapp gay monterrey	12	34
chat gay tgn	11	34
chat jalsico	11	34
chat suecia	11	34
maduras video chat	11	34
gays monterrey	10	34
videollamada gay sin registro	10	34
chat con hombres gay	9	34
chat de trios	9	34
chat sin tegistro	9	34
chatzona .com	9	34
conocer maduras	9	34
chat cruisin	8	34
chst gay gratis	8	34
omegle solo texto	8	34
random chat online español	8	34
caht de sexo	7	34
chat gay en espanol	7	34
chat denia gratis	6	34
chat israel	6	34
grupos de chat para conocer gente	6	34
omegle chat con mujeres gratis	6	34
chat gay travesti	5	34
chat lésbico gratis	5	34
chat sexo toledo	5	34
chat sexo valencia	5	34
live lesbianas	5	34
omegle españolas	5	34
chat cornudos argentina	4	34
chat hor online	4	34
chat hot zaragoza	4	34
chat la rioja españa	4	34
chat onlie	4	34
lesbichat	4	34
sala chat gay gratis zaragoza	4	34
bazoocqm	3	34
chat cafiz	3	34
chat random arg	3	34
chat sexo ferrol	3	34
chats geys	3	34
bazoxam	2	34
camsurf sin censura	2	34
chat compostela	2	34
chat con cam gay	2	34
chat de hombres solteros	2	34
chat de sexo asturias	2	34
chat eroticos gratis	2	34
chat gay web	2	34
chat para divorciados	2	34
chatgaybogota	2	34
chats de parejas	2	34
chst zaragoza	2	34
contactos gay santander	2	34
https://chathispano.com/webchat/	2	34
omega chat gratis	2	34
telegram gay rosario	2	34
viarosario redhispana gay	2	34
xat gay bcn	2	34
chat 40 y mas	1	34
chat de peruanos	1	34
chat irc almeria	1	34
chat mujeres infieles	1	34
chat málaga sin registro	1	34
chatcampeche	1	34
chatfiends	1	34
chathot cali	1	34
chst barcelona	1	34
chst mas 60	1	34
chueca valen	1	34
churca chat	1	34
contacto gay caceres	1	34
conversar con gente	1	34
edarling	1	34
salas chat monterrey	1	34
www chat gratis	1	34
chat amor barcelona	0	34
chat cadiz adolescentes	0	34
chat de chaco	0	34
chat de irc	0	34
chat gratis en euskadi	0	34
chat lesbianas hispano	0	34
chat medellin colombia	0	34
chat murcis	0	34
chat online salta	0	34
chatea gratis coahuila	0	34
chatear sin registrar	0	34
chathot caliente	0	34
chst gey	0	34
cht d amstd	0	34
cjat dale	0	34
contactos gay sevilla chat	0	34
dalechateachile	0	34
daleechat	0	34
el chat com gratis	0	34
elchatdale	0	34
elchsy	0	34
esto es chat gay	0	34
hispachat kiwi irc	0	34
paginas de contactos gratis en españa	0	34
sala de xhat	0	34
salas de chat eroticas	0	34
sudcalifornianos chat gay	0	34
terra. chat	0	34
tucumán chat gratis	0	34
universo gay madrid	0	34
www.chataona chat sobe -ai	0	34
chat zlna	31	33
chat ona	27	33
gays lugo	18	33
chat lesbianas uruguay	17	33
mujeres en linea gratis	15	33
chats +18	13	33
chat hot gratis con mujeres	12	33
chats mujeres calientes	12	33
sexo gratis tenerife	12	33
videollamadas con maduras gratis	11	33
web citas sin registro	10	33
chat para bisexuales	9	33
chatea gratis caracas	9	33
chats con gays	9	33
gays toledo	9	33
mujeres chat online gratis	9	33
chat anónimo gratis	8	33
chat online gratis privado	8	33
omegle para adultos	8	33
chat cuenca españa	7	33
chat sexo casual	7	33
chats para sexo	7	33
contactos gay córdoba	7	33
chat online honduras	6	33
chat para hablar gratis	6	33
chat rn linea	6	33
chat sexo españa	6	33
chats nudistas	6	33
bazookan	5	33
chat con gente random	5	33
chat gratis brasil	5	33
chato online	5	33
chats oline	5	33
chatzona esoterismo	5	33
hablar online con gente	5	33
hablar.chats	5	33
chat anonimo lesbianas	4	33
chat hot live	4	33
chat para lesbiana	4	33
chat tarot gratis samuel	4	33
cruising gay gratis	4	33
gay barcelona chat	4	33
omegle live gratis	4	33
chat amigos murcia	3	33
chat chino gratis	3	33
chat hottt	3	33
chat on line gratis	3	33
chat pervertidos	3	33
chatear con viejos	3	33
pagina web para chatear gratis	3	33
cajt hot	2	33
chat argentino hot	2	33
chat de sexo en linea	2	33
chat elche gratis	2	33
chat en méxico	2	33
chat fridens	2	33
chat online lesbiana	2	33
chat sex virtual	2	33
chat xzz	2	33
dale xhay	2	33
ligar online	2	33
chat asturias chueca	1	33
chat de cristianos	1	33
chat de sexo barranquilla	1	33
chat gay gratis argentina	1	33
chat horñt	1	33
chat para ligar españa	1	33
chats terra	1	33
citas lesbianas	1	33
dalechat gratis	1	33
salas de chat de argentina	1	33
sitio para chatear gratis	1	33
www.bahienses.org	1	33
alternativa a terra chat	0	33
chat chileno gratis	0	33
chat chueca coruña	0	33
chat chueca la rioja	0	33
chat de extremadura	0	33
chat fiends	0	33
chat gay aevilla	0	33
chat gay canal	0	33
chat gay hispano barcelona	0	33
chat gay lat	0	33
chat gay puenla	0	33
chat gay sevilla h	0	33
chat gay sevills	0	33
chat gay universo sevilla	0	33
chat gitsno	0	33
chat habla hispana	0	33
chat latino miami gratis	0	33
chat morbo friends	0	33
chat peruano gratis	0	33
chat ruleta chile	0	33
chat sexo terra sin registro lésbico	0	33
chat terra b	0	33
chat us	0	33
chat web amistad	0	33
chat+barcelona	0	33
chatconcepcion	0	33
chatdsle	0	33
chatear mayores de 60	0	33
chategratis adolescentes	0	33
chatrandon org	0	33
chstiapues	0	33
chueca navarra chat	0	33
cjat salta	0	33
dale chat nuevo leon	0	33
dale chat santa fe	0	33
el chat cartagena	0	33
gaychat malaga	0	33
gentechat sumision	0	33
hablar caliente sin registro	0	33
hispano chat sevilla ga	0	33
irc chueca asturias	0	33
latin chat iquique	0	33
sala de chat ags	0	33
sala de chat lesbico	0	33
spain chat chueca madrid	0	33
tarotistas online gratis chat	0	33
tchat barcelona	0	33
terra chat mas de 40 años gratis	0	33
terra sin registro	0	33
terracjat	0	33
videos maduras online	0	33
chat hot canarias	16	32
chat de sexo gran canaria	15	32
chat con viejas gratis	13	32
paginas de chat caliente	13	32
chat de california	12	32
chat en vivo omegle	11	32
citashot	11	32
videochat lesbico	11	32
chat amigos colombia	9	32
contactos gay en pontevedra	9	32
contactos gay vizcaya	9	32
chat en linea para conocer gente	8	32
chat gay madrid gratis	8	32
hablar chicas	8	32
charlas hot en linea	7	32
omegle .com gratis	7	32
chat de adolescentes de 12 a 15	6	32
chat madura xxx	6	32
linea caliente gratis	6	32
paginas hots	6	32
web para chatear gratis	6	32
ablar con gente	5	32
chatcamara	5	32
chats hots online	5	32
contactos gay en sevilla	5	32
lesbianas chat gratis	5	32
mujeres trans gratis	5	32
chat chueca castilla leon	4	32
chat gay directo	4	32
gay crusing chat	4	32
omegle chats	4	32
vhat online	4	32
video chat gsy	4	32
chat encuentros uruguay	3	32
chat tumbes	3	32
edarling gratis	3	32
chat con gente de españa	2	32
chat gay rosarii	2	32
cubanos chat	2	32
webcam chat gay	2	32
chat caliente de lesbianas	1	32
chat dale venezuela	1	32
chat mas de 50 60	1	32
chat sexo lésbico	1	32
chat valle del cauca	1	32
chatear con chica	1	32
chatear gratis en terra	1	32
chatelao	1	32
dalechatea.e	1	32
gay madrid sexo chat	1	32
llamada gay	1	32
peru lima chat	1	32
sexo ahora madrid	1	32
universo gay asturias	1	32
bate-papo portugal grátis	0	32
bazoicam	0	32
canalchat alcorcon	0	32
chat congente	0	32
chat csli	0	32
chat cuba dale	0	32
chat de homosexuales	0	32
chat de sexo gratis gay maduros	0	32
chat de solteros y solteras	0	32
chat españoles	0	32
chat gay chaco ctes	0	32
chat gay de cba	0	32
chat gayvtenerife	0	32
chat gente tijuana	0	32
chat gratis para follar en castellón	0	32
chat gratis sin registro de bogotá	0	32
chat hispano guipuzcoa	0	32
chat hombres costa rica	0	32
chat mañaga	0	32
chat monteria	0	32
chat murcia ligar	0	32
chatfrensd	0	32
chatg gratis	0	32
chathispanoweb	0	32
chatiapues meseenger	0	32
chueca chat tenerife	0	32
chueca esuakdi	0	32
chueca eusk	0	32
chueca euskadi gratis	0	32
cjat friends	0	32
dale chat madrid	0	32
dale chat más de 60	0	32
dale chateame	0	32
dalechet	0	32
dalexgat	0	32
dlechatea	0	32
elchatcr	0	32
irc hispano sexo	0	32
paginas de chat en costa rica	0	32
paranavhat	0	32
portal chat	0	32
quiero char	0	32
terrachat puerto rico	0	32
terwa chag	0	32
yerra chat	0	32
chat málaga zon	31	31
zonachatgay	30	31
chat chile zona	27	31
chathot español	24	31
chats morbosos	19	31
chat gratis portugal	17	31
video llamadas con maduras	17	31
chat en vivo con mujeres solteras	11	31
chat hot oline	11	31
chats con chicas calientes	11	31
hablar con trans gratis	11	31
zona adultos	11	31
chat el linea	10	31
chat osos gay	10	31
chat trujillo peru gratis pareja	10	31
onegle chat	10	31
chat sin registro hot	9	31
citas gay sevilla	9	31
omegle gay sin registro	9	31
paginas para chatear con mujeres calientes	9	31
chat bis	8	31
chat caliente xxx	8	31
chat chile santiago con camara	8	31
chat gratis omegle	8	31
chat japon	8	31
dale chat gay	8	31
chat hot travesti	7	31
contacto gay salamanca	7	31
hablar en linea gratis	7	31
online chats	7	31
bazoocam org	6	31
chat de chicas trans	6	31
chat de sexo real	6	31
chat gratis para conocer personas	6	31
contactos gay oviedo	6	31
video chats gay	6	31
chat en lines	5	31
chat gay de sevilla	5	31
chat gratis mayores de 60 años	5	31
gays asturias	5	31
chat para amigar	4	31
chat para conversar con personas	4	31
contactos gay zgz	4	31
paginas para chat gratis	4	31
sala caliente	4	31
chat para habalr	3	31
chat para menores	3	31
conversaciones online	3	31
habibati chat	3	31
telegram gay mar del plata	3	31
chast calientes	2	31
chat de mallorca	2	31
chat en panama	2	31
chat lesbianas rosario	2	31
chatmallorca	2	31
chtagratis	2	31
contacto gay las palmas	2	31
gay chat maduros	2	31
paginas para ligar	2	31
salas gratis	2	31
bzcam	1	31
chat ay	1	31
chat fe sexo	1	31
chat mexicanos	1	31
chat sexo gay españa	1	31
chat sexo gay sevilla	1	31
chat venezuela carabobo	1	31
chatea grats	1	31
chatear amistades	1	31
chatear por internet	1	31
hispano chat mazmorra	1	31
salas dechat	1	31
zonachat gay bogota	1	31
algun chat gratis	0	31
amigos mayores de 60 años para conversar	0	31
baazoomcam	0	31
cali es cali gratis	0	31
chat argentino rosario	0	31
chat bogotá sin registro	0	31
chat calent	0	31
chat canalchat	0	31
chat cordova	0	31
chat dale argentino	0	31
chat dale hot	0	31
chat de texto gay malaga	0	31
chat del ecuador	0	31
chat ecuador.	0	31
chat gay de chueca	0	31
chat gay madrid chueca kiwi	0	31
chat gay maduro dale	0	31
chat gey granada	0	31
chat gratis adolescente	0	31
chat hermosillo sonora	0	31
chat hot.net	0	31
chat latinoamerica más de 40	0	31
chat los andes	0	31
chat mas de 50 gratis	0	31
chat monagas	0	31
chat on irc	0	31
chat online gey	0	31
chat org sevilla	0	31
chat org tenerife	0	31
chat popayan	0	31
chat santiago mujeres	0	31
chat sexo zgz	0	31
chat terra colombia	0	31
chat terra malaga	0	31
chat with lesbians	0	31
chateagratis parejas	0	31
chatgatis	0	31
chatvenez	0	31
chueca chat gay malaga	0	31
contactos badalona	0	31
cornudos en chat hispano	0	31
dale chap	0	31
dale chat?	0	31
dalec hat	0	31
dalechatea.m	0	31
fuerteventura chat	0	31
gay chat barranquilla	0	31
gay chat on line	0	31
gente chat usa	0	31
hispano chat alicante	0	31
latinchar	0	31
red hispana chat	0	31
sale chat	0	31
terra chat bajio	0	31
tv y chat gratis	0	31
webchatsalta	0	31
zona citas es gratis	0	31
chat morbosos	17	30
chat cristiano online	15	30
chats hit	14	30
chat en la rioja	12	30
chat lesbianas valencia	11	30
contactos gays en toledo	11	30
porno chat hot	11	30
chat mujeres barcelona	10	30
gays pontevedra	10	30
bisexual chat	9	30
chat de maduras gratis	9	30
chat lesbico hot	9	30
chat com mujeres	8	30
chat internacional online	8	30
chat sitges	8	30
chat transexuales gratis	8	30
chats swinger	8	30
omegle chat.	8	30
chat chueca asturias gratis sin registro	7	30
chat con camara gratis sin registro en español	7	30
chat para citas guatemala	7	30
chat sexo online gratis	7	30
contactos gays en ciudad real	7	30
xxx gay chat	7	30
chat picantes	6	30
contactos en zaragoza	6	30
hablar con mujeres solteras	6	30
omegle online mujeres	6	30
páginas para conocer gente gratis	6	30
chatadultos	5	30
omegle gratis sin registrarse	5	30
video chat bazoocam	5	30
amigos para chatear	4	30
chat caliente gay	4	30
chat kiw	4	30
chat perj	4	30
chatzona adolescnete	4	30
omegle gay	4	30
omegle sin camara	4	30
chat cubanos	3	30
chat de gays gratis	3	30
chat ozu lesbianas	3	30
chatgratisgay	3	30
chst gay madrid	3	30
gay chat cruising	3	30
xat girona	3	30
char org	2	30
chat cornudos.	2	30
chat gay cordoba argentina	2	30
chat gays madrid kiwi	2	30
chat grupal	2	30
chathsipano	2	30
chst kiwi	2	30
dale chat paysandú	2	30
foros para ligar	2	30
gay chat uruguay	2	30
sala de chat para adultos	2	30
salas de chat de sexo	2	30
salas de chat terra	2	30
sexchat españa	2	30
transex chat	2	30
charealo	1	30
chat almeria hispano	1	30
chat aragon chueca	1	30
chat caliente xx	1	30
chat chueca travestis	1	30
chat con mujeres de 50 a 60 años	1	30
chat con mujeres de mendoza	1	30
chat hispabo	1	30
chat infiel	1	30
chat lesnianas	1	30
chat mujeres guate	1	30
chat santander cantabria	1	30
chat terra más de 50 gratis	1	30
chatnet	1	30
chueca eusakdi	1	30
chat adulto hispano	0	30
chat argrntino	0	30
chat bgota	0	30
chat cam madrid	0	30
chat chillan	0	30
chat con maduro	0	30
chat cornufos	0	30
chat de ciudad real	0	30
chat de videncia gratis	0	30
chat del salvador	0	30
chat gays cadiz	0	30
chat gragis	0	30
chat hay puebla	0	30
chat juvenil	0	30
chat ozu sala caprichosa	0	30
chat palmira	0	30
chat sexo almería	0	30
chat.chatea	0	30
chatea con argentinas sin registro	0	30
chateagratis mas,de 60	0	30
chateagratis sonora	0	30
chatear gratis amigos	0	30
chatear mujer domantrix xxxxxx	0	30
chats gratis sevilla	0	30
chats sexo pasion	0	30
chst euskadi	0	30
cht friends	0	30
chueca bcn kiwi	0	30
colombia cha	0	30
contacto gay cruesin	0	30
contactos gay cuba	0	30
dale chatea.	0	30
dale xhta	0	30
dalexchat	0	30
gay irc	0	30
gente chat adolescentes	0	30
sala chat travesti	0	30
salas de chat trujillo	0	30
sexo gratis mujeres madrid	0	30
terra chat salas grais	0	30
terra chat salas gratis	0	30
toluca chat	0	30
vhat hor	0	30
web dale chat dale	0	30
chat fetish	24	29
chat amos y sumisos	23	29
gay chat zone	21	29
chat filipinas	17	29
kiwi chat tenerife	16	29
videollamada con mujeres trans	14	29
hablar con mujeres online	13	29
chat gratis con cam	12	29
cruising en directo	12	29
genteamor.com	12	29
maduras hot chat	12	29
chat para hablar hot	11	29
contactos gay en jaen	11	29
chat con tias	10	29
chat movil irc kiwi	10	29
chats de travestis	10	29
gay teruel	10	29
chat portugal gratis	9	29
omegle hot	9	29
paginas para hablar con mujeres calientes	8	29
chat en limea	7	29
chat gratis para hablar	6	29
omogle chat	6	29
vazocam	6	29
videollamadas con mujeres desconocidas	6	29
chat solteros gratis	5	29
contactos gays lleida	5	29
hablar con mujeres chat gratis tenerife	5	29
página para hablar con chicas	5	29
chat lesbianas.	4	29
chat sexo gratos	4	29
chatmatrix	4	29
foros de chat	4	29
chat caliene	3	29
chat chile gratis region metropolitana	3	29
chat gratis gey	3	29
chat mallorca gay	3	29
chat nazmorra	3	29
chatear gratis sin registrarse	3	29
chatear travestis	3	29
chieca chat	3	29
chat arg gay	2	29
chat chicas españolas	2	29
chat gay tenerife.	2	29
chat gratis en chile	2	29
chat gratis en huelva	2	29
chat lubre	2	29
chat online gratis chile	2	29
chat s xo	2	29
chat s3xo	2	29
chat ts	2	29
llamadas calientes gratis	2	29
mi chat gratis	2	29
sexo gay peru	2	29
chachipen gratis	1	29
chat cay	1	29
chat de les arg	1	29
chat gay grana	1	29
chat guipuzkoa	1	29
chat gwy	1	29
chat hot la paz	1	29
chat mendoz	1	29
chat net gay	1	29
chat porno lesbiana	1	29
chateargratus	1	29
chatsocial	1	29
chst gay rosario	1	29
chta hor	1	29
dalexhatme	1	29
directos gay	1	29
juegos de chat online gratis	1	29
lanzarote chat gay	1	29
salas de chat mas de 40	1	29
cha t b c n	0	29
chat barrio	0	29
chat caliente vigo	0	29
chat cdmx gratis	0	29
chat cucuta	0	29
chat de chuecas	0	29
chat de cornudos gentechat	0	29
chat ensenada	0	29
chat gay cibersexo canal	0	29
chat gaycadi	0	29
chat hispanio	0	29
chat madr	0	29
chat mlg	0	29
chat mujeres ccs	0	29
chat sexo canal	0	29
chat sexo his	0	29
chat terra tenerife	0	29
chatea.me arg	0	29
chatear con tias buenas	0	29
chatfriendsmexico	0	29
chathisano	0	29
chatiapuea	0	29
chta fot	0	29
chueca chat cibersexo	0	29
chueca gay baleares	0	29
ciber chat	0	29
cibersexo latinchat	0	29
contactos santiago	0	29
dale chat amigos	0	29
esoterismo gratis	0	29
gente chat argentina	0	29
gratis travestis	0	29
irc hispano org	0	29
kiwi irc hispano en	0	29
madrid terra chat	0	29
monterreychat hot	0	29
platicar gratis en chicago illinois	0	29
religion chat	0	29
sexo virtual gratis sin registro	0	29
terra chat mas de 50 60	0	29
vg chat veracruz	0	29
wwsado	0	29
xhathot	0	29
zonachay	23	28
chatzona gratis	20	28
chat gay palencia	19	28
lesbianas murcia	17	28
buscar pareja gratis en internet sin registrarse	11	28
chat de mujeres maduras	11	28
chat en vivo lesbianas	11	28
contactos gay castellón	11	28
gay cuenca	10	28
chat gratiz	9	28
contactos nudistas	8	28
mujeres para chatear	8	28
chat sexo costa rica	7	28
terra chat portugal	7	28
chat online pt	6	28
chat para encuentros sexuales	6	28
chat para hablar con mujeres calientes	6	28
cruising contacto	6	28
chat caliente sevilla	5	28
chat sexo con mujeres	5	28
chats mundiales	5	28
contactos gay rosario	5	28
contactos gays huelva	5	28
habla chat	5	28
kiwi chat chueca asturias	5	28
para ligar	5	28
puebla gay	5	28
páginas para hablar con mujeres	5	28
chat con madres solteras	4	28
chat de 50	4	28
chat en bogotá	4	28
chat hot malaga	4	28
conocer gente caliente	4	28
gay chat murcia	4	28
chat 50 años	3	28
chat caliente salas	3	28
chat en.linea	3	28
chat sexo castellón	3	28
chat terra de jaen	3	28
omegle chay	3	28
sala chueca euskadi	3	28
web para chatear	3	28
chat en linea.com	2	28
chat hoyt	2	28
chat mas de 40 años	2	28
chat mujeres huelva	2	28
chat sexo gratis españa	2	28
chile chat	2	28
madrid chueca chat	2	28
text chat maduros	2	28
chat anonimo venezuela	1	28
chat bisexuales maduros	1	28
chat colombia.	1	28
chat con desconocidos peru	1	28
chat con mujeres lima	1	28
chat de hot	1	28
chat el vive	1	28
chat gay ar	1	28
chat gays chueca	1	28
chat japonés	1	28
chat sjl	1	28
chat spanish	1	28
chat zaragoza hispano	1	28
chat ñeru	1	28
chatea barranquilla	1	28
chathispnao	1	28
lesbiana en vivo	1	28
ligue chat	1	28
página para hablar	1	28
cantabria sexo gay chat	0	28
chat amista	0	28
chat armenia	0	28
chat bdsm terra	0	28
chat chueca bcn terra	0	28
chat cibersexo irc	0	28
chat cruising gijon	0	28
chat de torrevieja	0	28
chat edad	0	28
chat en valladolid	0	28
chat ffiends	0	28
chat gay balears	0	28
chat gay risario	0	28
chat gratis de uruguay	0	28
chat hispano rioja	0	28
chat ho5	0	28
chat hot general	0	28
chat hot latín	0	28
chat hsiapno	0	28
chat mazmorra org	0	28
chat para movil	0	28
chat terra cádiz alternativo	0	28
chat tucumanos net	0	28
chat valencia gay hispano	0	28
chat whatsapp	0	28
chatea friends	0	28
chateagratis.com mazmorra	0	28
chatear mty	0	28
chatgrqtis	0	28
chatiar con gente	0	28
chats en barcelona	0	28
chats gratis en barcelona	0	28
chatt de casado	0	28
chatterra50	0	28
chuecaveuscadi	0	28
cjat hor	0	28
dale chat mas 40	0	28
dale web chat	0	28
dalechart	0	28
dalechatho	0	28
el chat erotico	0	28
el chat uruguay gratis	0	28
elcgat	0	28
omoggle chat	0	28
parnachat	0	28
página de contacto gratis españa	0	28
terrachat bdsm	0	28
webchat de chat argentino	0	28
xhat bogotá	0	28
omegle tv gratis sin registro	13	27
paginas chat hot	11	27
videochat caliente	11	27
lesbianas a domicilio	10	27
videollamadas hot sin registro	10	27
chat hot zangi	9	27
chicas online chat	9	27
cornudos contactos	9	27
follar en barcelona	9	27
chat les latinas	8	27
contactos gay bizkaia	8	27
omegle online gratis chicas	8	27
chat aleatorio gratis	7	27
chat sexo badajoz	7	27
chatear con rusas	7	27
contactos coruña	7	27
contactos gays vitoria	7	27
gay cordoba españa	7	27
gay soria	7	27
omegla. chat	7	27
webcam chat	7	27
camsurf chat	6	27
chat de citas sin registro	6	27
chat real gratis	6	27
chat sexo en madrid	6	27
chatmujeres	6	27
contactos gays jaen	6	27
gay caceres	6	27
omegle xxx en español	6	27
chicas calientes para chatear	5	27
omegle habla con extraños	5	27
omegle mensaje	5	27
omehle chat	5	27
chat gente chat	4	27
paginas gays para hablar	4	27
bate papo sem registo	3	27
chat calente	3	27
chat con mexicanos	3	27
chat en libea	3	27
chat en mexico gratis	3	27
chat gay gratis flingster mayores	3	27
chat hot cornudo	3	27
chat hot pnline	3	27
chat junin	3	27
chat pasivos	3	27
cjat online	3	27
foro gay girona	3	27
juegos de chat gratis	3	27
chat hotm	2	27
chat puebla zona	2	27
chat sex.	2	27
chatear bogotá	2	27
chats con chicas sin registro	2	27
chats para travestis	2	27
gays salamanca	2	27
gente chat gratis	2	27
página para hacer amigos gratis	2	27
terra chat bogota	2	27
terra.com chat	2	27
chat barrquilla	1	27
chat calie	1	27
chat chieca canarias	1	27
chat conce	1	27
chat cornudi	1	27
chat gay can	1	27
chat gay la plata	1	27
chat gaymadrid	1	27
chat gaymurcia	1	27
chat gratis de geys	1	27
chat hispano web chat	1	27
chat hot latinas	1	27
chat latín gay	1	27
chat liwi	1	27
chat obline gratis	1	27
chat onlinw	1	27
chat sa	1	27
chat sexo gay zaragoza	1	27
chat xxx argentina	1	27
chateagratis cordoba	1	27
chathuesca	1	27
chatmadridgratis	1	27
chatosraguay	1	27
chatvhispano	1	27
chtea gratis	1	27
hat chueca	1	27
kiwi chat gay madrid	1	27
móvil terra chat	1	27
salas de chat nuevo leon	1	27
sex gay chat	1	27
travesti tchat	1	27
uruguay chat gay	1	27
canachat	0	27
chat anonimo salamanca	0	27
chat con amigo gratis	0	27
chat con mas de 50	0	27
chat cristiano gente	0	27
chat de la comunidad valenciana	0	27
chat de lesbianas usa	0	27
chat ecuatoriano	0	27
chat en usa en español	0	27
chat gay berga	0	27
chat hay rosario	0	27
chat hispano sincensura	0	27
chat inague	0	27
chat menos de 20	0	27
chat móvil galicia	0	27
chat red hispana	0	27
chat terra ligar	0	27
chat xali	0	27
chateagratis trav	0	27
chateagratis.net bogotá	0	27
chateargratis murcia	0	27
chateas	0	27
chatgaymallorca	0	27
chatgrtais	0	27
chathipsano	0	27
chatonline esp	0	27
chatpolis	0	27
chst chu	0	27
chueca valencia irc	0	27
contacto sex	0	27
daale chat	0	27
dalee chat	0	27
elchat gratis	0	27
foros chat gratis	0	27
gente chat chihuahua	0	27
granadachat	0	27
gratis chatten	0	27
irc vigo	0	27
latinchat de panama	0	27
mazmorra chat org	0	27
medellin chat	0	27
mi punto chat de ambiente	0	27
movilchatcornudos	0	27
radio luz de luna	0	27
sala de chats gratis sin registro	0	27
salas de chat en lima	0	27
sexo chst	0	27
www.gaycruising	0	27
chat zaragoza gay	21	26
chatzona chat	20	26
gays palencia	13	26
chat con madura	12	26
numeros de mujeres calientes gratis	12	26
chat fetiche de pies	11	26
videollamadas con mujeres gratis hot	11	26
chat gratis zona	10	26
chat para adolescentes de 14 a 16	10	26
chatear con mujeres gratis sin pagar	10	26
chatear gratis con mujeres calientes	10	26
gays leon	10	26
omegle hot españa	10	26
chat liberales	8	26
chat posadas misiones	8	26
chata hots	8	26
chats para coger	8	26
tapatioschat	8	26
chat chicas madrid	7	26
citas online sin registro	7	26
lesvianas chat	6	26
livechat hot	6	26
mujeres maduras en vivo	6	26
video chat gay xxx	6	26
chat contactos españa gratis	5	26
chat cristiano colombia	5	26
chat hot xx	5	26
chatonline hot	5	26
conocer gente cerca de mi gratis	5	26
chat castellon sexo	4	26
chat de sexo gratis sin registro	4	26
chat en las palmas	4	26
chat gratis con mujeres argentinas	4	26
chat latino online	4	26
chat para conocer mujeres solteras gratis	4	26
chat para sexo gay valencia	4	26
chatear grati	4	26
chats gay argentina	4	26
chats girona	4	26
putas gratis madrid	4	26
chat de fotos hot	3	26
chat en buenos aires	3	26
chst travesti	3	26
gays en pontevedra	3	26
chat con chicas gratis sin registro	2	26
chat mazmora	2	26
chat sexo alicante	2	26
chat sexo bdsm	2	26
chat sexo les	2	26
chat terrs	2	26
chatear gratis con mujeres mayores	2	26
chatgay valencia	2	26
chatlibera	2	26
chato erotico	2	26
chtfriends	2	26
citas en bogotá gratis	2	26
gays tenerife	2	26
latichat	2	26
latina chat	2	26
omegle española	2	26
video chat gay peru	2	26
videocjat gay	2	26
amistad online	1	26
chacaliente	1	26
char barcelona	1	26
chat caliente guatemala	1	26
chat de almeria	1	26
chat dominatrices	1	26
chat en vivo partido de hoy	1	26
chat ga puebla	1	26
chat gay cordoba capital	1	26
chat gay madeid	1	26
chat gitano barcelona	1	26
chat para hablar con hombres	1	26
chat random colombia	1	26
chat republica	1	26
chat zaragoa	1	26
chateagratis.net uruguay	1	26
chats de esoterismo	1	26
chats de galicia	1	26
chay peru	1	26
conversaciones gratis	1	26
dalecbatea	1	26
irc kiw	1	26
irc nudismo	1	26
omeglachst	1	26
salas de chat de sumisas	1	26
videollamadas con maduros gay	1	26
web cruising	1	26
zona chats	1	26
+60 chat	0	26
bazoocam org chat	0	26
cha grais	0	26
chastfriends	0	26
chat alge	0	26
chat amistades gratis	0	26
chat celaya	0	26
chat concepcion gratis	0	26
chat copiapo	0	26
chat de albacete	0	26
chat de bucaramanga	0	26
chat de cornudos mexico	0	26
chat de religión	0	26
chat españa sin registrarse	0	26
chat gay españa hispano	0	26
chat gay mexixo	0	26
chat gay sevilla.	0	26
chat gays fligers	0	26
chat geomundos navarra	0	26
chat grana	0	26
chat gratis de mexico	0	26
chat gratis nuevo	0	26
chat hot villao	0	26
chat husoano	0	26
chat latino puerto rico	0	26
chat para ligar en madrid	0	26
chat peruu	0	26
chat sin reguistro	0	26
chat twrra	0	26
chat venezuela.net	0	26
chatbrasil top	0	26
chatea cali	0	26
chatea con ecuador	0	26
chatear con sumisa	0	26
chatear en peru	0	26
chatear gratuitamente	0	26
chatear ligar gratis	0	26
chatear sin	0	26
chatleon	0	26
chatmadrid dale	0	26
chats arg	0	26
chats de colombia	0	26
chats friend50	0	26
chats mas de 50	0	26
chatuapues	0	26
chatzacatecas	0	26
cht bogota	0	26
chueca aragon chat	0	26
chuecas canarias	0	26
contactos gay getafe	0	26
cuernudo chat	0	26
dale chat de fetiche	0	26
dale chat jujuy	0	26
dale chat ya	0	26
dale shat	0	26
dalechatmadrid	0	26
elchqt	0	26
mas 60 chat	0	26
mi punto chat 30 menos	0	26
minnit chat puebla	0	26
omegle chat aleatorio gratis	0	26
quiero chat almeria	0	26
terrq chat	0	26
vhat arg	0	26
vhat argentino	0	26
webchat gay dale	0	26
xhat argentino	0	26
xhat ecuador	0	26
çhat gratis	0	26
aplicaciones para conocer gente gratis	18	25
chat sado gratis	12	25
hablar con chicas online	11	25
chat de swingers	10	25
snapchat chicas	9	25
chat porno online	8	25
random chat hot	8	25
sexo gratis contactos	8	25
chat caliente en vivo	7	25
gay lleida	7	25
pagina para hablar con chicas	7	25
videollamadas con argentinas	7	25
chat gratis con camara	6	25
chat terra parejas	6	25
ligar online gratis	6	25
paginas para chat caliente	6	25
videollamadas online gratis sin registro en español	6	25
chat cali extranjeros	5	25
chat de huelva	5	25
chat salas barranquilla	5	25
chatear de sexo	5	25
citas gratis en vigo	5	25
paginas de chats	5	25
chat barcelona gratis sin registro	4	25
chat con mujeres caliente	4	25
chat hort	4	25
chat para cibersexo	4	25
contactos guipuzcoa	4	25
hablar con persona	4	25
chat conocer chicas	3	25
chat para buscar amigos	3	25
chatear con hombres gratis	3	25
chatt caliente	3	25
contactos blanes	3	25
chat argentino.	2	25
chat con extraños hot	2	25
chat de noche	2	25
chatear gratis barranquilla	2	25
chatiapues general	2	25
chats gratis en malaga	2	25
chst gitano	2	25
cjst hot	2	25
contacto gay ceuta	2	25
contactos aguilas	2	25
querochat	2	25
sexo xhat	2	25
trans zona	2	25
video chat gay gratis sin registro	2	25
chat amigos peru	1	25
chat caliente online hot gratis	1	25
chat cam gay	1	25
chat chapin	1	25
chat de chatear	1	25
chat de rock	1	25
chat de sexo travestis	1	25
chat gay méxico gratis	1	25
chat gayy	1	25
chat gratis de mendoza	1	25
chat hot gitana	1	25
chat secual	1	25
chat travéstis	1	25
chat v40 coruña	1	25
chatear gratis en argentina	1	25
chatgay montevideo	1	25
chatgratisyuc	1	25
chats para conocer gente en bogota	1	25
dale chat cr	1	25
dale chstea	1	25
libera chat	1	25
omegle sin omazy	1	25
sala sexo	1	25
webcamgratis	1	25
ancho chat	0	25
antofagastachat	0	25
bdsm gentechat	0	25
cam de parejas liberales	0	25
cgat hispano	0	25
chachipen chat gitano	0	25
chap argentino	0	25
chat amistaf	0	25
chat angol	0	25
chat barcelon	0	25
chat chueca valen	0	25
chat con mujeres en lima	0	25
chat cuarenta principales	0	25
chat de zaragoza gratis	0	25
chat gay b	0	25
chat gay online sin	0	25
chat gratis durango	0	25
chat gratis mas de 50 a 60	0	25
chat hispano sala tarragona	0	25
chat hispanop	0	25
chat ligar canarias	0	25
chat mafuras lesbinas	0	25
chat maipu	0	25
chat me gay	0	25
chat murcia chueca gays y les	0	25
chat sexi gratis	0	25
chat sexo gay barcelona	0	25
chatea en peru	0	25
chatea gratis bolivia	0	25
chatear amigas	0	25
chatear en internet	0	25
chatear en yucatan	0	25
chatear panama	0	25
chatfriends chihuahua	0	25
chatfriends galicia	0	25
chathispabo	0	25
chatmadridkiwi	0	25
chatolineargentino	0	25
chst gay asturias	0	25
citas vitoria	0	25
como chatear gratis	0	25
crsng gay	0	25
dale chat iquique	0	25
dale chatea costa rica	0	25
dale cjay	0	25
dalecga	0	25
dsle cha	0	25
el chat cornudo	0	25
el chat de sevilla	0	25
el chat gitano	0	25
el chat gratis monterrey	0	25
gaysa chat	0	25
hisoano chat	0	25
http://chatea/	0	25
irc gayguarros	0	25
irc parejas	0	25
kiwiirc ptnet	0	25
latin chat lesbico	0	25
latinchat org panama	0	25
mas 40 chat	0	25
mazmorra chatcongente	0	25
mi punto mas de 40	0	25
nuevo leon cha	0	25
quiero chatear con gente	0	25
salas chat guatemala	0	25
salasdechateargratis	0	25
terra chat quiero	0	25
top foro gay	0	25
voarosario	0	25
web chat rosario	0	25
web chat yucatan	0	25
webchat decdale chat	0	25
les chat peru	24	24
chat zona cartagena	23	24
omegle chat españa	16	24
chat gays las palmas	15	24
chat filipinas gratis	14	24
chat chicas bisexuales	13	24
chat hot grátis	12	24
quedadas cruising	12	24
chat gratis porno	11	24
videollamadas online gratis sin registro chicas	11	24
chsts hot	10	24
grupos porno zangi	10	24
videochat trans	10	24
aplicaciones para hablar con mujeres calientes	9	24
chat caliente sin registrarse	9	24
chat gratis whatsapp	9	24
hablar con personas hot	9	24
canarias hot	8	24
chat gratis con lesbianas	8	24
contactos gays burgos	8	24
aplicaciones para hablar con mujeres calientes gratis	7	24
bdsm chats	7	24
chat de lesbianas calientes	7	24
chat xxx madrid	7	24
chats hot.	7	24
chicas hot gratis	7	24
citas calientes	7	24
gay badajoz	7	24
chat cornudos contenido generado por el usuario	6	24
chat gay gratis online	6	24
chat pt online	6	24
chats de mujeres solteras	6	24
conocer turcos que hablen español	6	24
chat gratis lesb	5	24
chat xxx costa rica	5	24
gay chat guadalajara	5	24
chats abiertos	4	24
peru chat gay	4	24
bazo am	3	24
bazoocam argentina	3	24
chat contacto casadas	3	24
chat gay amistad	3	24
chat gay gratis valencia	3	24
chat lesvianas gratis	3	24
chat mujeres gratis sin registro	3	24
chat sonora para hacer amigos	3	24
chat swinger argentina	3	24
chat uruguay más de 40	3	24
chatear gratis con gays	3	24
pagina de chat online gratis	3	24
video char gay	3	24
canalgay chat gratis sin registro	2	24
chat chueca.com	2	24
chat de relatos	2	24
chat de todos	2	24
chat gay alzira	2	24
chat gay madris	2	24
chat gay real	2	24
chat hot de mujeres	2	24
chat latino hot	2	24
chat más de 50 hispano	2	24
chat rota	2	24
chat sexo ecuador	2	24
chat travestí	2	24
chatgratis online	2	24
cornudos paginas	2	24
gay perú	2	24
bszoocam	1	24
chat adolescents	1	24
chat el ejido	1	24
chat gay nalaga	1	24
chat hot lesb	1	24
chat jóvenes	1	24
chat lige	1	24
chat mas de 30	1	24
chat sexo guipuzcoa	1	24
chat sur de chile	1	24
chat terra sin registro gratis	1	24
chatear con chicas sin registro	1	24
chatear gratis con gente	1	24
chatear gratis sin registros	1	24
chatgratis murcia	1	24
chst sin registro	1	24
chta peru	1	24
cordoba gay chat	1	24
dale chat trans	1	24
pagina de chateo	1	24
pranachat	1	24
salas de chat adultos	1	24
salas de chat en espanol	1	24
xatgirona	1	24
alguien para hablar	0	24
bate-papo online	0	24
canal chat caracas	0	24
char venezuela	0	24
chat barcelona ligar	0	24
chat bohota	0	24
chat cornud friend	0	24
chat de ciber sexo	0	24
chat erotico sin registrarse	0	24
chat gay malaha	0	24
chat gratis mas 40	0	24
chat hay trujillo	0	24
chat lanzarote gratis	0	24
chat net peru	0	24
chat parana	0	24
chat sonora org	0	24
chat terra 60	0	24
chat terra al	0	24
chat tijuan	0	24
chat trevia bcn	0	24
chat universo gay cibersexo	0	24
chat video bazoom	0	24
chatdecali	0	24
chatea cuu	0	24
chatea gratis jalisco	0	24
chatear chile	0	24
chatear con gente de colombia	0	24
chatfriends50	0	24
chatiapues bello	0	24
chatonline org	0	24
chats de cibersexo	0	24
chats españa gratis	0	24
chats hot en linea gratis	0	24
chatsfruends	0	24
club gay chat	0	24
como chatear con gente	0	24
conocer personas online,conversación online,citas online,conocer a alguien	0	24
contactos gay gandia	0	24
dale tchat colombiana	0	24
dalechat bogota	0	24
dalechatea salta	0	24
dalechatgy	0	24
dallechat	0	24
foros gay puebla	0	24
fslechat	0	24
hablar con chat	0	24
latin chat aguascalientes	0	24
nuevo chat terra	0	24
parejascom	0	24
se o gratis	0	24
sexo ourense chat	0	24
solteros tapatios	0	24
terrachatchueca	0	24
uol chat gay	0	24
vhat peru	0	24
casadaschat	23	23
chatgay la zona	23	23
chatonli	22	23
chatzoa	21	23
chatzona parejas	21	23
chat cam hispano	14	23
chat maduras hot	13	23
chat milfs	12	23
videollamadas con lesbianas	12	23
chat en vivo parejas	11	23
chat gay terrassa	11	23
conversaciones cornudas	11	23
omegle cht	11	23
zona de chat	11	23
chat hot transexual	10	23
chatear con chicas calientes gratis	10	23
hablar con maduras gratis	10	23
chad hot	9	23
chats con chicas gratis	9	23
video chat hot gratis	9	23
mujeres solteras chat	8	23
bazoocam españa	7	23
chat de les en colombia	7	23
chat individual	7	23
chat malaga sexo	7	23
chat para buscar sexo	7	23
chat eróticos	6	23
chats mas 18	6	23
conocer gente por chat gratis	6	23
contactos gays ciudad real	6	23
chat chino en español	5	23
chat de sexo lesbico	5	23
chat para coger	5	23
chat privado con mujeres	5	23
chatear con guarras	5	23
chatear con mujeres gratis sin registro	5	23
hablar con personas en linea	5	23
mar del chat marplatense	5	23
chat contactos gay	4	23
chat lesbis	4	23
chatgay cibersexo	4	23
chathotgratis	4	23
hablar con japonesas gratis	4	23
sexo gay en rosario	4	23
chat brasil top grátis	3	23
chat hot messenger	3	23
chat kesbianas	3	23
chats hoys	3	23
webcam maduras gratis	3	23
alguna pagina para chatear	2	23
amigas para chatear	2	23
chat gais	2	23
chat hot adulto	2	23
chat lesbianas cali	2	23
chat lnline	2	23
chat tarot online gratis	2	23
chat terra.	2	23
chat tinder gratis	2	23
chatear chihuahua	2	23
chst valencia	2	23
maduros chat gay	2	23
paginas para chatear con mujeres	2	23
⚠ you cannot send messages to this user whilst they have the +c (deaf_commonchan) mode set.	2	23
chat bcn irc	1	23
chat caliente rosario	1	23
chat cibergay	1	23
chat cruising valencia	1	23
chat d gey d chile	1	23
chat de rd	1	23
chat gays a coruña	1	23
chat gratis alternativo	1	23
chat pando	1	23
chat para gay	1	23
chat sexo cordoba	1	23
chat sexo uruguay	1	23
chat tetra	1	23
chat xolombia	1	23
chat xxx gratis sin registro	1	23
chatcruisin	1	23
chatea gratus	1	23
chateagratiscadiz	1	23
chatear con sumisas	1	23
chats malaga	1	23
chicas chatear	1	23
el chat travestis	1	23
pagina chat gratis	1	23
salas chat sexo	1	23
#amistad chat	0	23
chat chueca.	0	23
chat corsoba	0	23
chat de francia	0	23
chat de rosario gay misiochat	0	23
chat en línea méxico	0	23
chat ga gdl	0	23
chat gay chatfriends	0	23
chat gente de bogota	0	23
chat gratis a coruña	0	23
chat gratis ahora	0	23
chat gratis de barcelona	0	23
chat gratis tabasco	0	23
chat gslicia	0	23
chat guip	0	23
chat hidpano kiwi	0	23
chat irc zaragoza	0	23
chat jalisco gay	0	23
chat lesbiana arg	0	23
chat madrid anónimo	0	23
chat random bazoo	0	23
chat san bernardo	0	23
chat sexo ciudad	0	23
chat terra aragon	0	23
chat usa sin registro	0	23
chatchieca	0	23
chatcuerna	0	23
chateagratis trave	0	23
chatear con españoles	0	23
chatear en coahuila	0	23
chathielva	0	23
chatwebcam	0	23
chsteslo	0	23
cruising gays chat	0	23
daie chat	0	23
dalcehat	0	23
dalechatea-me	0	23
dalevhst	0	23
dsle cjat	0	23
el chat arg	0	23
el chat de uruguay	0	23
el chat terra colombia	0	23
el chat. com	0	23
elchatt	0	23
free chat bogota	0	23
gaybaleares	0	23
gaycruising web	0	23
gente de chat lesbianas	0	23
hot sin limite	0	23
kiwi irc sexo	0	23
latinchat panama org	0	23
paranachat.	0	23
sexchat desconocido	0	23
sexo gay pontevedra	0	23
terra chat castellon	0	23
terrachat córdoba	0	23
vhat friends	0	23
vhat terra	0	23
viarosario chat org	0	23
viarosario org chat	0	23
www salas de chat gratis	0	23
xat de sexo	0	23
xhat venezuela	0	23
chatzona travestis	21	22
chat de sexo las palmas	14	22
web cam chat gratis	14	22
chat con desconocidos hot	13	22
chat con camara gratis sin registro	11	22
citas trans gratis	11	22
chast hot	9	22
hot chst	9	22
videollamada con maduras gratis	9	22
brujas en linea chat	8	22
charlar con personas	8	22
chat domi	8	22
chat en vivo online gratis mujeres	8	22
chat sexo gandia	8	22
follar barcelona gratis	8	22
chat joven gay	7	22
contactos gay caceres	7	22
gays ourense	7	22
videollamadas con extraños	7	22
zona org	7	22
chat en linea amigos	6	22
chat muy caliente	6	22
chat para conocer a gente	6	22
chat son registro	6	22
chats sumisos	6	22
chicas online	6	22
directos calientes	6	22
encuentros gays	6	22
encuentros santiago del estero	6	22
omagle chat	6	22
tapatios.com	6	22
bazoocom	5	22
chat 40 50 60	5	22
chat chatzona	5	22
chat para follar con chicas	5	22
chat trams	5	22
chat travest	5	22
chicas en linia	5	22
cibersexo paginas	5	22
contactos gays en valencia	5	22
gay melilla	5	22
sexo gay jaen	5	22
bazoocam gratis	4	22
chat caliente arg	4	22
chat casadas infieles	4	22
chat gay elche	4	22
chat guayaquil gratis	4	22
chat ligar zaragoza	4	22
chat portugal online gratis	4	22
chat trabestis	4	22
chay gay cordoba	4	22
esoteric chat	4	22
mujeres para chat hot	4	22
paginas para platicar con gente	4	22
universo gay chat	4	22
chat bisexual gratis	3	22
chat de citas hot	3	22
chat en lina	3	22
chat en linea.	3	22
chat sobre sexo	3	22
chat transex	3	22
chatgayuniverso	3	22
chatzona quito	3	22
chay gay colombia	3	22
chueca barcelona terra	3	22
gays cruising chat	3	22
gays en salamanca	3	22
omegle chat online gratis	3	22
chat cartagena gratis	2	22
chat con lesvianas	2	22
chat en guatemala	2	22
chat gay maresme	2	22
chat grartis	2	22
chat grsris	2	22
chat sin registro libre	2	22
chatear con españolas	2	22
chay friends	2	22
contacto con casadas	2	22
cuckoldchat	2	22
gays badajoz	2	22
gente char	2	22
mujeres hot gratis	2	22
omegle conocer gente	2	22
camaras gay	1	22
chat amigos barcelona	1	22
chat calienta	1	22
chat cam surf	1	22
chat gay cubersexo	1	22
chat gratis en cordoba	1	22
chat online albacete	1	22
chat online ccs	1	22
chat para mayores de 50	1	22
chat sexo graris	1	22
chat trans gratis argentina	1	22
chat vlc terra	1	22
chat web gay	1	22
chateae	1	22
chateall	1	22
chateando gay	1	22
chatear alicante	1	22
chatear lesvianas	1	22
chatear terra gratis	1	22
chats sexo gratis castellon	1	22
chtahispano	1	22
cruising chat madrid	1	22
foro gay sevilla	1	22
haz amigos	1	22
salachatgay	1	22
wazocam	1	22
xatear zaragoza	1	22
canalchat sevilla	0	22
char adolescente	0	22
char cali	0	22
char dale	0	22
chast gay tenerife	0	22
chat amigos mexico	0	22
chat asturias irc	0	22
chat caliente buenos aires	0	22
chat chieca madrid	0	22
chat chile valdivia	0	22
chat chueca albacete	0	22
chat chueca barce	0	22
chat de maricas peru	0	22
chat esoterik	0	22
chat friends galicia	0	22
chat friends uruguay	0	22
chat gay chueca catalunya	0	22
chat granada irc	0	22
chat gratis de amor	0	22
chat gratis de buenos aires	0	22
chat gratis galic	0	22
chat gratisb	0	22
chat hot espana	0	22
chat matamoros	0	22
chat me caliente	0	22
chat mexico vip	0	22
chat nezahualcoyotl	0	22
chat online tabasco	0	22
chat rosarios	0	22
chat swiger argentino	0	22
chat usa espanol	0	22
chat valladolid hispano	0	22
chat. net	0	22
chat/chueca	0	22
chatdenuevoleoen	0	22
chatea asturias	0	22
chatea con colombianos	0	22
chatear terra ligar	0	22
chatear ya	0	22
chatgaypueba	0	22
chatgrais	0	22
chatgratis ecuador	0	22
chatoaraguay	0	22
chatpeeu	0	22
chats latinoamericanos	0	22
chatzonalesbiana	0	22
cht arg	0	22
cht cali	0	22
ciberchat gay	0	22
dakexhat	0	22
dale chat neuquen	0	22
dalechatea me	0	22
dalechatea ur	0	22
gay cruising entrar	0	22
gaycruising.com	0	22
hablar con desconocidos dale	0	22
irc chueca valencia	0	22
kiwi.chateargratis	0	22
maduras viciosas gratis	0	22
musica chat	0	22
salas dalechat	0	22
salas de chat adolecentes	0	22
salas de chat ambiente venezuela	0	22
sexo canaria	0	22
sexo chat tra	0	22
terra chat movil gratis	0	22
chat zoba	21	21
chat colombia online	10	21
chat para follar en madrid	10	21
chicas calientes chat	10	21
cruising ahora	10	21
maduras chat gratis	10	21
chat lesbianas malaga	9	21
bazoocam mujeres	8	21
chat con mujeres cachondas	8	21
chicas para chat hot	8	21
chat con chicas solteras gratis	7	21
chat hot xxx gratis	7	21
chats de argentina	7	21
lesbianas gdl	7	21
omegle online gratis sin registro	7	21
videochat lesbiana	7	21
brujeria online	6	21
chat con mujer	6	21
chat de chicas hot	6	21
chat para tener sexo gratis	6	21
gay madrid chat	6	21
habla con mujeres gratis	6	21
llamadas hot sin registro	6	21
mujeres maduras online	6	21
chat contactos madrid	5	21
chat gay de españa	5	21
chat live hot	5	21
chat sexual online	5	21
chats online argentina	5	21
habla con chicas gratis	5	21
chat china	4	21
chat de sexo en vivo	4	21
chat hot sin iniciar sesion	4	21
contacto lesbianas	4	21
amos y sumisas chat	3	21
baazocam	3	21
bozcam	3	21
chat barcelina	3	21
chat coruña parejas	3	21
chat de lesbianas xxx	3	21
chat de peru lima	3	21
chat gebte	3	21
chat muecia	3	21
chat para hacer amigas	3	21
chat sex gay	3	21
chatear con argentinas	3	21
chatear gay gratis	3	21
citas valladolid gratis	3	21
cybersexo gay	3	21
hablar con chicas gratis sin registro	3	21
salas de chat para conocer gente	3	21
#chueca_asturias	2	21
chat cancun gratis	2	21
chat con camara gay	2	21
chat de lesvianas gratis	2	21
chat en cuba	2	21
chat frineds	2	21
chat ligar cantabria	2	21
chat sin baneo	2	21
chat valparaiso gratis	2	21
chatear con chicas lesvicas	2	21
chats gratis de sexo	2	21
ligar con chicas gratis	2	21
omegle gratis sin descargar	2	21
pagina de chat para conocer personas	2	21
travesty chat	2	21
videochat gau	2	21
webcam lesbica	2	21
xhst hot	2	21
xxx chat gey	2	21
azoocam	1	21
chat asultos	1	21
chat casadas gratis	1	21
chat citas	1	21
chat civersexo	1	21
chat de almería	1	21
chat de sexo rosario	1	21
chat de sexo virtual	1	21
chat de valencia chueca	1	21
chat gay cinersexo	1	21
chat gay random	1	21
chat gay rosario hispano	1	21
chat gaybsevilla	1	21
chat gratis com	1	21
chat mexic	1	21
chat online para adultos	1	21
chat solo	1	21
chat srgentina	1	21
chat x gratis	1	21
chatt online	1	21
chay de sexo	1	21
gay cibersex	1	21
lesbiana gratis	1	21
lesbianas chatear	1	21
stinchat	1	21
web chat hacer amigos	1	21
xhatealo	1	21
busco chatear gratis	0	21
chat . org	0	21
chat argentino mas 60	0	21
chat bogotá.	0	21
chat caliente y espalda sin coser	0	21
chat canal peru	0	21
chat ciber	0	21
chat cibersexo g	0	21
chat corno	0	21
chat de se o	0	21
chat de sexo en lima	0	21
chat de tabasco	0	21
chat de vitoria	0	21
chat decsexo	0	21
chat en toluca	0	21
chat gay chat me	0	21
chat gay hispano murcia	0	21
chat gay madrid hispano	0	21
chat gay rosa	0	21
chat gay usa	0	21
chat gente cali	0	21
chat gratis gay murciá	0	21
chat hetero curioso	0	21
chat hispano badajoz	0	21
chat hrati	0	21
chat la florida	0	21
chat mcbo	0	21
chat mexico hot	0	21
chat online para web	0	21
chat ouebla gay	0	21
chat peu	0	21
chat ratis	0	21
chat san jose del cabo	0	21
chat sexuak	0	21
chat sexual dale	0	21
chat sn registro	0	21
chat terra es	0	21
chat valencia dale	0	21
chat x sexo las palmas gran canaria	0	21
chatearargentina	0	21
chatgartis gay	0	21
chatgay arg	0	21
chatgpt gratis online español	0	21
chatilles	0	21
chatqueretaro	0	21
chats en palma de mallorca	0	21
chay arg	0	21
cht argentino	0	21
chueca cjat madrid	0	21
cjat cali	0	21
cjat terra	0	21
contactos sin registrarse	0	21
cruising albacete chat	0	21
dale al.chat	0	21
dale chat 60	0	21
el chat version 2 html5	0	21
irc kiwi terra	0	21
kieichat	0	21
kiwi chat alava	0	21
latinchat cibersexo	0	21
latinchat irc kiwi	0	21
misiochat.org	0	21
quiero chat huelva	0	21
sala de chat de argentina	0	21
sala de chat de lesbianas con audios	0	21
salas de chat en cusco	0	21
spanish omegle	0	21
terra asturias chat	0	21
topchathot	0	21
trivial irc	0	21
vchar peru	0	21
webchat cornudos contenido	0	21
webchat gratis barcelona	0	21
www.chatargentina gay	0	21
xhat terra	0	21
y dale chat adole	0	21
chat con mujeres lesbianas en caracas	18	20
ligar en coruña	17	20
hablar hot por internet	13	20
chat con abuelas gratis	12	20
chat adulto español	11	20
chat de sexo vigo	11	20
chatzona canarias	11	20
cams maduras	10	20
chat japones online	10	20
videollamadas con mujeres calientes gratis	10	20
videollamadas maduras	10	20
chat gratis para follar	9	20
gays en albacete	9	20
paginas para hablar hot	9	20
videollamada hot con mujeres gratis	9	20
chat online portugues	8	20
chat tarot amor gratis	8	20
encuentros gay mar del plata	8	20
hablar con chicas calientes gratis	8	20
mensajear con mujeres solteras gratis	8	20
video llamada hot	8	20
bazom cam	7	20
chat de sexo tenerife	7	20
contactos gays barcelona	7	20
sslas de chat	7	20
bazo cam	6	20
chat bogota gay	6	20
chat hombres mayores de 60 años	6	20
gente en linea	6	20
omegle cha	6	20
amigos por chat	5	20
chat con madura xxx	5	20
chat random sin registro	5	20
chat tranny	5	20
chatmas de 60	5	20
chicos gay madrid	5	20
encuentros gay en monterrey	5	20
gays huesca	5	20
hablar con personas porno	5	20
vchat hot	5	20
barcelona chat hot	4	20
boozocam	4	20
chat amistad barcelona	4	20
chat gratis sabadell	4	20
chat para hablar con mujeres	4	20
chats con mujeres cachondas	4	20
chay gay madrid	4	20
contacto gay murcia	4	20
hot chat free	4	20
video llamada con lesbianas	4	20
ablar con personas	3	20
chat con foto sin registro	3	20
chat gay civersexo	3	20
chat gey bcn	3	20
chat hot gay mexico	3	20
chatear con adolescentes	3	20
chatear con mujeres cachondas	3	20
chst latino	3	20
contacto cornudo	3	20
contactos sado	3	20
conversaciones cornudos	3	20
el chat com chat	3	20
salas de chat para adultos	3	20
sexo gay gratis	3	20
video llamada lesbianas	3	20
chat anonimo en español	2	20
chat barcelona más de 50	2	20
chat con gente de estados unidos	2	20
chat cornud	2	20
chat gratis caracas venezuela	2	20
chat ligar cadiz	2	20
chat nueva esparta	2	20
chat para ablar	2	20
chatadolescentes	2	20
chatear en kiwi	2	20
chatfruend	2	20
chats gratis para ligar	2	20
contactos gay corrientes	2	20
foros para hablar con gente	2	20
lesbianas chat online	2	20
canarias gay chat	1	20
chad caliente	1	20
chat cormudos	1	20
chat cornudod	1	20
chat cueca	1	20
chat de hombres gay	1	20
chat eapaña	1	20
chat fri3nds	1	20
chat salas online	1	20
chat vakencia	1	20
chat zaragoza sexo	1	20
chatbhispano	1	20
chatea gratis.	1	20
chatear españa gratis	1	20
chatear grstis	1	20
chatear libre	1	20
chatear mas 40	1	20
chatfri3nds	1	20
chatfrienss	1	20
chats gay online	1	20
chst perú	1	20
cht hor	1	20
chta ecuador	1	20
cuckold chats	1	20
el chat de lesbianas	1	20
gente chat bolivia	1	20
kiwi irc canal sexo	1	20
latinchat que era	1	20
latinos chat	1	20
madurasxxxgratis	1	20
omeglschat	1	20
xhat colombia	1	20
bilbao chat	0	20
canal mas de 50	0	20
chat amistas	0	20
chat argent	0	20
chat bdsm espanol	0	20
chat bolivar	0	20
chat buenos aires porteños	0	20
chat cali chat	0	20
chat coata rica	0	20
chat coenudos	0	20
chat de amistad gratis sin registro	0	20
chat del pais	0	20
chat dlae	0	20
chat eciador	0	20
chat eortico	0	20
chat erotoco	0	20
chat extranjeros gratis	0	20
chat gay guada	0	20
chat gay makaga	0	20
chat gay villa salvador	0	20
chat gente de bogotá	0	20
chat gentr	0	20
chat gratis iquique	0	20
chat gratis py	0	20
chat gry rosario	0	20
chat gsy gratis	0	20
chat hot toluca	0	20
chat les_maduras	0	20
chat maduros 60	0	20
chat mamzorra	0	20
chat marín	0	20
chat online chiapas	0	20
chat online eeuu	0	20
chat para quedar	0	20
chat porno org	0	20
chat pue gay	0	20
chat pweu	0	20
chat random uruguay	0	20
chat sexo arg dale	0	20
chat sexo.me	0	20
chat trevia	0	20
chat vebezuela	0	20
chat veracruz g	0	20
chat ya sexo	0	20
chat zaragoza friends	0	20
chatchacocorriente	0	20
chatea sevilla	0	20
chatea.m	0	20
chateagratis porno	0	20
chatear 100 gratis	0	20
chatear mas de 30	0	20
chatgay galicia	0	20
chatgayonline	0	20
chatpueblag	0	20
chatvarg	0	20
chatvenezuela.net	0	20
chueca cantabria	0	20
col chat	0	20
conversar con hombres en chat en linea	0	20
cornudos chat madrid	0	20
dake xhat	0	20
dale chat más de 40	0	20
dale chat panamá	0	20
dale chwt	0	20
dale.chst	0	20
dalechatea usa	0	20
dalechateamd	0	20
dalecheta	0	20
el chat de la amistad	0	20
ficha gay extremadura	0	20
generalchat	0	20
gente chat lesbianas	0	20
gentechat jalisco	0	20
grnte chat	0	20
hispanowebchat	0	20
iqq chat	0	20
irc hisp kiw	0	20
irc webchat hispano	0	20
madrid chat chueca	0	20
madura con ganas	0	20
quierochat.	0	20
quierohat	0	20
sala chat online gratis	0	20
sala de chat tucuman	0	20
salas chats puerto rico	0	20
salas de chat sin java	0	20
sitios chat	0	20
terra chat edades	0	20
terrs chat	0	20
usa dalechat	0	20
vaycruising	0	20
videollamadas gratis gay	0	20
webchat terra irc	0	20
zdarma chat	0	20
chat cornudos chatzona	19	19
chatzona trav	19	19
chat ligame	12	19
brasil chat	8	19
chat cubanas	8	19
chat online gratis omegle	8	19
llamada hot en linea	8	19
chat con trans xxx	7	19
chat illescas	7	19
hacer amigos en linea	7	19
omegle de texto	7	19
pagina para chat	7	19
chat gratis con mujeres solteras	6	19
chat hot sin limites	6	19
chatear gratis con travestis	6	19
chats hors	6	19
conocer gente barcelona gratis	6	19
hablar con personas desconocidas	6	19
sexo en bcn	6	19
trans para chatear	6	19
chat caliente real	5	19
chat con chica	5	19
chat de sexo sin registro	5	19
chat online xxx	5	19
contactos en castellon	5	19
gay chat alicante	5	19
gay zamora	5	19
gays burgos	5	19
chat 1v1 gratis	4	19
chat gay en montevideo	4	19
chat hot hombres	4	19
chat laredo	4	19
chatgaycanarias	4	19
citas bucaramanga gratis	4	19
hablar con gente porno	4	19
omeggle chat	4	19
omegle por o	4	19
pagina para hablar con gente	4	19
trans chat online	4	19
chat caliente ecuador	3	19
chat de sexo lesbianas	3	19
chat gay universo euskadi	3	19
chat gratis conocer gente	3	19
chat hot gratus	3	19
chat torrent	3	19
chatear.	3	19
omegla hat	3	19
trans en linea	3	19
xxx chat lesbiana	3	19
chat bogota online	2	19
chat chuecavalencia	2	19
chat con hombres calientes	2	19
chat con mayores de 60	2	19
chat de cornudos xxx	2	19
chat en internet	2	19
chat gay tenerfie	2	19
chat hot la paz bolivia	2	19
chat hot merida	2	19
chat hot spain	2	19
chat kiwi tenerife	2	19
chat onlinne	2	19
chat tele	2	19
chat trans mexico	2	19
chatchueca asturias	2	19
chathot.org	2	19
chatispues	2	19
cibersexo sin rodeos	2	19
lugares para chatear	2	19
puerto rico chat gratis	2	19
quierochag	2	19
sexo sin registro	2	19
caht gay sevilla	1	19
chagt gratis	1	19
chat amigos con derecho a roce	1	19
chat de lesbianas colombia	1	19
chat gali	1	19
chat gay latín	1	19
chat gitano roneantes	1	19
chat gratis ny	1	19
chat hispaano	1	19
chat mafrid	1	19
chat para mayores	1	19
chat sin registro terra	1	19
chat terra zgz	1	19
chat vg veracruz	1	19
chat web argentina	1	19
chatea murcia	1	19
chatear gratis gays	1	19
chatear gratis más de 40	1	19
chatgaysinregistro	1	19
chatgratisperu	1	19
chatnavarra	1	19
chats de sexo gratuitos	1	19
chats hispanos	1	19
chile chat gratis	1	19
chta online	1	19
dale jat	1	19
gay chaat bcn	1	19
kiwiirc chat salamanca	1	19
latinchat cali	1	19
lesb chat	1	19
salas de chat xxx	1	19
argentinachat	0	19
buscar salas de chat	0	19
chachipen.	0	19
chact con trans	0	19
char peru	0	19
chat alternativo gaycadiz	0	19
chat argenti	0	19
chat asturias ligar	0	19
chat bilbo	0	19
chat catolico	0	19
chat con maduros medellin	0	19
chat cristiano argentina	0	19
chat de ags	0	19
chat de sexo org	0	19
chat decente	0	19
chat espirituales	0	19
chat friends zaragoza	0	19
chat g puebla	0	19
chat gay stranger	0	19
chat gays-crusing	0	19
chat gey de córdoba	0	19
chat gratis de tijuana	0	19
chat gratis piura	0	19
chat hot caba	0	19
chat hot medellin	0	19
chat la coruña	0	19
chat lisbon	0	19
chat madird	0	19
chat malag	0	19
chat nurcia	0	19
chat pery	0	19
chat san martin	0	19
chat valencia chueca	0	19
chat xexo	0	19
chat ñ	0	19
chatandalucia	0	19
chatargentin	0	19
chatea monterrey	0	19
chateamos mas de 40	0	19
chatear gratis en ferrol	0	19
chatear sin registro sin java	0	19
chatfriends les	0	19
chatgayargentina	0	19
chatgratis org	0	19
chats jaen gratis	0	19
chats sin java	0	19
chay uruguay	0	19
chicos gay chat	0	19
chst jujuy	0	19
chst org	0	19
chtear	0	19
cibersexo gratis sin registro	0	19
dale hayea	0	19
dale xhat.	0	19
dalechatcba	0	19
daler chat	0	19
donde chatear con gente	0	19
el mejor chat adolescentes	0	19
el. chat illes balears	0	19
el.chat gratis	0	19
entrar a un chat gratis	0	19
ficha canal chueca barcelona	0	19
free chat mexico	0	19
habla con extraños peru	0	19
hablar con chicas lesbianas cerca	0	19
ligar en murcia	0	19
local chat site	0	19
para chatear con gente gratis	0	19
quiero chat colombia	0	19
sala chueca asturias	0	19
salas de chat latinos	0	19
salas de chat valencia	0	19
sexo chat lesbi	0	19
sitios de chat online	0	19
spainchat mazmorra	0	19
terra cgat	0	19
terra chat android	0	19
terra chat arg	0	19
terra chat movil alternativo	0	19
terra chat original	0	19
terra chat soria	0	19
viarosario.orgh	0	19
web chat irc hispano	0	19
www chatzona com	0	19
xat terra barcelona	0	19
xatea chueca	0	19
xhatfriends	0	19
y dale chat libre	0	19
dale chat euskadi	15	18
omegle gratis chat	13	18
sumisas gratis	13	18
videollamada con mujeres mayores	12	18
chat paris	11	18
videollamda hot	10	18
chat gay gratis peru	9	18
chatzona zaragoza	9	18
gays en leon	9	18
chat de conocer gente	8	18
chat gays alicante	8	18
contacto gay badajoz	8	18
gay cerca de mi	8	18
parejas .com	8	18
videollamada con mujeres calientes gratis	8	18
chat con gente gratis	7	18
chat con gente online	7	18
chat online hot gratis	7	18
chicas hot para hablar	7	18
contactos gay en cordoba	7	18
contactos gays en tarragona	7	18
tranny chat	7	18
xxx chat cornudo	7	18
bazzo cam	6	18
chat gratis con rusas	6	18
chat hot gratos	6	18
chat hot onlinr	6	18
chat publicos	6	18
chats bisexuales	6	18
chats de chicas	6	18
contactos gays pamplona	6	18
omege chat	6	18
salas chat online	6	18
sexting gratis sin registro	6	18
chat arabe en españa	5	18
chat buscar pareja	5	18
chatear con mujeres solteras gratis sin registro	5	18
encuentro gay monterrey	5	18
osos maduros chat	5	18
terra kiwi chat	5	18
videollamadas gay sin registro	5	18
char en linea	4	18
chat dominatrix	4	18
chat gratis fotos	4	18
chat hot ahora	4	18
chat hot lesbian	4	18
chat hot.m	4	18
chat latino gratis sin registro	4	18
chat online amistad	4	18
chats de cornudos xxx	4	18
contacto gay tarragona	4	18
contactos aviles	4	18
contactos gay sin registro	4	18
hablar gente	4	18
omegle gratis sin pagar	4	18
chat amiga	3	18
chat gratis sin registro para casados	3	18
chat valladilid	3	18
chathispano madrid	3	18
sitios para chatear online	3	18
char gay sevilla	2	18
chat con chicos gay	2	18
chat en jalisco	2	18
chat etotico	2	18
chat free portugal	2	18
chat villarica	2	18
chatcalientw	2	18
chatear con gays gratis	2	18
chatgratis sin registro	2	18
chatroom online	2	18
chats grati	2	18
chueca chat gay valencia kiwi	2	18
contactos gay en alicante	2	18
conversar con amigos	2	18
camchat gay	1	18
chat anónimo caliente	1	18
chat argentina lesbiana	1	18
chat bsdm	1	18
chat cornidos	1	18
chat cristiano venezuela	1	18
chat de barrio	1	18
chat de internet	1	18
chat encuentros gratis	1	18
chat españolas	1	18
chat gay gratis.	1	18
chat hhot	1	18
chat lesbiana argentina	1	18
chat libre bogota	1	18
chat online lesbian	1	18
chat para hacer amistades	1	18
chat sin registro online	1	18
chat tlaquepaque	1	18
chat valenci	1	18
chatdevenezuela	1	18
chatear gratis sin registrar	1	18
chates gratis	1	18
chatfridns	1	18
chatroulettebazacom	1	18
chats gratis cordoba	1	18
chatterrazaragoza	1	18
fetish chat	1	18
hispana chat	1	18
vhat de sexo	1	18
bahienseschat	0	18
baleares chat	0	18
brasil top chat	0	18
can chat gay	0	18
canal chat españa	0	18
canal de chat	0	18
chadfriends	0	18
chafriens	0	18
chat argenrina	0	18
chat bogoya	0	18
chat chahipen	0	18
chat con camara chile	0	18
chat de ambiente ccs	0	18
chat de cornudo tenerife	0	18
chat de jóvenes	0	18
chat de mujer	0	18
chat de sexo mérida	0	18
chat de terra chat mexico	0	18
chat gay cadiz chueca	0	18
chat gay concepcion	0	18
chat gey córdoba	0	18
chat gitani	0	18
chat gpt español	0	18
chat gratis castilla leon	0	18
chat gratis gay euskadi	0	18
chat gratis madrid terra	0	18
chat gratis para adolescentes	0	18
chat gsy cadiz	0	18
chat hay gratis	0	18
chat hispano org	0	18
chat hispano zgz	0	18
chat hot latin chat	0	18
chat hot py	0	18
chat irc chueca euskadi	0	18
chat kiwi bcn spain	0	18
chat la serena	0	18
chat lo paisa	0	18
chat mszmorra	0	18
chat rooms latino	0	18
chat sexuall	0	18
chat slata	0	18
chat sociales	0	18
chat soltero	0	18
chat torrelavega gay	0	18
chatarg cordoba	0	18
chatea con argentinos gratis	0	18
chateagratis.net mazmorra	0	18
chatear en andalucia	0	18
chatear gratis en internet	0	18
chatear sin registro yucatan	0	18
chatfriends barcelona	0	18
chatgratis nuevo leon	0	18
chatgratisadolescentes	0	18
chatpwru	0	18
chats gratuitos para conocer gente	0	18
chats lesvianas	0	18
chatsalamanca	0	18
chatsfrends	0	18
chattachira	0	18
chatvillavo	0	18
chueca_val	0	18
citas gay palencia	0	18
contacto gay cruiser	0	18
cruising contacto gay en vizcaya	0	18
cruising gay soria	0	18
dalexhat.	0	18
eale chat	0	18
esoterik chat	0	18
gente chat 60	0	18
hat de sexo	0	18
hispanochay	0	18
kiwi irv	0	18
latin chat oanama	0	18
laton chat pr	0	18
ligar lesbianas vigo	0	18
ligar sin registrarse	0	18
lisbonchat	0	18
médium gratis chat	0	18
omegle habla con desconocidos	0	18
quiero chatear terra	0	18
salas de chat de españa	0	18
sex chst	0	18
sexo gay en mar del plata	0	18
sumisa chat latin	0	18
tchat en ligne	0	18
terrachat gratis	0	18
terrachatmadrid	0	18
videocht gay	0	18
web chat org arg	0	18
www dale chat	0	18
xhatea gratis	0	18
chat fetiche online	17	17
zona chat republica dominicana	17	17
chat dona	14	17
chat con franceses que hablen español	12	17
chats porno gratis	12	17
app para chatear con mujeres gratis	11	17
camara chat	10	17
hablar con mujeres sin registro	10	17
omegle video llamada gratis	10	17
chats online hots	9	17
numeros de maduras	9	17
omeglw chat	9	17
chat cubana	8	17
chat de morbo	8	17
chat web cam	8	17
live hot chat	8	17
chat con mujeres de miami	7	17
chat en vivo uruguay	7	17
chat gay maduro joven	7	17
chat hot.online	7	17
chat videollamada gratis	7	17
contactos gay en navarra	7	17
madrid sexo gratis	7	17
chat bilbao gay	6	17
chat en linea mujeres	6	17
chats gays españa	6	17
chats onlines	6	17
gays en valladolid	6	17
lesbianas valladolid	6	17
omeglacha	6	17
omegle grátis	6	17
sexo gay mar del plata	6	17
video chat lesbiana	6	17
chat cornudos madrid	5	17
chat de lesbians	5	17
chat gratis sin registro ecuador	5	17
chat lesbianas.net	5	17
contacto adultos	5	17
contactos tenerife gratis	5	17
donde puedo chatear gratis	5	17
gay ourense	5	17
maduras online gratis	5	17
xxx chat maduras	5	17
chat com chicas	4	17
chat con gente desconocida	4	17
chat online salas	4	17
chat travestys	4	17
chat.hot	4	17
colombia gay chat	4	17
contactos gays en salamanca	4	17
porno chat	4	17
sex chat español	4	17
webcam lesbiana	4	17
chat caliente gratis sin registro	3	17
chat gay de chile	3	17
chat hot gratis.	3	17
chat hot sexy	3	17
chat sexo tarragona	3	17
chat terra más de 50 andalucia	3	17
chatear con gente nueva	3	17
chats cibersexo	3	17
chay gay tenerife	3	17
contactos gay alava	3	17
donde chatear	3	17
el chat mty	3	17
el chat net gratis	3	17
para chatear con chicas gratis	3	17
tarot esoterico gratis	3	17
video chat gratis gay	3	17
adulto chat	2	17
camar gay	2	17
cams gratis	2	17
chat avenue general	2	17
chat de canarias gratis	2	17
chat em portugal	2	17
chat gratis con fotos	2	17
chat gratis lima sin registro	2	17
chat gratis mar del plata	2	17
chat gratis sin pagar	2	17
chat maduras x	2	17
chat sexo blanes	2	17
chat sunisas	2	17
chat vratis	2	17
chats en vivo gratis	2	17
chatsexual	2	17
contactos malaga gratis	2	17
hispano hat	2	17
mujeres gratis	2	17
murcia chat gay	2	17
paginas chat online	2	17
www.chat	2	17
bazoon cam	1	17
cchat gratis	1	17
chat adolesentes	1	17
chat cali.	1	17
chat chico busca chico	1	17
chat chieca euskadi	1	17
chat cormudo	1	17
chat cristiana	1	17
chat de chueca baleares	1	17
chat en costa rica	1	17
chat gay de malaga	1	17
chat gay en mexico	1	17
chat gay euskadi chueca	1	17
chat gay sin censura	1	17
chat hay madrid	1	17
chat lesbiana xxx	1	17
chat libre españa	1	17
chat pa	1	17
chat santa cruz	1	17
chat terra lesbiana	1	17
chat travestis mexico	1	17
chat trujillo gay	1	17
chat vali	1	17
chat venezuel	1	17
chatcaliemte	1	17
chatea geatis	1	17
chatear gratis en castellon de la plana	1	17
chats gratis salta	1	17
chats gratuitos en español	1	17
chatvtravesti	1	17
chsts gratis	1	17
contactos gay peru	1	17
el chat cuernavaca morelos	1	17
elchat colombia	1	17
free chat trans	1	17
gay sex chat	1	17
gente gratis	1	17
hablando con personas	1	17
latinchat lesb	1	17
nazoocam	1	17
salas gay chat	1	17
salones de chat	1	17
trío chat	1	17
vide chat gay	1	17
webchat irc gratis	1	17
zona ecuador	1	17
badoocam	0	17
busco chat gratis	0	17
caht fot	0	17
cali cali chat	0	17
cali chatear	0	17
canal chat mas de 40	0	17
char madrid	0	17
chat anónimo coahuila	0	17
chat arg salta	0	17
chat bc n	0	17
chat cornudo bogotá	0	17
chat cornudoa	0	17
chat dale chile	0	17
chat dañe	0	17
chat de cuba chatiapuesmessenger	0	17
chat de nuevo león	0	17
chat desconocidos gratis	0	17
chat el chat net	0	17
chat en vivo gratis terra	0	17
chat en.zona sur	0	17
chat fatayat habibti	0	17
chat frirnds	0	17
chat gay cananrias	0	17
chat gay cibers	0	17
chat gay en rosario redhispana	0	17
chat gay latinoamericano	0	17
chat gay panguipulli	0	17
chat gay trevia	0	17
chat gratis chueca	0	17
chat hidpsno	0	17
chat hisoano gay cantabria	0	17
chat hot lugo	0	17
chat huekva	0	17
chat irc chat	0	17
chat jaen spain	0	17
chat kiwi canarias	0	17
chat latin peru	0	17
chat mazatlan	0	17
chat mazm	0	17
chat murvia	0	17
chat online gratis medellin	0	17
chat online mexico gratis	0	17
chat org españa	0	17
chat org lima	0	17
chat porteños	0	17
chat rosario.	0	17
chat sin registrsr	0	17
chat social media	0	17
chat tacuarembo	0	17
chat tranexual	0	17
chat transexual travesti gratis	0	17
chat tulua	0	17
chat uol porto alegre	0	17
chat wrotico	0	17
chataguascalietnes	0	17
chateamos panama	0	17
chatear con argentina	0	17
chatear con gente de argentina	0	17
chatear con les	0	17
chatear gratis con mexicanos	0	17
chatear gratis en las palmas	0	17
chatgayouebla	0	17
chatgpt gratis	0	17
chatgpt gratis en español	0	17
chatgratis cali	0	17
chathotvenezuela	0	17
chatiapues mexico	0	17
chats casadas	0	17
chatschueca	0	17
chatt online caracas	0	17
chatuniversogay castellon	0	17
chaxhipen	0	17
chst ho	0	17
chstfriend	0	17
chueca chat gay cadiz	0	17
contactos gay baleares	0	17
contactos gay palma	0	17
contactos ourense	0	17
conversa gratis	0	17
conversar gratis	0	17
dale chat amigo	0	17
dalechatea uy	0	17
dales chat	0	17
deseo chatear gratis	0	17
dslecjat	0	17
el.chat bogota	0	17
elchat cr	0	17
elchst	0	17
encuentra amigos online	0	17
españolas chat sexy	0	17
ficha chat gay cadiz	0	17
gay cruising zamora	0	17
gay_granada chat	0	17
hot chat org	0	17
irc girona chat	0	17
irc terra	0	17
kiwi chatea gratis	0	17
lesbianqs	0	17
mi punto chat ambiente caracas	0	17
mirc chat bolivia	0	17
movil terra chat	0	17
necesito hablar con alguien gratis	0	17
qro chat	0	17
quiero chat jaén	0	17
quierochat barcelona	0	17
quierovhat	0	17
salas chatear	0	17
salas de chat calientes	0	17
salas de chat friends	0	17
salas de chat gay chile	0	17
terra chat 50	0	17
terra chat malaga	0	17
terra cjat	0	17
universo gay chat sevilla	0	17
universo gay net	0	17
vhat ecuador	0	17
viarodario	0	17
video chatgay	0	17
webcam gay	0	17
www.chathispanogay	0	17
xhat cali	0	17
chatzona pontevedra	16	16
salas para hablar	14	16
app para chatear gratis sin pagar	12	16
chat sexo mallorca	11	16
chat con putas gratis	10	16
chats xxx	10	16
contactos gay en huelva	10	16
para hablar con mujeres	9	16
buscar novio gay	8	16
chat caliente aleatorio	8	16
chat con desconocidos gratis	8	16
chat con europeos	8	16
chat trans en vivo	8	16
chatzine	8	16
gays en huelva	8	16
llamadas calientes numero gratis	8	16
omegle 3	8	16
omegle gay colombia	8	16
páginas de citas gratuitas	8	16
videollamada lesbiana	8	16
chat mujeres lesbianas	7	16
mujeres hot online	7	16
chts hot	6	16
online chat free	6	16
zaragoza contactos	6	16
chat con mayores	5	16
chat con putas	5	16
chat en linea lesbianas	5	16
chat judio	5	16
chat xxx sin registro	5	16
chats de sexo online	5	16
conocer chicas calientes	5	16
contactos gays cadiz	5	16
gays en ciudad real	5	16
gays en cordoba	5	16
hablar con chicas gratis sin pagar	5	16
omegle hot gratis	5	16
video chat lesbico	5	16
webcam gay chat	5	16
chat sala sexo	4	16
chat sexo gratis online	4	16
chat sin rejistrarse	4	16
chats con hombres	4	16
chicas en linea	4	16
citas tijuana gratis	4	16
cornudos en vivo	4	16
dale chat libre	4	16
lesbian chat online	4	16
omegle por texto	4	16
omegle rojo	4	16
teléfonos de chicas	4	16
travestisgratis	4	16
amigos linea	3	16
bazzom cam	3	16
chat chicas rusas	3	16
chat cine	3	16
chat con mujeres de sevilla	3	16
chat en minea	3	16
chat gijón	3	16
chat hot uruguay	3	16
chat lesbivo	3	16
chat livre portugal	3	16
chat para todos	3	16
chat porto	3	16
chat tapatios universo	3	16
chatbadajoz	3	16
chatear en línea gratis	3	16
chatgaymonterrey	3	16
chathispanos	3	16
chats horny	3	16
chst erotico	3	16
contactos ceuta	3	16
contactos en castellón	3	16
fifty chat	3	16
hablar con chicos gratis	3	16
madrid chat gay	3	16
omegle espanol	3	16
paginas para hablar de sexo	3	16
bazogam	2	16
canal cornudos	2	16
cgat caliente	2	16
char chueca	2	16
chat chueca_murcia	2	16
chat con camara y microfono	2	16
chat con gente de argentina	2	16
chat de zgz	2	16
chat gay espanol	2	16
chat gay sem cadastro	2	16
chat internacional europa	2	16
chat osos	2	16
chat para conocer mujeres gratis	2	16
chat para mujeres	2	16
chat valencis	2	16
chay gay malaga	2	16
chqt hor	2	16
chsts	2	16
dale chat uruguay	2	16
gay cáceres	2	16
hablar con gey	2	16
maduras en vivo gratis	2	16
maduras lesbianas gratis	2	16
videollamda con maduras	2	16
webcam gratis chat	2	16
bazoocama	1	16
camara gay chat	1	16
char terra	1	16
chat adultos online	1	16
chat carcas	1	16
chat cirnudo	1	16
chat cornudos liberales	1	16
chat eeotico	1	16
chat erótico lesbianas	1	16
chat gay hombres	1	16
chat gratis movil	1	16
chat gratis+	1	16
chat hormonal gay	1	16
chat online cali	1	16
chat online latino	1	16
chat travesti gratis online	1	16
chatdetodos org	1	16
chatea gratis sevilla	1	16
chateagratis sumisas	1	16
chatear gratis sumisas	1	16
chats gays mexico	1	16
chst gay peru	1	16
chstsfriends	1	16
conocer amigos gratis	1	16
dalexhayea	1	16
gente chat mas de 60	1	16
gwnte chat	1	16
hat arg	1	16
hat terra	1	16
omegla . chat	1	16
omegle hablar con desconocidos	1	16
omeglq chat	1	16
paginas de contactos gratis	1	16
salad de chat	1	16
sexo gay girona	1	16
telegram gay chile	1	16
universo gay castilla leon	1	16
arg chat gay	0	16
argentina gay chat	0	16
cacers cgat	0	16
caht bogota	0	16
canal chat jaen	0	16
casadas gratis	0	16
charlas fetichistas de pies	0	16
chat ambiente venezuela gratis	0	16
chat amostad	0	16
chat antofgasta	0	16
chat bahienses mirc	0	16
chat cantabria gratis sin registro	0	16
chat chieca valencia	0	16
chat chueca castilla	0	16
chat cristiano dale	0	16
chat cuer	0	16
chat de chatear gratis	0	16
chat de dale	0	16
chat de ibagué	0	16
chat de leon españa	0	16
chat de terra valencia	0	16
chat de tucuma	0	16
chat dsle chat	0	16
chat ecuador sin registro	0	16
chat española	0	16
chat esposas y maridos	0	16
chat gay chueca almeria	0	16
chat gay de lima	0	16
chat gay logroño quiero chat	0	16
chat gay madrid rc	0	16
chat gay malags	0	16
chat gay piebla	0	16
chat gay sevillano	0	16
chat gay trevia madrid	0	16
chat gratiis	0	16
chat gratis .net	0	16
chat gratis carabobo	0	16
chat gratis.net	0	16
chat hispano león	0	16
chat hot friend	0	16
chat hot salta	0	16
chat illes	0	16
chat iquitos loreto gratis	0	16
chat l venezuela	0	16
chat latino ecuador	0	16
chat lesvicos	0	16
chat melipilla	0	16
chat nuevo leo	0	16
chat org arhentina	0	16
chat random trujillo	0	16
chat sex hisp	0	16
chat spano	0	16
chat terra cibersexo	0	16
chatar gratis	0	16
chatarg argentino	0	16
chatargmas40	0	16
chatarhentino	0	16
chatcaleinte	0	16
chatear contactos	0	16
chatergratis	0	16
chatfriemd	0	16
chatfriend peru	0	16
chatgaybuenosaires	0	16
chatgaycba	0	16
chatgratis sonora	0	16
chatiapues colombia	0	16
chatmazmorras	0	16
chats adultos uruguay	0	16
chats con	0	16
chats con camara gratis	0	16
chats para ligar sin pagar	0	16
chta friends	0	16
chueca chat ba	0	16
chueca gayvigo	0	16
chueca_canaria	0	16
chueca_galicia	0	16
contactos gay cruisong	0	16
contactos gay sevilla.chat	0	16
dale chad	0	16
dale chat cochabamba	0	16
dale chateala	0	16
dale chateo	0	16
dale tchat colombia	0	16
dalechateame chile	0	16
dalechhat	0	16
dalechr	0	16
el chat de vetacruz	0	16
en vivo lesbianas	0	16
españachat	0	16
gente cerca	0	16
gente chat peru	0	16
gentechatbadajoz	0	16
gratis xhat	0	16
haciendo amigos online gratis	0	16
hispano chat irc	0	16
hispano org	0	16
hispanochat barcelona	0	16
irc chat madrid	0	16
irc entra y conoce	0	16
irc kiwi quiero chat	0	16
latin chat trans	0	16
latín chat cali	0	16
mas de 50	0	16
mazmorra org	0	16
movil chat lleida	0	16
paginas para chatear con chicas	0	16
para hablar con amigos	0	16
salas de chat españolas	0	16
spain chat caceres	0	16
spainchat gay granada	0	16
terra chatt	0	16
web lesbianas	0	16
xat gratis sin registro	0	16
xhat lima	0	16
chat de la republica dominicana	13	15
chat zona paraguay	13	15
omegle solo mujer	12	15
amas dominantes	11	15
chatgeyperu	11	15
ircap chatzona	11	15
omegle tv español	11	15
chat en linea con mujeres	10	15
chatzona trans	10	15
lesbianas granada	10	15
chat ruso online	9	15
en vivo chat de lesbiana cuenca ecuador	9	15
chat gay cordob	8	15
chat trans xxx	8	15
gays ciudad real	8	15
omegle girl gratis	8	15
videochat hot gratis	8	15
chat +18 gratis	7	15
chat omegle español	7	15
chats omegle	7	15
contactos gay melilla	7	15
maduras xxx chat	7	15
chat lesbico malaga	6	15
chat rio de janeiro	6	15
mujeres transexuales gratis	6	15
página para hablar con gente	6	15
terra chat mas de 60	6	15
videochat gay gratis sin registro	6	15
bate papo brasil	5	15
chat sexo chicas	5	15
chicos en madrid	5	15
contactos gay chat	5	15
free sex barcelona	5	15
gays en teruel	5	15
maduras cam	5	15
maduras en vivo xxx	5	15
omegle chat org	5	15
omegle xhat	5	15
personas para hablar	5	15
sexchat sin registro	5	15
video chat gay online	5	15
bazocam.	4	15
bazoncan	4	15
bazoocam usa	4	15
chat hispano cornudos	4	15
chat hit online	4	15
chat las	4	15
chat transexual madrid	4	15
chat tras	4	15
chat-avenue	4	15
chats em portugal	4	15
citas valladolid gratis entre particulares	4	15
hablar con hombres gay	4	15
pagina para conversar con personas	4	15
paginas de travestis	4	15
videochat venezuela	4	15
videollamadas con colombianas	4	15
charlar con trans	3	15
chat del amor	3	15
chat encuentros cali	3	15
chat gratis hacer amigos	3	15
chat hot lésbico	3	15
chat onile	3	15
chat sin registro costa rica	3	15
chatear con solteras	3	15
chatear online gratis sin registrarse	3	15
chathott	3	15
chatlesvianas	3	15
chats por	3	15
cht de sexo	3	15
contactos gays en malaga	3	15
tapatios chat amor	3	15
video vhat gay	3	15
amor chat	2	15
cha peru	2	15
chat chueca avila	2	15
chat contactos whatsapp	2	15
chat de sexo en murcia	2	15
chat eeuu gratis	2	15
chat gey cordoba	2	15
chat gratis en tenerife	2	15
chat gratis sin registro terra	2	15
chat grátis sin registro	2	15
chat guy	2	15
chat hot..	2	15
chat para hablar con lesbianas	2	15
chat travestis cdmx	2	15
chat virtuales	2	15
chats online adolescentes	2	15
chats sexo las palmas	2	15
chst gay colombia	2	15
conocer gente sin registro	2	15
contactos en santiago de compostela	2	15
dalechat: you cannot send messages to this user whilst they have the +c (deaf_commonchan) mode set.	2	15
habla con amigos	2	15
honduras chat	2	15
pchat hot	2	15
travestie chat	2	15
video chta gay	2	15
boozacam	1	15
chat amateur	1	15
chat amigar	1	15
chat amos y sum	1	15
chat arg me	1	15
chat aturias	1	15
chat bogotá gay	1	15
chat caliente bs as	1	15
chat churca canarias	1	15
chat ciber sexo gratis	1	15
chat con chicos gratis	1	15
chat de sexo de lesbianas	1	15
chat gay teberife	1	15
chat gratis en español mas de 40	1	15
chat gratis en malaga	1	15
chat gratisxxx	1	15
chat illes baleares	1	15
chat kes	1	15
chat lesbiana sexo	1	15
chat ligar euskadi	1	15
chat murcia gratis sin registro	1	15
chat nudismo online	1	15
chat online gratis españa	1	15
chat online tenerife	1	15
chat sexo sin registrarse	1	15
chat sin regiatro	1	15
chat solteras gratis	1	15
chat trevia valencia gratis	1	15
chatamigos gratis	1	15
chatcam	1	15
chatear gratis con mujeres solteras	1	15
chats de coruña	1	15
chats online mexico	1	15
chatsxxx	1	15
chatwalo	1	15
chatxaliente	1	15
chay hor	1	15
chtas	1	15
cjat asturias	1	15
cjat bogota	1	15
cjat cornudos	1	15
cruising hay chat	1	15
gay chat video	1	15
gay en valladolid	1	15
lesbianas tenerife	1	15
murcia chueca chat	1	15
omegle hot español	1	15
para hablar con mujeres de guipuzcoa	1	15
piura chat	1	15
quieor chat	1	15
random chat bilbao	1	15
salas de cha	1	15
sexchat hot	1	15
vhat bogota	1	15
vidiochat gay	1	15
xxx gay chat cruising	1	15
zonahot	1	15
amigos de españa para chatear	0	15
amigosgratis	0	15
amistades mayores de 60 años gratis	0	15
bisexuales maduros chat	0	15
burgos chat	0	15
canal chat toluca	0	15
canalchatusa	0	15
chachopen	0	15
chacipen	0	15
char ecuador	0	15
chart sexo	0	15
chat alternativo movil	0	15
chat andalucia más de 50	0	15
chat anonimo quito	0	15
chat asturias gijon	0	15
chat bd sm	0	15
chat casdas	0	15
chat cba arg	0	15
chat con parejas sw	0	15
chat crusing valencia	0	15
chat cubano whatsapp	0	15
chat de citas en la habana	0	15
chat de hermosillo gratis	0	15
chat de lesbianas en argentina	0	15
chat eexo	0	15
chat erotico con mujeres	0	15
chat espaa	0	15
chat gay sin reg	0	15
chat gay vg	0	15
chat gaypuebla	0	15
chat gays df	0	15
chat gaysylesbianas uruguay	0	15
chat girano	0	15
chat gratis es	0	15
chat gratis lesviana	0	15
chat gratis sin cuenta	0	15
chat hidoano	0	15
chat hisoan	0	15
chat hispano kiwi sexo	0	15
chat hot ar	0	15
chat jsen	0	15
chat kiwi euskadi	0	15
chat larino	0	15
chat les bogotá	0	15
chat mas de 40 gratis	0	15
chat movil chueca	0	15
chat murcia org	0	15
chat peru argentina	0	15
chat peru net	0	15
chat rulet gay maduro	0	15
chat saltq	0	15
chat sexo gay granada	0	15
chat tapatío	0	15
chat teavestis	0	15
chat terra irc hispano	0	15
chat veneuela	0	15
chat xhueca	0	15
chat.medellin	0	15
chatbde sexo	0	15
chatblgota	0	15
chatbperu	0	15
chatdalw	0	15
chatea-chat	0	15
chateaperu	0	15
chatear ahora	0	15
chatear con chicos gratis	0	15
chatear con lesbi	0	15
chatear es gratis	0	15
chater gratis	0	15
chatgratisvigo	0	15
chathispano chueca euskadi	0	15
chati tv gratis	0	15
chats friend valencia	0	15
chats online cali	0	15
chatsin registro	0	15
chatsonas	0	15
chay hot anonimo	0	15
chst friend	0	15
chst rd	0	15
cht sals	0	15
chueca asturias chat hispano	0	15
chueca esualdi	0	15
chuecachat euskadi	0	15
cibersexo online gratis gratis	0	15
conocer gente cerca	0	15
contactos gay sevilla sin registrarse	0	15
dalcht	0	15
dale chat g	0	15
dale chatea argentina	0	15
dale xaht	0	15
dale xha	0	15
dale xht	0	15
dlse chat	0	15
dsle chay	0	15
el chat colombiano	0	15
el chat cornudos	0	15
el chat de los gitanos	0	15
elchat}	0	15
gay-cibersexo	0	15
gaychueca	0	15
gays cruising pagina	0	15
irc hispano kiwi chat	0	15
irc hispano sevilla	0	15
kiwi chat español	0	15
kiwi irc terra chat	0	15
latinchatpanama	0	15
meetic gratis	0	15
new york chat en espanol	0	15
nudismo gratis	0	15
paranschat	0	15
quiero chatear con mujeres	0	15
quierocgat	0	15
quierochat official website	0	15
sala chat dale	0	15
sala chat trujillo	0	15
sexchat dale	0	15
terra chat mazmorra	0	15
xhat uruguay	0	15
chat zona ecuador	14	14
chatzona cartagena	14	14
chat zo	12	14
chat cruising las palmas	11	14
chats porno	10	14
chat hot en vivo gratis	8	14
chat porno españa	8	14
contacto gay girona	8	14
contactos gays gran canaria	8	14
omegle chat live gratis	8	14
videollamada con lesbianas	8	14
chat aleatorio anónimo	7	14
chat con chucas	7	14
chat hot girls	7	14
chat sex irc hispano kiwi	7	14
chat sonora net	7	14
colombianas chat	7	14
contactos gays en cordoba	7	14
crossdresser chat	7	14
paginas de cornudos	7	14
porno chat gratis	7	14
aplicaciones para hablar hot	6	14
chat caliente con desconocidos	6	14
chat de sexo gratis para adultos	6	14
chatear con japoneses gratis	6	14
chatear con rusas online	6	14
chats lesbian	6	14
filipinas chat	6	14
gay segovia	6	14
videochatxxxgay	6	14
barcelona sexo gratis	5	14
chat camara gratis sin registro	5	14
chat chicas sexo	5	14
chat con hombres hot	5	14
chat de chatzona gratis	5	14
chat de sexo casual	5	14
chat de transexual	5	14
chat hit gratis	5	14
chat mujeres cachondas	5	14
chat valenxia	5	14
conocer personas online gratis	5	14
maduras web	5	14
omegle con mujeres gratis	5	14
páginas para hablar con gente	5	14
xxx chat gratis	5	14
chat conversar	4	14
chat en cordoba españa	4	14
chat gay texto	4	14
chat hot gay madrid	4	14
chat sumisaa	4	14
chat xxx trans	4	14
comunidad cornudos	4	14
contactos gay canarias	4	14
crusing gay chat	4	14
maduras libre	4	14
navarrachat	4	14
omegle en español xxx	4	14
paginas de chat online gratis	4	14
sexo gay zaragoza	4	14
travestis online	4	14
videollamada con mujeres colombiana	4	14
chat chicas gratis sin registro	3	14
chat corula	3	14
chat del mundo gratis	3	14
chat gratis cordoba españa	3	14
chat gratis espana	3	14
chat hot sexo	3	14
chat mundial en español	3	14
chat onlind	3	14
chat para hablar con colombianos	3	14
chat sala uruguay	3	14
chat sexo on line	3	14
chat sexo vitoria	3	14
chat xxx parejas	3	14
chats grátis	3	14
contactos gays en navarra	3	14
hablar con maduros	3	14
hablar con tias	3	14
lesbianaschat	3	14
lésbico gratis	3	14
omegla char	3	14
omegle online chat text	3	14
sexo gay en tenerife	3	14
sexo zona	3	14
camara chat gay	2	14
chat argentina xxx	2	14
chat de caceres	2	14
chat en lineq	2	14
chat en mérida	2	14
chat gay jerez	2	14
chat gay l	2	14
chat gay sin registrarte	2	14
chat gratis ecuador guayaquil	2	14
chat gratis en murcia	2	14
chat hot publico	2	14
chat lesbiabas	2	14
chat madrid españa	2	14
chat sinora	2	14
chat urug	2	14
chatagr	2	14
chatea con mexicanos	2	14
chatear con personas cerca de mi	2	14
chatear gratis en costa rica	2	14
chatia pues gay org	2	14
chats de mujeres	2	14
chst bdsm	2	14
cjat hoy	2	14
contactos en estella	2	14
dale hag	2	14
el chat en linea	2	14
gay chay	2	14
paginas de chats privados gratis	2	14
paginas de lesbianas	2	14
paginas para chatear con desconocidos	2	14
sexo gay malaga	2	14
web chat sexo	2	14
xchat hot	2	14
xxx omegle español	2	14
argentino chat	1	14
barcelona chat gay	1	14
chat bandolero	1	14
chat citas madrid	1	14
chat con cámara gratis	1	14
chat de 18	1	14
chat de chieca barcelona	1	14
chat de futbol	1	14
chat de lesbianas en español	1	14
chat de ozu	1	14
chat en santiago	1	14
chat friemds	1	14
chat gau sevilla	1	14
chat gay malaga gratis	1	14
chat gay via rosario	1	14
chat gente madrid	1	14
chat gratis 50	1	14
chat gratis andalucía	1	14
chat gratis en sevilla	1	14
chat gratis sin registro más de 40	1	14
chat hot travestis	1	14
chat lesbiana argentino	1	14
chat para conocer mujeres lesbianas	1	14
chat sexo bucaramanga	1	14
chat uruguau	1	14
chat vornudos	1	14
chat web gratis mty	1	14
chat web gratis sin registro	1	14
chatcornudos contenido	1	14
chatear con chicos gays	1	14
chatgaycali	1	14
chatguate	1	14
chatmovilkiwi	1	14
chats onlime	1	14
chieca euskadi	1	14
chueca asturias gay	1	14
conocer gente por internet	1	14
dalas de chat	1	14
dalechaeta	1	14
dske chat	1	14
irc hispano online	1	14
latinchst	1	14
paginas de chat para conocer personas	1	14
página gay	1	14
quiro chat	1	14
sumisas gratis chat	1	14
webchat barcelona	1	14
webchat peru	1	14
xhat dale	1	14
bideo chat gay	0	14
bilbao cruising chat	0	14
canal chat mas de 50	0	14
canal chat peru dale	0	14
canalchat lesbianas	0	14
castellón chat	0	14
chaat gay	0	14
chat argentina rosario	0	14
chat canal sexo	0	14
chat chueca sexo	0	14
chat chueva	0	14
chat de asolescente	0	14
chat de chateagratis	0	14
chat de guanajuato gratis. sala de chat de guanajuato	0	14
chat de sedo	0	14
chat de uru	0	14
chat del ares	0	14
chat el salv	0	14
chat en cuernavaca	0	14
chat en linea asturias	0	14
chat en linea dale	0	14
chat en linea gratis colombia	0	14
chat en línea mexico	0	14
chat en sala	0	14
chat en vivo ecuador	0	14
chat españo	0	14
chat espsña	0	14
chat gay cruising lima	0	14
chat gay de méxico	0	14
chat gay online barcelona	0	14
chat gay online valencia	0	14
chat gay spain cadiz	0	14
chat gratis de colombia	0	14
chat gratis en guatemala	0	14
chat gratis en linea whatsapp	0	14
chat gratis españa mas de 40	0	14
chat gratis españa mas de 50	0	14
chat gratis sexo cornudos	0	14
chat gratis/euskadi	0	14
chat hay barcelona	0	14
chat hispako	0	14
chat hot cba	0	14
chat kiwi hispachat valencia	0	14
chat kiwy	0	14
chat latino pr	0	14
chat ligue gratis	0	14
chat lima dale	0	14
chat manizales	0	14
chat mas de 6	0	14
chat mexico.	0	14
chat mi punto mas de 50	0	14
chat movil jaen	0	14
chat murcia.	0	14
chat murxia	0	14
chat n.l.	0	14
chat on	0	14
chat online para ligar	0	14
chat org ecuador	0	14
chat para gente de nuevo leon	0	14
chat sexo dale argentina	0	14
chat sexo vicio	0	14
chat sin java chatear gratis	0	14
chat sin registro 1v1 fre	0	14
chat terra gratis españa	0	14
chat terrra	0	14
chat totalmente gratuito	0	14
chat uol ex	0	14
chat valencia ligar	0	14
chat webchat	0	14
chat.colombia	0	14
chat.huelva	0	14
chat.sudcaliforniano	0	14
chataona me -ai	0	14
chatdelatele	0	14
chatdesonora	0	14
chatea libre	0	14
chateadale	0	14
chateagratis cantabria	0	14
chatear 40	0	14
chatear co chicas	0	14
chatear con sexo	0	14
chatear gratis sin java	0	14
chatear sobre sexo	0	14
chatear web	0	14
chatfeiend	0	14
chatfridnd	0	14
chatgaymty	0	14
chathotargentina	0	14
chats gays cruising	0	14
chats gays en madrid	0	14
chats lesbi	0	14
chats terra alternativo	0	14
chatvde sexo	0	14
chay ecuador	0	14
chst cordoba	0	14
chst gay barcelona	0	14
chst hisoano	0	14
chst nudismo	0	14
chst trujillo	0	14
cht asturias	0	14
cht viarosario	0	14
chueca madrid hispano	0	14
churca euskadi	0	14
ciber sexo sin rodeos	0	14
citas caracas chats	0	14
dale al chat de sexo	0	14
dale chat piura	0	14
dale ghat	0	14
dalechat mza	0	14
dalecjar	0	14
dqlechatea	0	14
dqlexhat	0	14
dsle caht	0	14
ealechat	0	14
el chat tabasco	0	14
free-hot	0	14
gay online chat	0	14
gaychat mty	0	14
girona chat	0	14
gratis chat terra	0	14
hablar con alguien online	0	14
hablar con gente de mérida	0	14
hispachat gay	0	14
irc hospano	0	14
jovenes maduros gay chat	0	14
lesbianas cams	0	14
madrid chat sexo ahora	0	14
madrid gay chat chueca	0	14
malaga chats cruising	0	14
mazmorra chat hispano	0	14
musiochat	0	14
paginas para conocer gente gratis	0	14
psranachat	0	14
quiero chat mas de 50	0	14
red hispana chaco	0	14
rosario chat gratis	0	14
sadomaso gratis	0	14
sala del chat	0	14
sexo gay en murcia	0	14
terra chat mas 50	0	14
terra es chat	0	14
trans en chat room	0	14
tu nuevo chat	0	14
vhathispano	0	14
y dale chat rosario	0	14
chat zone rd	13	13
cahtzona	12	13
catzona	10	13
chat zoan	9	13
videochat trans gratis	9	13
chat brazil	8	13
contactos gay en leon	8	13
habla con mujeres	8	13
mujeres para chatear por whatsapp	8	13
videollamada hot trans	8	13
chat con chicas en línea gratis	7	13
chat hot con extraños	7	13
chat hot con madura	7	13
gays cerca de mi	7	13
chat de mujeres hot	6	13
chat en asturias	6	13
chat guadalajara gratis	6	13
chat hot graris	6	13
chatear con casadas	6	13
comunidad de cornudos	6	13
contacto gay cantabria	6	13
madura videollamada	6	13
video chat venezuela	6	13
cariñosas en linea	5	13
chat amistad online	5	13
chat con chinas	5	13
chat de swinger	5	13
chat espagnol gratuit	5	13
chat lesbico colombia	5	13
contacto gay cordoba	5	13
contacto mujeres gratis	5	13
contactos igualada	5	13
fetiche chat	5	13
gay tarragona	5	13
gay zaragoza	5	13
lesbianas zaragoza	5	13
mujeres online gratis	5	13
omwgle chat	5	13
chat caliente +18	4	13
chat de mujeres cachondas	4	13
chat intercambio pareja	4	13
chat mujeres colombia	4	13
chat mundial online	4	13
chat online sem registro	4	13
citas gay gratis	4	13
citas gay online	4	13
contactos gays en asturias	4	13
contactos gays galicia	4	13
free chat gay	4	13
gay en córdoba	4	13
gays en monterrey	4	13
hor chat	4	13
kiwi ric	4	13
maduras video llamada	4	13
omegle chatt	4	13
omegle porno sin registro	4	13
online chat hot	4	13
salas de chat porno	4	13
sexo sin registrarse	4	13
sitios para hablar con chicas	4	13
videochat gays	4	13
videollamada con madura	4	13
cali zona chat	3	13
canal de lesbianas	3	13
chat con gente cerca de ti	3	13
chat de sexo grátis	3	13
chat de sexo para adultos	3	13
chat encarnacion	3	13
chat evangelico gratis	3	13
chat gratis sin registro valencia	3	13
chat latino usa free	3	13
chat web cam gratis	3	13
chatgay-spainchatgaymadrid	3	13
chats gey	3	13
chats para hablar con chicas	3	13
chats portugueses	3	13
chicas chat hot	3	13
chicas en tu zona	3	13
chta gya	3	13
conocer mujeres casadas	3	13
contactos gays en cadiz	3	13
contactos gays en huelva	3	13
contactos gays zamora	3	13
contactos talavera	3	13
dale chat adolescentes	3	13
lesbianas en peru	3	13
mujeres con mujeres gratis	3	13
omegle gay gratis	3	13
sexo gay lleida	3	13
www.chatzone	3	13
camara gay online	2	13
chat club gay	2	13
chat de baleares	2	13
chat erotico barranquilla	2	13
chat españa caliente	2	13
chat gay español sin registro	2	13
chat gay madrid.	2	13
chat gay oeru	2	13
chat gays argentina	2	13
chat gente gratis	2	13
chat mayores de 50 años	2	13
chat online sinaloa	2	13
chat sexo gay gratis	2	13
chat sexo gay tenerife	2	13
chatea con tus amigos	2	13
chatear mujeres gratis	2	13
chatgaymaduros	2	13
chats solteros	2	13
chicas hot en linea	2	13
gay en ciudad real	2	13
gente chats	2	13
latinchat peru	2	13
latinxhat	2	13
lesbico gratis	2	13
milf chat online	2	13
omeglchat	2	13
salas de chat gratuito	2	13
sex chay	2	13
cadiz gay chat	1	13
cahat hot	1	13
canalcjat	1	13
cha thispano	1	13
charlar online	1	13
chat aexual	1	13
chat altenativo	1	13
chat alternativo hispano	1	13
chat anónimo bogotá	1	13
chat bucaros gratis	1	13
chat con web	1	13
chat de bisexual	1	13
chat ecuadr	1	13
chat en line	1	13
chat gay hot malaga	1	13
chat gay per	1	13
chat gay valencia en universo gay	1	13
chat gratis comunidad valenciana	1	13
chat gratis gay asturias	1	13
chat griends	1	13
chat lebico	1	13
chat lesbiamas	1	13
chat ligar online	1	13
chat room español	1	13
chat sex sin registro	1	13
chat sexo gratis valencia	1	13
chat sexo gratis.	1	13
chat sexo gratus	1	13
chat si registro	1	13
chat varcelona	1	13
chat vivo	1	13
chat zona usa	1	13
chatear con cuba	1	13
chatear gratis con desconocidos	1	13
chatear gratis de sexo	1	13
chatgay maduros	1	13
chathispano chueca extremadura	1	13
chathispao	1	13
chatnudista	1	13
chatperú	1	13
chats sexy	1	13
chatzona tucumán	1	13
chay argentino	1	13
chst irc	1	13
chstterra	1	13
chueca murcia gay	1	13
chát gratis	1	13
citas bilbao gratis	1	13
contactos gay vilanova i la geltrú	1	13
el chat lesbiana	1	13
free chats	1	13
gay chat hot	1	13
hombres maduros gratis	1	13
https://zonainvita.com/chat	1	13
mujer chat	1	13
omegle sin regustro	1	13
sal de chat	1	13
salas chat toluca	1	13
sitio para hablar	1	13
telegram gay tenerife	1	13
video chap gay	1	13
web irc hispano	1	13
bazomcm	0	13
ber sala chat	0	13
canal chat mexico	0	13
canalcha	0	13
canalchat madrid	0	13
canalxhat	0	13
cha tterra	0	13
chag hor	0	13
chahot	0	13
char gay tenerife	0	13
char lima	0	13
chat amas sumisos bdsm	0	13
chat anonimo uruguay	0	13
chat argentino relatos	0	13
chat balear quiero	0	13
chat bello	0	13
chat casados infieles	0	13
chat chatear valencia	0	13
chat chueca cnarias	0	13
chat chueca gay malaga	0	13
chat chueca madrid kici	0	13
chat dald	0	13
chat de 30 a 40 años	0	13
chat de guayaquil	0	13
chat de houston gratis	0	13
chat de mexixo	0	13
chat de terra chat mexico gratis sin registro	0	13
chat esposas	0	13
chat extranjero	0	13
chat ftiends	0	13
chat gay cruising girona	0	13
chat gay en galicia	0	13
chat gay latinoamerica	0	13
chat gay puebal	0	13
chat gay valencia irc	0	13
chat gratis ccs	0	13
chat gratis de amistad	0	13
chat gratis malaga gay	0	13
chat gratis trasvesty	0	13
chat hot mallorca	0	13
chat hot sitios	0	13
chat hot valladolid	0	13
chat irc coruña	0	13
chat irc sex	0	13
chat kiwi bcn	0	13
chat kiwi irc alicante	0	13
chat lésbico latino	0	13
chat masde40	0	13
chat mendoxa	0	13
chat mezico	0	13
chat movil españa	0	13
chat online toledo	0	13
chat país vasco	0	13
chat peru org	0	13
chat peru-lima	0	13
chat piebla gay	0	13
chat pt net	0	13
chat salta.	0	13
chat sexo extremadura	0	13
chat sexo gente	0	13
chat sexo gratis navarra	0	13
chat sexo santiago	0	13
chat sin regidtro	0	13
chat sin regisyro	0	13
chat site gratis	0	13
chat sudcal	0	13
chat terra gay granada	0	13
chat terra quiero chat	0	13
chat todo el mundo	0	13
chatargenrino	0	13
chatcalientr	0	13
chatea gratis org	0	13
chatea grtis	0	13
chatea relatos	0	13
chatear bcn	0	13
chatear con argentinos gratis	0	13
chatear gente zaragoza	0	13
chatear gratis sin registro mas de 40	0	13
chatear sin registro y gratis	0	13
chatear terra madrid	0	13
chatg	0	13
chatgay murcia	0	13
chatgratismex	0	13
chatgratismexico	0	13
chathidpsno	0	13
chathispanoirc gay	0	13
chatlesbianas.net	0	13
chatligue zaragoza	0	13
chatmusica	0	13
chatoapues	0	13
chatourense	0	13
chats chihuahua	0	13
chats de león	0	13
chats en valencia	0	13
chats org	0	13
chats tv	0	13
chatsexomalaga	0	13
chatsites	0	13
chattenerife.net	0	13
chatting online	0	13
chatzone foro	0	13
chay gay cadiz	0	13
chay gey bcm	0	13
chqt argentina	0	13
chst cba	0	13
chst gay bcn	0	13
chst terra madrid	0	13
cht oline queretaro	0	13
cht online queretaro	0	13
chueca caht	0	13
chueca chst	0	13
citas con mujeres	0	13
como chatear sin registro	0	13
conocer a chicas	0	13
contactar con gente gratis	0	13
contactos gay ceuising	0	13
contactos gay nuevo leon	0	13
conversaciones gays	0	13
dake chst	0	13
dale al chat bdsm	0	13
dale al chat caliente españa	0	13
dale:chat	0	13
daledhat	0	13
daleghat	0	13
dañe chatea	0	13
dlae xhat	0	13
dskechat	0	13
dsle chat.	0	13
el chat de los molineros	0	13
gau cruising	0	13
gay chat madrid.org	0	13
gay coruña irc hispano	0	13
gay euskadi chat	0	13
gay granada chat irc	0	13
gaygdl	0	13
gays en corrientes	0	13
gente chat.	0	13
gente gay chat	0	13
hat gay sevilla	0	13
hot web chat	0	13
irc chat chueca	0	13
irc chat hispano kiwi	0	13
kiwi irc segovia	0	13
mirc hispano	0	13
nuevo león chat	0	13
omegle gay españa	0	13
omegle latina	0	13
omegle sin descargar	0	13
pagina gay cruising	0	13
paginas gratis para chatear	0	13
para charlar	0	13
para hablar con dominicanos	0	13
queiro chat	0	13
quiero chat valencia	0	13
sala de chat bogota	0	13
salas de chat grayis	0	13
salas de cibersexo	0	13
salas gratis de chat	0	13
salasdechatesgratis	0	13
sexchat online gratis sin registro	0	13
uol chat poa	0	13
viarosrio	0	13
webchat.terrachat	0	13
www chat sudcaliforniano	0	13
xat terra	0	13
xhat salta	0	13
chat cadiz zona	12	12
chat cornudo zona	12	12
chat gay bucaramanga	12	12
chat albacete zona	11	12
chat bdsm mazmorra	11	12
zona chat sexo	11	12
zona chat españa	10	12
llamada hot gratis	9	12
maduras videollamadas	9	12
videochat argentina	9	12
omegle de solo mujeres	8	12
chat en línea con mujeres	7	12
chat hot online free	7	12
chat porno gratis en español	7	12
chat sexo parejas liberales	7	12
chatea con chicas calientes	7	12
citas caliente	7	12
cruising mar del plata	7	12
encuentros ags	7	12
gays lleida	7	12
omegle de mujeres sin registro	7	12
paginas de morbo	7	12
chat con chicas rusas	6	12
chat con gente caliente	6	12
chat de texto omegle	6	12
chat gay medellín	6	12
chatzonw	6	12
chicas en linea gratis	6	12
gays chats	6	12
gays zamora	6	12
omegle texto español	6	12
pagina para chat gratis	6	12
videollamada maduras	6	12
app para hablar con mujeres calientes	5	12
bazocamm	5	12
chat caliente con chicas gratis	5	12
chat en huelva	5	12
chat hot omegle	5	12
chat trans free	5	12
chats mujeres gratis	5	12
contacto cornudos	5	12
gays en badajoz	5	12
hot chat live	5	12
ligar chat gratis	5	12
maduras videollamada	5	12
sexo gratis con mujeres en madrid	5	12
chat aex	4	12
chat de sexo mujeres	4	12
chat global hot	4	12
chat lesbica	4	12
chat mujeres sexo	4	12
chat with trans	4	12
chatear con mujeres de 40 a 50 años	4	12
chatelrincon	4	12
chats free	4	12
citas chat gratis	4	12
citas por whatsapp gratis	4	12
contactos trans gratis	4	12
gaychatzone	4	12
omegel chat	4	12
sexo en la zona	4	12
videollamadas con mexicanas	4	12
cat caliente	3	12
charlar con chicas	3	12
chat chicas solteras	3	12
chat de citas porno	3	12
chat en linea xxx	3	12
chat gratis adulto	3	12
chat gratis calientes	3	12
chat gratis en méxico	3	12
chat gratis on line	3	12
chat hot sale	3	12
chat lesbuanas	3	12
chat pokemon	3	12
chatear con gente cerca de mi	3	12
citas tenerife	3	12
conocer personas por chat	3	12
contactos gays en girona	3	12
dale chat gay peru	3	12
gay valencia chat	3	12
hablar con gente en linea	3	12
lesbianchat	3	12
mensajes con chicas	3	12
mujeres en vivo gratis	3	12
vhat sin registro	3	12
video chat con gay	3	12
bdsm chat online	2	12
chat chueca castilla leon gay	2	12
chat con lesbianas gratis	2	12
chat de malaga gratis	2	12
chat de valencia gratis	2	12
chat en cadiz	2	12
chat friends madrid	2	12
chat hot gay peru	2	12
chat hot hot	2	12
chat maricones	2	12
chat mendoza godoy cruz	2	12
chat oline gratis	2	12
chat room en vivo	2	12
chat sala gratis	2	12
chatear con chicas online	2	12
chato caliente	2	12
chsy hot	2	12
conversaciones hot	2	12
cruisingchat	2	12
cuat gay	2	12
dalechot	2	12
dlachat	2	12
irchispano kiwi	2	12
kiwi terra	2	12
lesbianas web cam	2	12
random chat españa	2	12
sado online	2	12
sex chat.	2	12
tios gays en cadiz	2	12
videochat con argentinas	2	12
videollamada hot madrid	2	12
whatsapp gay guadalajara	2	12
zamora gay	2	12
zonainvita.com	2	12
bazoukam	1	12
cahat gratis	1	12
chat cabo san lucas	1	12
chat caliente travesti	1	12
chat chueca burgos	1	12
chat churca madrid	1	12
chat cieza	1	12
chat de mendoza gratis	1	12
chat de sxo	1	12
chat el	1	12
chat en directo	1	12
chat erotico gratuito	1	12
chat erotico online	1	12
chat gay devilla	1	12
chat gay en bogota	1	12
chat gay gerona	1	12
chat gratis sin registro en bs as	1	12
chat hispano barcelona kiwi irc	1	12
chat la mazmorra	1	12
chat latinas gratis	1	12
chat masmorra	1	12
chat murcua	1	12
chat online hoy	1	12
chat para chicas trans gratis	1	12
chat terea	1	12
chat universogay extremadura	1	12
chat vemezuela	1	12
chat venezuels	1	12
chataer	1	12
chatcibersexo gay	1	12
chatea vlc	1	12
chatear con mujeres lindas	1	12
chats grstis	1	12
chats.	1	12
chica whatsapp gratis sin registro	1	12
cht cornudos	1	12
dale xjat	1	12
dchat hot	1	12
foro gay granada	1	12
gay cruising iniciar sesion	1	12
hispanochat web	1	12
latínchat gay	1	12
mini chat puebla	1	12
omegka chat	1	12
omegle sin login	1	12
paginas de chateo	1	12
para chatear con hombres	1	12
sala chat caracas venezuela	1	12
sala chat kiwi	1	12
sexo chat graris	1	12
shemales gratis	1	12
via rosario chat arg	1	12
video chat bazon	1	12
alternativa chat terra	0	12
baazokam	0	12
bazukacam	0	12
bszocam	0	12
c h a t argentino	0	12
calen arg chat	0	12
canal chat nl	0	12
canalchat ado	0	12
canalchat.org zaragoza	0	12
canalchatzaragoza	0	12
cchat bogotá	0	12
cchatecuador	0	12
cha venezuela	0	12
chat alternativo tarragona	0	12
chat anónimo medellín	0	12
chat arge tino	0	12
chat argentibo	0	12
chat argentinos gratis	0	12
chat argentins	0	12
chat benezuela	0	12
chat blgota	0	12
chat chieca barcelona	0	12
chat chueca madrid universo gay	0	12
chat chueca ourense	0	12
chat de encuentros gratis	0	12
chat de mex	0	12
chat de ourense	0	12
chat edomex dale	0	12
chat el caht	0	12
chat en rosario	0	12
chat en vivo medellin	0	12
chat en vivo peru	0	12
chat gay chueca aragon	0	12
chat gay chueca girona	0	12
chat gay córdoba capital	0	12
chat gay de barranquilla	0	12
chat gay din registro	0	12
chat gay hispano cadiz	0	12
chat gay la jonquera	0	12
chat gay latino chatfriends	0	12
chat gay loja	0	12
chat gay puebka	0	12
chat gay twnerife	0	12
chat gaymadridsexo	0	12
chat gey madrid kiwi	0	12
chat gratis ags	0	12
chat hispano gay extremadura	0	12
chat hispano sevilla gay	0	12
chat hombres gay online	0	12
chat jarochos veracruz	0	12
chat jor	0	12
chat larinos	0	12
chat liberal madrid	0	12
chat malaha	0	12
chat masde50	0	12
chat mexico terra gratis	0	12
chat oara les	0	12
chat oaysandu	0	12
chat on online	0	12
chat only	0	12
chat ouebla g	0	12
chat pasto	0	12
chat potosi	0	12
chat santiago sin registro	0	12
chat sexo en vivo	0	12
chat sin registro zaragoza	0	12
chat terra 564	0	12
chat terra asturias	0	12
chat terra chat mas de 40	0	12
chat terra gay malaga	0	12
chat tv madrid	0	12
chat venezueka	0	12
chat vicio lesb	0	12
chat vina del mar	0	12
chat xxx gay córdoba	0	12
chat y video bazom	0	12
chat.usa	0	12
chata argentina	0	12
chata argentino	0	12
chatbarcelonaorg	0	12
chatconcasadas	0	12
chatcristianoevangelico	0	12
chatea con argentinos	0	12
chateagra	0	12
chatear arg	0	12
chatear gratis.com	0	12
chatear leon	0	12
chatgay uy	0	12
chatgpt gratis español	0	12
chatgratis madrid	0	12
chathispano chueca canarias	0	12
chatmaza	0	12
chats cadiz	0	12
chats gays malaga	0	12
chattera	0	12
chay bogota	0	12
chsthidpano	0	12
cht swinger	0	12
chueca chat gay sevilla	0	12
chuecaeuzkadi	0	12
cjat lleida	0	12
cjatea gratis	0	12
contacto bisexual	0	12
cruising chat tarragona	0	12
dakechst	0	12
dalechatx	0	12
dalechaty	0	12
dalecjayea	0	12
dalrchatea	0	12
dañe hat	0	12
dañecjat	0	12
dslechstea	0	12
el chat minterrey	0	12
el mejor chat del mundo	0	12
gay ciber sexo	0	12
gay en peru	0	12
gaychat cl	0	12
gaychat puebla	0	12
gente cha	0	12
grupos hot de messenger	0	12
hispanochateuskadi	0	12
kiwi irc chueca euskadi	0	12
kiwiirc hispachat	0	12
latinchat amistad	0	12
latínchat panamá	0	12
leonchat hispano	0	12
merida yucatan chat	0	12
mi punto chat 40	0	12
paginas ze chat gratis	0	12
sala chat oline	0	12
sala de chat valencia	0	12
salas d ehcta	0	12
sin registro chat	0	12
sudcalifornianos mx	0	12
terra chat chueca madrid	0	12
terra chat mas de 30	0	12
terra chat republica dominicana	0	12
terrachat alter	0	12
terrqchat	0	12
video chat cay	0	12
videochat gay canarias	0	12
web chat adulto	0	12
web sexo gratis	0	12
xhat gay gratis	0	12
chat zona veracruz	11	11
sumisos chat	9	11
videollamada hot con mujeres	9	11
chst sumisas	8	11
omegle con chicas gratis	8	11
para hablar con mujeres gratis	8	11
chat aleatorio sin registro	7	11
chat en merida	7	11
chat gratis con hombres	7	11
chat milf gratis	7	11
chatear con extraños	7	11
chicas snapchat	7	11
contactos gay fuerteventura	7	11
gay paraguay	7	11
live hot gratis	7	11
tarotgratuito	7	11
video llamadas hot	7	11
chat muy hot	6	11
chat random chicas	6	11
contacto gay bilbao	6	11
contactos bisexual	6	11
contactos de parejas	6	11
sexo chat gay	6	11
tiny chat	6	11
video chat uruguay	6	11
chat anónimo online	5	11
chat con mujeres rusas	5	11
chat gente liberal	5	11
citas trujillo gratis	5	11
gays en ourense	5	11
habla con mujeres calientes	5	11
maduras whatsapp	5	11
omegle cjat	5	11
platicar con mujeres gratis	5	11
sexo casual chat	5	11
video chat ecuador	5	11
videochats hot	5	11
videollamadas porno sin registro	5	11
whatsapp gay maduros	5	11
xxx lesbianas chat	5	11
bucaramanga chat	4	11
cha en linea	4	11
chat castilla leon	4	11
chat de lesbianaa	4	11
chat gratis webcam	4	11
chat is hot	4	11
chat sexo sevilla	4	11
chateo hot	4	11
contacto con gays	4	11
contactos gays málaga	4	11
contactos vilanova	4	11
hablar con mujeres de sexo	4	11
hot online chat	4	11
omegle chat en vivo	4	11
online chat gratis	4	11
bondage chat	3	11
char lesbianas	3	11
chat anónimos	3	11
chat caliente argentina	3	11
chat con amigos gratis	3	11
chat escrito español	3	11
chat friends online	3	11
chat hombres gay	3	11
chat japonesas gratis	3	11
chat ligar badajoz	3	11
chat para adolecentes	3	11
chat sexo hratis	3	11
chat swinger online	3	11
chatea en línea	3	11
chatear con mujeres en vivo	3	11
chatear con mujeres trans	3	11
chats calientes.	3	11
conoce gente xxx	3	11
conocer transexuales	3	11
contactos gays guipuzcoa	3	11
contactos gays mallorca	3	11
conversar online	3	11
cruissing chat	3	11
dale chat porno	3	11
donde chatear con gente gratis	3	11
europa chat	3	11
gay vizcaya	3	11
gey chat	3	11
grupos hot snapchat	3	11
mujeres en línea para chatear	3	11
omegla.char	3	11
trans hot chat	3	11
aplicaciones para hablar con mujeres cachondas	2	11
char sin registro	2	11
chat ain registro	2	11
chat argentino gratis sin registro	2	11
chat bfsm	2	11
chat con chicas caliente	2	11
chat con mujeres cachondas gratis	2	11
chat de chica	2	11
chat gay coñombia	2	11
chat jaen gay	2	11
chat para conocer persona	2	11
chat publico online	2	11
chat sexo jaen	2	11
chat sumiss	2	11
chatchueca madrid	2	11
chatear con mujeres sin registro	2	11
chatgratis españa	2	11
chathot free	2	11
chats eroticos	2	11
chats gratis valencia	2	11
chats+18	2	11
chueca bcn chat	2	11
cjat lesbianas	2	11
conocer gente chat gratis	2	11
conocer personas online	2	11
cuat hot	2	11
gay directo	2	11
ligar en badajoz	2	11
mujeres chatear	2	11
o.egle chat	2	11
omegle sin registrarte	2	11
pagina gay	2	11
platicar con personas en linea	2	11
sadomazo chat	2	11
salas para chatear gratis sin registro	2	11
salasde chat	2	11
sexo chats	2	11
webcams lesbianas	2	11
xhat en linea	2	11
bazzon chat	1	11
bdsmclub	1	11
bideochat gay	1	11
canal chat malaga gay	1	11
cchat gay	1	11
chat aleatorio gay	1	11
chat anonimo las palmas	1	11
chat argentiko	1	11
chat argwntina	1	11
chat barraquilla	1	11
chat bta	1	11
chat caracs	1	11
chat de maldonado	1	11
chat de sexo gratis sin registrarse	1	11
chat de solteros y divorciados	1	11
chat en nueva esparta	1	11
chat foto gratis	1	11
chat fre	1	11
chat gay amigos	1	11
chat gay gratis en barcelona	1	11
chat gay privado	1	11
chat gay puebla.	1	11
chat gay tenerifw	1	11
chat gratis bgta	1	11
chat gratis}	1	11
chat guarras	1	11
chat hot cordoba capital	1	11
chat hot méxico	1	11
chat hota	1	11
chat justin bieber	1	11
chat latinoamerica gratis	1	11
chat lesb net	1	11
chat online internacional	1	11
chat para parejas liberales	1	11
chat por el mundo	1	11
chat português gratuito	1	11
chat sex bogota	1	11
chat sin refistro	1	11
chat terra girona gratis	1	11
chat valladilod	1	11
chata gay	1	11
chatchueca valencia	1	11
chatear chatear	1	11
chatear con hombres mayores	1	11
chatear sin registro españa	1	11
chatestadosunidos	1	11
chatgay mty	1	11
chatgeneral	1	11
chatgya	1	11
chatirchispano	1	11
chicas web gratis	1	11
chstonline	1	11
chueca bilbao	1	11
contactos chiriqui	1	11
contactos chueca	1	11
contactos de honduras	1	11
dalechat online	1	11
del chat hot	1	11
el chat 2	1	11
encuentro con trans gratis	1	11
escort chat	1	11
foro gay tarragona	1	11
gacrusing	1	11
gays madrid	1	11
hablar con hombres en linea	1	11
maduras free	1	11
paginas de chat sin registro	1	11
quiero chat kiwi irc	1	11
quierochat com	1	11
sala de char	1	11
sala de sexo chat	1	11
salas fe chat	1	11
video chat hot online	1	11
videochat bazo	1	11
webchat guipuzcoa	1	11
webchat porno	1	11
xhat gay malaga	1	11
amistad chat gratis	0	11
argentina chat gay	0	11
cahtgratis	0	11
cajt desex	0	11
canal chat cornudo	0	11
cat hispano	0	11
char bogotá	0	11
chat alternativa	0	11
chat amistad bolivia	0	11
chat amor en linea gratis	0	11
chat anonimo valencia	0	11
chat balears	0	11
chat bogoga	0	11
chat bruja	0	11
chat caliente colombiano	0	11
chat calkente	0	11
chat chihuahia	0	11
chat chile y regiones	0	11
chat chueca barcelona gay	0	11
chat chueca vigo gay	0	11
chat chueca ya	0	11
chat ciudad blanca	0	11
chat colomvia	0	11
chat con desconocidos chile	0	11
chat con mexicanos gratis	0	11
chat costarica	0	11
chat de guipuzcoa	0	11
chat de santeria	0	11
chat en yucatan	0	11
chat erotica gratis	0	11
chat free usa	0	11
chat fridns	0	11
chat gay ahora	0	11
chat gay arg buenos aires	0	11
chat gay churca	0	11
chat gay dominicano	0	11
chat gay gratis y sin registro montevideo	0	11
chat gay monte	0	11
chat gay sebilla	0	11
chat gay travestis	0	11
chat gay uu	0	11
chat gfatis	0	11
chat gratis amistad españa	0	11
chat gratis de andalucia	0	11
chat gratis de guayaquil	0	11
chat gratis en cba cap	0	11
chat gratis en menorca	0	11
chat gratis hispano alicante	0	11
chat gratis valparaíso	0	11
chat grupal peru	0	11
chat hispachat tarragona	0	11
chat hispano madrid chueca	0	11
chat hispano palencia	0	11
chat hispano rosario	0	11
chat hot chatear	0	11
chat iquqiue	0	11
chat irl	0	11
chat kiwi cuenca	0	11
chat lesbiana bogota	0	11
chat lesbico rosario	0	11
chat maduros gay mexico	0	11
chat mejico	0	11
chat mwxico	0	11
chat nas de 60	0	11
chat net uruguay	0	11
chat ogota	0	11
chat online mty	0	11
chat online org lesbianas	0	11
chat para hispanos en usa	0	11
chat portal	0	11
chat pub	0	11
chat religiosa	0	11
chat sexo.gratis	0	11
chat tenerife g	0	11
chat tenerife hispano	0	11
chat tenerife norte	0	11
chat terra castellon	0	11
chat terra euskadi	0	11
chat terra lleida	0	11
chat terra navarra gratis	0	11
chat terra powered	0	11
chat tranx	0	11
chat vinaros	0	11
chat.cali	0	11
chatamigos euskadi	0	11
chataona.com -ai	0	11
chatdetodos,org	0	11
chatea cornudos	0	11
chateagratis costa rica	0	11
chateagrstis gay	0	11
chateame madrid	0	11
chateamos terra	0	11
chatear con personas cibersex	0	11
chatear gratis en grupos de cordoba	0	11
chatear gratis les	0	11
chatear gratis y sin registrarse	0	11
chatenchihuahua	0	11
chatgay en murcia	0	11
chatgratis jaen	0	11
chathiapno	0	11
chathispano chat	0	11
chatster gay	0	11
chatvgay puebla	0	11
chatzona caliente	0	11
chatzona gay en medellín	0	11
chayea gratis	0	11
chst leon	0	11
chst srg	0	11
chst vigo	0	11
chstear gratis	0	11
chueca castilla la mancha	0	11
chueca chat navarra	0	11
chueca_com_valenciana	0	11
cibersexo gay universo	0	11
citasgaymadrid	0	11
cjatsfriends	0	11
contacto cruising gays	0	11
contacto gay cruising girona	0	11
contacto sado	0	11
contactos navarra	0	11
conversar con personas en bogotá	0	11
cruising contactos españa	0	11
dale chat gratis madrid	0	11
dalechah	0	11
dalecuat	0	11
dañe xhat	0	11
el chat de ozu	0	11
el chat gratis oaxaca	0	11
el corito chat dominicano	0	11
el corito dominicano chat	0	11
el mejor chat de california	0	11
ficha canal chueca valencia	0	11
free chat adolescentes	0	11
free lesbian chat	0	11
gay chat senza registrazione	0	11
gay chat sin	0	11
gay cruising chats	0	11
gay cruising la rioja	0	11
gaycrusng	0	11
gaymurcia	0	11
gays crusing web	0	11
gente c h a t	0	11
gente chat zaragoza	0	11
hablar con gente de todo el mundo	0	11
hombres chat gay valencia	0	11
irc chat gay sevilla	0	11
irc hispano kiwi movil	0	11
irc hispano web chat	0	11
irc valencia	0	11
juegos chat	0	11
juegos con chat para ligar	0	11
kiwi.webchat	0	11
la mejor sala de chat	0	11
laton chat	0	11
ligar sin	0	11
lima chat gay	0	11
madrid chat gratis	0	11
misiocht	0	11
omegle ga	0	11
online chat zdarma	0	11
paginas de cibersexo	0	11
quiero xhat	0	11
quiwrochat	0	11
qué es chat hot	0	11
salas de chat gratis sin registros online	0	11
salas de chay	0	11
servidor irc hispano	0	11
sex chat gay barcelona	0	11
sexey chat	0	11
sexo casadas chat	0	11
sexo gay perú	0	11
sexo gay rosario chat	0	11
tchat gay tenerife	0	11
terra chat latino usa	0	11
terra chst movil	0	11
terra chueca madrid	0	11
terrachatalternativo	0	11
universo gay valencia	0	11
valencia chat gay kiwi	0	11
vd cht gy	0	11
ver chat gay español	0	11
video chat morbo del	0	11
video cjat gay	0	11
vídeochat gay	0	11
www.chathispano	0	11
xxxgay rosario	0	11
chat encuentro las palmas	10	10
chat zona sumisa	10	10
chats medellín	10	10
zonachat gay tarragona	10	10
xxx chatgay	9	10
contactos gay en albacete	8	10
el chat zona	8	10
chat omgle	7	10
chat con solteras	6	10
chat hot o line	6	10
chst barranquilla	6	10
fetiches chat	6	10
gay monterrey	6	10
milf chat gratis	6	10
sexo gratis trujillo	6	10
chat con cámara y micrófono sin registro	5	10
chat hot tinder	5	10
chat porno español	5	10
chat solo mujeres	5	10
chatear con chicas por whatsapp	5	10
contactos gays bizkaia	5	10
gays en rosario	5	10
maduras en live	5	10
omegle chat con mujeres	5	10
parejas liberales españa	5	10
salas chat lesbianas	5	10
sexo gay monterrey	5	10
sexo gratis gran canaria	5	10
chat candente	4	10
chat hot gay burgos	4	10
chat jhot	4	10
chat lesbianas murcia	4	10
chat sexo argentina	4	10
chat tarot online	4	10
chats hits	4	10
chats hots xxx	4	10
chatssexo	4	10
contactos gay maduros	4	10
contactos gay mallorca	4	10
contactos gays en cantabria	4	10
encuentros las palmas	4	10
gay en huelva	4	10
gay py	4	10
gay valladolid	4	10
lesbianas coruña	4	10
lesbianas en malaga	4	10
lesbianas guadalajara	4	10
mujeres calientes online	4	10
pagina cornudos	4	10
television chat	4	10
video chat bazoom	4	10
videochat travestis	4	10
webs para chatear	4	10
xxx chats	4	10
ablar con chicas	3	10
bogota gay chat	3	10
canal lesbico	3	10
chap sexo	3	10
chat con camara web	3	10
chat gay valencia gratis	3	10
chat gratuito sem registro	3	10
chat hot chile	3	10
chat hot paginas	3	10
chat oline sexo	3	10
chat online conversa	3	10
chat p****	3	10
chat punta del este	3	10
chat sexo pontevedra	3	10
chat sexual mujeres	3	10
chatear gratis trans	3	10
chatear hot gratis	3	10
chatgratis sevilla	3	10
chatguatemala	3	10
chatliguesevilla	3	10
chats calientes en vivo	3	10
chats globales	3	10
gay burgos	3	10
gay castellón	3	10
hablar con jente	3	10
lesbianas chat xxx	3	10
lesbianas videollamada	3	10
ligar en vitoria	3	10
llamadas hot gratis	3	10
omegle para lesbianas	3	10
omegle para ligar	3	10
osos gay chat	3	10
sexo en chat	3	10
videochathotgay	3	10
web gay cruising	3	10
anuncios gay tenerife	2	10
cahat sexo	2	10
chat amigos gratis sin registro	2	10
chat con extraños	2	10
chat con fotos y videos	2	10
chat con muneres	2	10
chat de todo el mundo	2	10
chat en castellano	2	10
chat firnds	2	10
chat froends	2	10
chat gay buenos aires	2	10
chat gay zarahoza	2	10
chat hispano murcia	2	10
chat hot 18+	2	10
chat hot maduros	2	10
chat online valencia	2	10
chat para chicos	2	10
chat por no gratis	2	10
chatear con mujeres soltera	2	10
chatibiza	2	10
chats gratuito	2	10
chats hot gay	2	10
chats hots porno	2	10
chats para hablar con desconocidos	2	10
chats web	2	10
chst csliente	2	10
cht en linea	2	10
citas gratis cádiz	2	10
citas sexo barcelona	2	10
cjatear	2	10
conocer personas en línea gratis	2	10
contactos gays granada	2	10
gay en cordoba	2	10
gays en linea	2	10
latin chat jalisco	2	10
latin chat sin registro	2	10
omegle sin restricciones	2	10
paginas para conversar con personas	2	10
quieto chat	2	10
random chat argentina	2	10
salas de chat gratis gratis online	2	10
sexo gay córdoba	2	10
sitios de chat para conocer personas gratis	2	10
swinger chats	2	10
tener sexo gratis	2	10
videollamadas con travestis	2	10
web hot	2	10
bazoocamd	1	10
casada chat	1	10
chag sexo	1	10
char cornudo	1	10
chariapues	1	10
chart de sexo	1	10
chat anónimo bdsm	1	10
chat calienhe	1	10
chat caliente lesbico	1	10
chat caliente x	1	10
chat chueca badajoz	1	10
chat con gente gay	1	10
chat contactos barcelona	1	10
chat cornudos y cornudas	1	10
chat de castilla la mancha	1	10
chat espiritualidad	1	10
chat gay chueca jaen	1	10
chat gay cordiba	1	10
chat gay malag	1	10
chat gay teneride	1	10
chat gey online	1	10
chat gratis asuncion	1	10
chat gratis extranjeras	1	10
chat guarico	1	10
chat mujeres y hombres	1	10
chat noia	1	10
chat onli e	1	10
chat onlyne	1	10
chat onnline	1	10
chat parejas barcelona	1	10
chat parejas xxx	1	10
chat por i	1	10
chat privado	1	10
chat room portugal	1	10
chat sexo lesbiana	1	10
chat sexul	1	10
chat sin inscripcion	1	10
chat telefonico gratis	1	10
chat tuxtla gutierrez chiapas	1	10
chat zaragiza	1	10
chatchuecagay	1	10
chatear gartis	1	10
chatgay chile	1	10
chatgitanos	1	10
chathispàno	1	10
chathotespaña	1	10
chatmorelia	1	10
chats con chicas solteras	1	10
chats de internet	1	10
chats en lima	1	10
chats hot con chicas	1	10
chats latino	1	10
chats para conocer chicas	1	10
chatsfrirnds	1	10
chatterrahuelva	1	10
chst hot.	1	10
chta bogotá	1	10
colombiachat	1	10
contactos gratis	1	10
el chat mexicano	1	10
gay chat chueca madrid	1	10
gay chat room	1	10
lesbianasmaduras	1	10
llamadas con mujeres mayores	1	10
mujeres lesbianas en vivo	1	10
número de teléfono de hombres gays	1	10
omegle online gratis español	1	10
paginas para charlar	1	10
páginas de chat en vivo gratis	1	10
rosario gay	1	10
salas de chat medellin	1	10
sexo barcelona	1	10
sexo gay en girona	1	10
sexo gratis bogotá	1	10
sitio para chatear	1	10
videochag gay	1	10
web chat omegle	1	10
webchat dalechat	1	10
www viarosario com ar chat	1	10
xxxmadurasgratis	1	10
avaune chat	0	10
badoomcom	0	10
bazooom cam	0	10
buscar chatear gratis	0	10
cadizchat	0	10
calent chat	0	10
canal chatorg	0	10
cbat gratis	0	10
cbat hot	0	10
chargay	0	10
chat amdrid	0	10
chat amigos chile	0	10
chat amigos valencia	0	10
chat anonimo rosario	0	10
chat argentna	0	10
chat arhentino	0	10
chat bogota org	0	10
chat caki	0	10
chat caliente hot españa me	0	10
chat caliente villavicencio	0	10
chat caracas mi punto	0	10
chat chicas y chicas	0	10
chat chihua	0	10
chat chsco	0	10
chat chueca guiri	0	10
chat chueca sevilla gay	0	10
chat chyeca	0	10
chat cibersexo dale	0	10
chat con gringos	0	10
chat cornudos biz	0	10
chat dale barcelona	0	10
chat de amigos colombia	0	10
chat de bogot	0	10
chat de cruising madrid	0	10
chat de gay en murcia	0	10
chat de infiel	0	10
chat de lesbianas terra	0	10
chat de sdolescente	0	10
chat de sexo medellin	0	10
chat de sexo mexico	0	10
chat de sezo hispano	0	10
chat de zulia	0	10
chat domimicano	0	10
chat dominacion femenina	0	10
chat dominicano santiago	0	10
chat dqle	0	10
chat eaoanol usa	0	10
chat en linea medellín	0	10
chat entretenido	0	10
chat erotico castellano	0	10
chat friwnds	0	10
chat gay almeria	0	10
chat gay argeng	0	10
chat gay colombi	0	10
chat gay gratis en colombia	0	10
chat gay medano	0	10
chat gay uruguayo	0	10
chat gente hispana	0	10
chat geomundo	0	10
chat geomundos malaga	0	10
chat gratis caceres	0	10
chat gratis galici	0	10
chat gratis gays málaga	0	10
chat gratis mérida	0	10
chat gratis para conocer chicas	0	10
chat guy asturias spainchat	0	10
chat hay uruguay	0	10
chat hispano bcn	0	10
chat hispano gay cadiz	0	10
chat hispano gente nueva	0	10
chat hispano version antigua	0	10
chat hispaono	0	10
chat hor.	0	10
chat hot alicante	0	10
chat hot cuba	0	10
chat hot ecusdor	0	10
chat hot sec	0	10
chat latino airg	0	10
chat latino dale	0	10
chat ligue gay	0	10
chat loma	0	10
chat maduras lesbianas chueca	0	10
chat masrid	0	10
chat melilla terra	0	10
chat murcia sexo	0	10
chat más de 60 valencia	0	10
chat online guayaquil	0	10
chat org usa	0	10
chat panama.	0	10
chat para cubanos	0	10
chat parajsa	0	10
chat pasion	0	10
chat petu	0	10
chat política arg	0	10
chat random español dale	0	10
chat santiago veraguas	0	10
chat sex ags	0	10
chat sex online	0	10
chat sexo bizkaia	0	10
chat sexo pamplona	0	10
chat sin jaba	0	10
chat sin registro sexo	0	10
chat swx	0	10
chat terra gay coruña	0	10
chat tias sevilla	0	10
chat toing cl	0	10
chat transexual argentino	0	10
chat volombia	0	10
chat web irc	0	10
chat yuctaan	0	10
chat-cordoba.html	0	10
chat.online chat	0	10
chatbalear	0	10
chatbuenosaires	0	10
chatdechueca	0	10
chateafriends	0	10
chateagratis org	0	10
chatear con mujer	0	10
chatear con venezuela	0	10
chatear gratis con chicos	0	10
chatear hacer amigos	0	10
chatear ozu	0	10
chatfirneds	0	10
chatfriendz	0	10
chatfrineds	0	10
chatgpt gratis online	0	10
chatiar con	0	10
chatmadrid kiwi	0	10
chatmujerescalientes	0	10
chats 18	0	10
chats chilenos	0	10
chats online español	0	10
chatsexo ya	0	10
chatsfriends peru	0	10
chatsinaloa	0	10
chatslp	0	10
chatsonoragratis	0	10
chatsrgentino	0	10
chatsudca	0	10
chattrasvesti	0	10
chatvsexo	0	10
chatzona chachioen	0	10
chayear	0	10
chqt de sexo	0	10
chst sonora	0	10
chueca cabarias	0	10
chát cali	0	10
citas en cali gratis	0	10
citas gay sin compromiso	0	10
ciudad blanca chat	0	10
cjat cordoba	0	10
cjat gay sevilla	0	10
colombia chat dale	0	10
comandos irc hispano	0	10
conocer gente vigo gratis	0	10
contactos gay logroño	0	10
contactos gay perú	0	10
contactos gays tudela	0	10
contactos gratis asturias	0	10
cuat gratis	0	10
dale al chat ecuador	0	10
dale cahat	0	10
dale chat .	0	10
dale chat bdsm	0	10
dale chat bolivia	0	10
dale chat córdoba	0	10
dale chatr	0	10
dale chatç	0	10
dale cjst	0	10
dale cvat	0	10
dalecghat	0	10
dalechat las palmas	0	10
dalechat mas 40	0	10
dalechatea colombia	0	10
dalechatea.com	0	10
dalecjhat	0	10
darle chat	0	10
dañechayea	0	10
dlae chatea	0	10
dqle xhat	0	10
eh chat	0	10
el chat erótico	0	10
elcbat	0	10
elchat-com	0	10
encontrar amigos en el chat	0	10
fale xhat	0	10
fetiche gratis	0	10
gay tudela navarra	0	10
gay web chat	0	10
gaycibersex	0	10
gays cruising inicio	0	10
gemte chat	0	10
gratis chat social	0	10
gratis sexochat	0	10
hablar con gays puebla	0	10
irc chatvterra	0	10
irc hidpano	0	10
irc hispano zaragoza	0	10
juacha cruising contactos	0	10
kiwi chat vitoria	0	10
kiwi cht	0	10
latin chat paises	0	10
latincaht	0	10
latinchat kiwi	0	10
lesbianas cx	0	10
misiocha	0	10
mobifriends registrarse	0	10
movilchat terra	0	10
moviles kiwi chat	0	10
más 40 gratis	0	10
paginas para chatear en españa	0	10
paranahat	0	10
pdale chat	0	10
quiero chat kiwi	0	10
quierochat illes balears	0	10
sala chat caliente gay cuba dale chat	0	10
sala de chat libre	0	10
sala de citas gratis	0	10
salachat me	0	10
salas de chat amigos	0	10
salas de chat gratis con fotos	0	10
salas de chat gratis oline	0	10
salechatea	0	10
server irc hispano	0	10
sevillachat gay	0	10
sex chat ags	0	10
sex chat gratis vigo	0	10
sexo chat caliente	0	10
sitios chatear gratis	0	10
spain chat gay murcia	0	10
terra chat alternative	0	10
terra chat girona	0	10
terra chat las palmas gratis	0	10
terra chat leon	0	10
terra chat pamplona	0	10
terra chat sala cantabria	0	10
terra hispano chat	0	10
terrachag	0	10
terrachat granada	0	10
terrachst bcn	0	10
usa chats	0	10
viarossrio chat	0	10
videochat gay peru	0	10
videochaygay	0	10
videollamada sexo gay sin registro	0	10
vio. chat. gay	0	10
webchatdsle	0	10
wuiero chat	0	10
www el chat com	0	10
www.chatealo.cl/webchat/	0	10
xhat zaragoza	0	10
xhats gays	0	10
paginas para hablar con chicas	9	9
chat java gratis	8	9
chat zona chat gay	8	9
chatzonegratis	8	9
cruising en vivo	8	9
lesbianas paraguay	8	9
sexo gratis con maduras	8	9
video chat trans gratis	8	9
charzone	7	9
chat hot online sin registro	7	9
chat sao paulo	7	9
chay valencia	7	9
maduras numeros	7	9
sexo virtual gratis	7	9
videochat caliente gratis	7	9
basucam	6	9
camsurf: chat	6	9
chat gratis en directo	6	9
chat indonesia	6	9
club maduras gratis	6	9
grupos porno de zangi	6	9
video chat trans	6	9
videollamas hot	6	9
canada chat	5	9
chat gay en chile	5	9
chat hot girl	5	9
chat hot para adultos	5	9
chat online +18	5	9
chat para conocer gente whatsapp	5	9
chat privado con chicas	5	9
chat tapatíos	5	9
chatea con mujeres hot	5	9
chatear con terra	5	9
chicas calientes en linea	5	9
chicos gay de andalucia	5	9
gays avila	5	9
grupos para hablar con mujeres	5	9
maduritas online	5	9
paginas travestis	5	9
videollamadas hot gratis sin registro	5	9
aplicaciones para chatear gratis con mujeres	4	9
aplicaciones para hablar con mujeres en vivo	4	9
caht sex	4	9
chat chicas online	4	9
chat con desconocidos porno	4	9
chat con mijeres	4	9
chat encuentros gay	4	9
chat gratis con personas	4	9
chat gratis milf	4	9
chat gratis sexy	4	9
chat hot ig	4	9
chat para mayores de 60 años	4	9
chatear con cristianos	4	9
chats eróticos	4	9
chatxxxgratis	4	9
chicas en vivo chat gratis	4	9
conocer mujeres hot	4	9
contactos gays bilbao	4	9
contactos gays palencia	4	9
free sex madrid	4	9
gays en lleida	4	9
madres solteras chat	4	9
mujeres solteras para chatear	4	9
omegle caht	4	9
paginas para videollamadas calientes	4	9
para chatear con mujeres	4	9
sala de chat lesbianas	4	9
sala de chat portugal	4	9
sexo gratis manresa	4	9
sitios web para chatear	4	9
video chat gay español	4	9
videollamada con desconocidos	4	9
videollamada con mujeres solteras gratis sin registro	4	9
app de chat hot sin pagar	3	9
chaco chat	3	9
chas gratis	3	9
chat amsitad	3	9
chat anonimo sexual	3	9
chat de cadiz gratis	3	9
chat de lesbianas maduras	3	9
chat do uol	3	9
chat en vivo mujeres solteras	3	9
chat gay gordos	3	9
chat gratis con webcam	3	9
chat hotr	3	9
chat para chatear con mujeres	3	9
chat trans whatsapp	3	9
chatear con chicas rusas	3	9
chato gay	3	9
chats hot sin registro	3	9
chats para conversar	3	9
chats para hablar con mujeres	3	9
conocer mujeres calientes	3	9
conocer trans gratis	3	9
contacto gay malaga	3	9
contactos lesbicos	3	9
gay colombia chat	3	9
gays cruising iniciar sesion	3	9
mamas solteras chat	3	9
paginas de citas medellín gratis	3	9
platicas calientes	3	9
pmegle chat	3	9
sexo virtual chat	3	9
trans en vivo	3	9
videochat uruguay	3	9
webcam gay españa	3	9
zona sexo	3	9
zona trans	3	9
bazacam	2	9
cha5 hot	2	9
chat alcalá de henares	2	9
chat amoroso	2	9
chat anónimo españa	2	9
chat besm	2	9
chat bogotá latino	2	9
chat caliente guadalajara	2	9
chat colombis	2	9
chat con gey	2	9
chat con mujeres argentinas	2	9
chat con personas cerca de mi	2	9
chat con web gratis	2	9
chat conocer amigos	2	9
chat de chueca murcia	2	9
chat gay apodaca	2	9
chat gay on line	2	9
chat gays granada	2	9
chat gratis amistad sin registro	2	9
chat gratis panama sin registro	2	9
chat hiot	2	9
chat hot valencia	2	9
chat mujeres dominantes	2	9
chat online mujeres gratis	2	9
chat paginas	2	9
chat para platicar con gente	2	9
chat sexo gratuito	2	9
chat sexo medellin	2	9
chat sexo travesti	2	9
chat sin registro porno	2	9
chat sin registro y gratis	2	9
chat terra 12 a 15	2	9
chat trana	2	9
chat trujilo	2	9
chatcalient	2	9
chatcasadas	2	9
chatear conocer gente	2	9
chats en costa rica	2	9
cht sex	2	9
contactos gays crusing	2	9
filipina chat	2	9
gay córdoba	2	9
gaychat bcn	2	9
ligar en huelva	2	9
maduras en tu zona	2	9
mensajear con desconocidos	2	9
omegle español online	2	9
omegle sin inicio de sesion	2	9
omegle sin registros	2	9
pagina para hablar de sexo	2	9
pmegla chat	2	9
sexo gratis sin registro	2	9
tierra chat	2	9
video llamada caliente	2	9
videollamada con mujeres españolas	2	9
bazoocam en español	1	9
bazzicam	1	9
caht terra	1	9
camsurf xxx	1	9
canal chat huelva	1	9
char gay madrid	1	9
chat antioquia	1	9
chat argentimo	1	9
chat caiente	1	9
chat caliente usa	1	9
chat con foto	1	9
chat cordiba	1	9
chat de amigo	1	9
chat de hermosillo	1	9
chat de video gay	1	9
chat del sexo gratis	1	9
chat en ags	1	9
chat erptico	1	9
chat españa gratis sin registro	1	9
chat frin	1	9
chat gay corfoba	1	9
chat gay gratis con camara	1	9
chat gay inline	1	9
chat gay mavarra	1	9
chat gay rossrio	1	9
chat gay tenreife	1	9
chat gratis sin anuncios	1	9
chat h9t	1	9
chat hot is	1	9
chat hot sevilla	1	9
chat irc español	1	9
chat para follar gran canaria sexo telefónico	1	9
chat para ligar con chicas	1	9
chat terra navarra	1	9
chat urugay	1	9
chat valparaiso quinta region	1	9
chat venezuwla	1	9
chat videojuegos	1	9
chat zg	1	9
chat.hoy	1	9
chatea con hombres	1	9
chatear con peruanas	1	9
chatearte	1	9
chatferrol	1	9
chatiapues.com	1	9
chatkiwiirc	1	9
chato line	1	9
chatparaligar	1	9
chats lesbianas xxx	1	9
chats para casados	1	9
chatsfrienfs	1	9
chattear	1	9
chuecabarcelona kiwi	1	9
citas guatemala gratis	1	9
cjat mazmorra	1	9
contacto gay toledo	1	9
dale chatm	1	9
el chat de cba	1	9
erotic chat	1	9
gay char	1	9
gratis chat cadiz	1	9
hablar en línea	1	9
kiwi chat online	1	9
kiwi irc webchat	1	9
latinas chat	1	9
latinchat bucaramanga	1	9
ligar en sevilla gratis	1	9
maduras cam gratis	1	9
omegle por	1	9
pagina chat en vivo	1	9
quierochta	1	9
sala de cha	1	9
salas de chat gratuitas	1	9
sexo chot	1	9
sexo gay murcia	1	9
via rosario.chat	1	9
video chat gay españa	1	9
videochat gay españa	1	9
videochat gratis con maduras	1	9
xhat gay rosario	1	9
#gay_granada	0	9
alechatea	0	9
algun chat	0	9
algun chat bueno	0	9
argenchat argentino	0	9
ateio chat	0	9
bizocam	0	9
busca chat	0	9
buscar salas de chat gratis	0	9
busco chatear	0	9
caht colombia	0	9
canal chat gay maduros	0	9
canal de chat adolescente	0	9
canalcjat ado	0	9
cgat sevilla	0	9
cha kiwi	0	9
chad amigos	0	9
chad de sexo	0	9
char libre	0	9
charfriends	0	9
charla sexo chat	0	9
chat aaturias	0	9
chat bdsm sin registro	0	9
chat bogotá online	0	9
chat brcelona	0	9
chat buenos	0	9
chat burriana	0	9
chat calent arg	0	9
chat chueca barcelona spainchat	0	9
chat chueca zonas	0	9
chat chuesca madrid kiwi	0	9
chat cibersexo hispano	0	9
chat cololbia	0	9
chat con hombres mayores de 55 años	0	9
chat con paraguayas	0	9
chat congentedechihuahua	0	9
chat cratis	0	9
chat dale gay	0	9
chat de chueca.com bcn kiwi	0	9
chat de cordoba capital	0	9
chat de sala	0	9
chat de sexo en cali	0	9
chat de sexo sin registrarse	0	9
chat de sexo totalmente gratis	0	9
chat de sexualidad	0	9
chat de videntes	0	9
chat de videntes gratis	0	9
chat del nordeste	0	9
chat elchat.net	0	9
chat en cartagena	0	9
chat en linea para sitios web	0	9
chat en vivo toluca	0	9
chat esoterismo tarot	0	9
chat evuador	0	9
chat extremeño	0	9
chat for free	0	9
chat frids	0	9
chat g peru	0	9
chat gay avila quiero	0	9
chat gay caba	0	9
chat gay de buenos aires	0	9
chat gay en rosario redjispana	0	9
chat gay espagnol gratis	0	9
chat gay granada irc	0	9
chat gay hidpano	0	9
chat gay logorño	0	9
chat gay onlay	0	9
chat gay valparaiso	0	9
chat gent	0	9
chat gestis	0	9
chat gitnao	0	9
chat gratis 13 18	0	9
chat gratis en guanajuato	0	9
chat gratis sem cadastro	0	9
chat gratis villarrica	0	9
chat grstis sin registro	0	9
chat grstus	0	9
chat guey tarragona	0	9
chat gya gratis	0	9
chat hispano ceuta	0	9
chat hispano nufismo	0	9
chat homosexual	0	9
chat hot online gay	0	9
chat iqique	0	9
chat irv	0	9
chat irx	0	9
chat latin ecuador	0	9
chat ligar mazmorra	0	9
chat madrid irc	0	9
chat madrid org	0	9
chat madrif	0	9
chat merisa	0	9
chat mexuco	0	9
chat movil castellon	0	9
chat murci	0	9
chat nerida	0	9
chat online bogotá	0	9
chat online gay sevilla	0	9
chat onlkne	0	9
chat org bucaramanga	0	9
chat org xhile	0	9
chat over 40	0	9
chat para ligar madrid	0	9
chat parejas irc	0	9
chat portigal	0	9
chat privado para adolescentes	0	9
chat pru	0	9
chat sala gay	0	9
chat sex free	0	9
chat sexo irc hispano	0	9
chat sexo morelia	0	9
chat sexo peru	0	9
chat sin registro montevideo	0	9
chat sin tener que registrarse	0	9
chat su	0	9
chat sumisss	0	9
chat terra mx	0	9
chat terra quierochat	0	9
chat terra segovia	0	9
chat travesti join	0	9
chat uruuguay	0	9
chat vadiz	0	9
chat website	0	9
chat weeb cam bazucazo	0	9
chat y radio	0	9
chat zdarma	0	9
chat. sexo	0	9
chata arg	0	9
chata sturias	0	9
chatcaloente	0	9
chatchueva	0	9
chatdaleespañahot	0	9
chatdecasados	0	9
chatdelmundo	0	9
chatea gratis el salvador	0	9
chatea gratis online	0	9
chateagratis pamplona	0	9
chateagratiscuernavaca	0	9
chateamos hor	0	9
chatear ahora sin registrarse	0	9
chatear chicos	0	9
chatear con desconocidos online	0	9
chatear gipuzkoa	0	9
chatear madrid gratis	0	9
chatear terra mas de 40	0	9
chatearesgratis.com	0	9
chateargratislatino	0	9
chatherotico	0	9
chathispano chueca valencia	0	9
chathispano irc chat	0	9
chathispano sexo	0	9
chathspano	0	9
chatmdp	0	9
chats de sexo sin registro	0	9
chats de terra	0	9
chats en madrid	0	9
chatsfriends cornudos	0	9
chatu tv	0	9
chatvgay asturias	0	9
chatzona gay latino	0	9
chat}	0	9
chay lima	0	9
chicas de tu ciudad	0	9
chqt argentino	0	9
chqt ecuador	0	9
chqt sex	0	9
chqtgratis	0	9
chsr sexo	0	9
chst cadiz	0	9
chst gratid	0	9
chueca cibersexo	0	9
chueca hispano chat	0	9
chá hot	0	9
cjat cantabria	0	9
cjat cuba	0	9
cjat lima	0	9
contacto gay cruising castellón	0	9
contactos alcoy	0	9
contactos gay gijón	0	9
cruising gay ourense	0	9
cuat sexo	0	9
dale chat chihuahua	0	9
dale chat en mendoza	0	9
dale chat org	0	9
dale chatea lesbianas argentina	0	9
dale chaty	0	9
dale chat}	0	9
dalechat lesbianas	0	9
dalechat mend	0	9
dalechat usa	0	9
dalechatda	0	9
dalechatya	0	9
dalechat}	0	9
dalechetea	0	9
dalehatea	0	9
dalexht	0	9
el chat amigo	0	9
el chat de peru	0	9
el chat en españa	0	9
el chat ozu	0	9
el mejor chat gratis	0	9
ex uol chat	0	9
foro gay castellon	0	9
foros chat	0	9
foros contactos	0	9
gay alava	0	9
gay chat chueca vigo	0	9
gay chat.	0	9
gay live chat	0	9
gays en	0	9
genteamor.men	0	9
hispano chat chu	0	9
hispanocha	0	9
hot chat web	0	9
inforchat canarias	0	9
inforchat chueca	0	9
irc chat gratis gay	0	9
irc hispano terra	0	9
irc terra chat	0	9
irc travestis	0	9
irc webchay	0	9
juegos online chat	0	9
latin chat en español gratis	0	9
lima chatt	0	9
llamada erotica gratis	0	9
línea de chat de sexo	0	9
mezico chat	0	9
misochat misochat	0	9
nudismo hispano	0	9
omegle adultos	0	9
pagina calientes	0	9
paginas de amistades gratis	0	9
paja videollamada gay	0	9
parabachat	0	9
paranacgat	0	9
quiero chat terr	0	9
quierochatcoruña	0	9
sala de chat en espanol	0	9
salas d echat	0	9
salas de chat gratis cali	0	9
salas.de chat	0	9
sals chat	0	9
san juan chat	0	9
sexo en el chat	0	9
sexo gay cantabria	0	9
sexy chat gratis	0	9
sistema de chat español	0	9
solo chat adolescentes	0	9
spanish chat	0	9
swxo chat	0	9
tchat gay barcelona	0	9
terra chat chueca valencia	0	9
terra españa	0	9
terrachat argentina	0	9
terrachatbcn	0	9
terrra chat	0	9
tokio chat	0	9
valencia caht	0	9
valladolid gay	0	9
vhat fot	0	9
viarosseio	0	9
videntes online chat gratis	0	9
videochat con gay	0	9
web chat sin registro	0	9
webchat dale chat	0	9
www elchat com gratis	0	9
www.chats	0	9
www.elchat.net gratis	0	9
xale chat	0	9
xhat españa	0	9
z9na	0	9
دردشة اونلاين	0	9
chat zona nuevo león	8	8
bogotagay salas de chat	7	8
chatzona cornudos	7	8
chatzona.oeg	7	8
gay encuentros	7	8
hablar con travestis	7	8
omegle solo mujeres	7	8
aplicaciones para chatear con mujeres gratis	6	8
aplicaciones para hablar con personas gratis	6	8
chat brasil grátis	6	8
chat erotico barcelona	6	8
chat omegke	6	8
chatear con chicas por whatsapp gratis	6	8
chatgryperu	6	8
chats con chicas hot	6	8
chats portugal	6	8
ciudad real gay	6	8
omegle para trans	6	8
rusia chat	6	8
video chat con mujeres calientes	6	8
videollamadas con mujeres gratis calientes	6	8
videollamadas online gratis hot	6	8
videollamdas hot	6	8
chat porno en linea	5	8
chat tv hot	5	8
chats con travestis	5	8
chatzona travesti	5	8
chatzonr	5	8
hot chating	5	8
mujeres en línea gratis	5	8
páginas para hablar con chicas	5	8
salas de chat con camara	5	8
videollamada hot online	5	8
boozoocam	4	8
chat con chicas gratis online	4	8
chat en vivo con trans	4	8
chat sexo en español	4	8
chat tenerife online	4	8
chat travetis	4	8
chats adultos gratis	4	8
contacto gay rosario	4	8
contactos cornudo	4	8
contactos sexo gratis barcelona	4	8
contactos vitoria	4	8
cornudos web	4	8
habla con chicas calientes	4	8
habla con personas online	4	8
hablar con mujeres gratis sin pagar	4	8
omegle chicas	4	8
omegle escribir	4	8
paginas de maduras	4	8
palencia gay	4	8
página de travestis	4	8
salas de webcam gratis	4	8
sitios de chat hot	4	8
transexuales en vivo	4	8
videochat gay colombia	4	8
videochat online gratis	4	8
videollamada madura	4	8
xxx para hablar con personas	4	8
bazocqm	3	8
busco amigos para conversar	3	8
camaras chat	3	8
chat con chicas cachondas	3	8
chat con mujeres +18	3	8
chat en california	3	8
chat gay algeciras	3	8
chat gay esoaña	3	8
chat gay gratis cadiz	3	8
chat gratis +18	3	8
chat gratis de tenerife	3	8
chat hot.gratis	3	8
chat hotline gratis	3	8
chat mujeres sin registro	3	8
chat trasn	3	8
chatera con gay gratis	3	8
chats alicante	3	8
chats de infieles	3	8
chatt en linea	3	8
chay jot	3	8
chst lesbiana	3	8
conocer chicas chat	3	8
contacto gay coruña	3	8
contacto gay córdoba	3	8
conversaciónes hot	3	8
cornudos gratis	3	8
encuentro gay mty	3	8
follar barcelona	3	8
hot char	3	8
live chat hot gratis	3	8
línea hot	3	8
mujeres chat sexo	3	8
ommegle chat	3	8
pagina para hablar con chicas gratis	3	8
paginas para conocer maduras	3	8
trans en la zona	3	8
videollamada con mujeres hot gratis	3	8
zangi grupos porno	3	8
anuncios gays malaga	2	8
aplicaciones para hablar con gente gratis	2	8
bazoom video llamada	2	8
caht hor	2	8
casadas	2	8
chat anonimo peru	2	8
chat con asiaticas	2	8
chat con hombre	2	8
chat con otras personas del mundo	2	8
chat cordoba andalucia	2	8
chat de tetonas	2	8
chat dr sexo	2	8
chat español hot	2	8
chat gratis con gay	2	8
chat gratis trasvestis	2	8
chat gringos	2	8
chat heteros	2	8
chat oara adultos	2	8
chat online para sexo	2	8
chat porno de lesbianas	2	8
chat privado sexo	2	8
chat random españa	2	8
chat sim registro	2	8
chat terra bogota	2	8
chat.terra.gratis.zaragoza	2	8
chatear con webcam gratis	2	8
chatear gratis hot	2	8
chatear on line	2	8
chats whatsapp	2	8
chicas cachondas gratis	2	8
chueca chay	2	8
conocer gente asturias gratis	2	8
contacto gay en madrid	2	8
contactos maduras gratis	2	8
gays cantabria	2	8
hablar con colombianas	2	8
hot chat.	2	8
latimchat	2	8
milf chats	2	8
omegle en chat	2	8
omegles chat	2	8
omeglr chat	2	8
omelge chat	2	8
salas de chat.	2	8
sexy chat online	2	8
trans contactos	2	8
videi chat gay	2	8
argentina chats	1	8
bate papo em portugal	1	8
bazocacam	1	8
cali gay chat	1	8
canales chat	1	8
cha friends	1	8
chat anonimo yucatan	1	8
chat caliente sexo	1	8
chat chubut	1	8
chat chueca canarias xatea	1	8
chat cibersexo chueca	1	8
chat cordob	1	8
chat cornufo	1	8
chat dd sexo	1	8
chat de adolescentes gratis	1	8
chat de lesbianas en bogotá	1	8
chat de sexo anonimo	1	8
chat de todos org	1	8
chat de usa más de 60 años	1	8
chat dom	1	8
chat en trujillo	1	8
chat españa mas de 60	1	8
chat gat sevilla	1	8
chat gay almería	1	8
chat gay en argentina	1	8
chat gays perú	1	8
chat gratis con cámara	1	8
chat gratis cubanos miami	1	8
chat gratis para hablar con mujeres	1	8
chat gratis tarot	1	8
chat hote	1	8
chat hoy.	1	8
chat ht gratis	1	8
chat irc hispano gratis	1	8
chat iruguay	1	8
chat kiwi online	1	8
chat mad	1	8
chat madrud	1	8
chat maznorra	1	8
chat nick	1	8
chat oht	1	8
chat omeglw	1	8
chat se sexo gratis	1	8
chat trans cdmx	1	8
chat urc	1	8
chat valencia sexo	1	8
chat y sexo	1	8
chatear con hombres gays	1	8
chatear con latinas	1	8
chatear en madrid	1	8
chatgayargentino	1	8
chatgra	1	8
chatgratiscali	1	8
chatgratislesbianas	1	8
chatgratistravestis	1	8
chathot tenerife	1	8
chathotcaliente	1	8
chats online latin	1	8
chats por o	1	8
chicas para hablar por whatsapp gratis	1	8
chicas por la zona	1	8
chst chueca madrid	1	8
cjat jot	1	8
cjat madrid	1	8
conocer chicos gay cerca de mi	1	8
contactar lesbianas	1	8
contactos a coruña	1	8
contactos gay donostia	1	8
dalechtaea	1	8
deaf_commonchan	1	8
gay tudela	1	8
gays en huesca	1	8
gratis lesbianas	1	8
habalr con gente	1	8
irc-hispano chat	1	8
lesbianas argentinas chat	1	8
lesbinas	1	8
ligar en tenerife	1	8
lugares para chatear gratis	1	8
platicar con mujeres	1	8
que es un chat hot	1	8
sala de chat mas de 40	1	8
sex cha	1	8
sexo gratis canarias	1	8
te quiero chat	1	8
valencia gay chat	1	8
video xhat gay	1	8
web chat caliente	1	8
webchat chathispano	1	8
xhat hit	1	8
xhat mazmorra	1	8
xhat sexo gratis	1	8
10 sitios de chat	0	8
alicantechat	0	8
amor en línea chat gratis	0	8
antiguo chat terra	0	8
bate-papo online gratuito	0	8
blablat uruguay	0	8
buenos aires chat sin registro	0	8
cabalchat	0	8
caht libre	0	8
cam chat org	0	8
camzap bazoo	0	8
cha arg	0	8
cha gau	0	8
cha5 gratis	0	8
char kiwi	0	8
chas sin resjitro	0	8
chat almeria gratis	0	8
chat amazonas	0	8
chat arg lesbi	0	8
chat arganda	0	8
chat argentuna	0	8
chat barcelona org	0	8
chat bddm	0	8
chat bix colombia	0	8
chat bolivis	0	8
chat bosa	0	8
chat cali es cali ambiente	0	8
chat canal trans	0	8
chat caraca	0	8
chat cdmx gay	0	8
chat chatear galicia	0	8
chat chicas piura	0	8
chat chu3ca	0	8
chat chueca andalucia	0	8
chat chueca gay castilla la mancha	0	8
chat chueca spainchat	0	8
chat contactos gay cadiz jimbo	0	8
chat corndos	0	8
chat cruising chueca	0	8
chat dale chat argentina	0	8
chat dale valencia	0	8
chat de amistad terra	0	8
chat de cdmx	0	8
chat de maricones	0	8
chat de sez	0	8
chat de terra huelva	0	8
chat de terra zaragoza	0	8
chat en espñaol	0	8
chat en línea en vivo	0	8
chat entre gay	0	8
chat español gay	0	8
chat español mexico	0	8
chat gau rosario	0	8
chat gay asturiaa	0	8
chat gay avenue	0	8
chat gay cruising barcelona	0	8
chat gay f	0	8
chat gay grabada	0	8
chat gay granad	0	8
chat gay madrid universo	0	8
chat gay mexico df	0	8
chat gay miami	0	8
chat gay purbla	0	8
chat gay tenerige	0	8
chat gay universo gay	0	8
chat gay vakencia	0	8
chat gay vera	0	8
chat gaya	0	8
chat gpt gratis online	0	8
chat gratis argentina gay	0	8
chat gratis con desconocidos	0	8
chat gratis de cordoba	0	8
chat gratis ecusdor	0	8
chat gratis en córdoba	0	8
chat gratis gay chueca	0	8
chat gsl	0	8
chat hispano cornudo	0	8
chat homosexuales	0	8
chat hot chachipen	0	8
chat hot gay cordoba	0	8
chat hot line argentina	0	8
chat hot online españa	0	8
chat igual al terra	0	8
chat irc asturias	0	8
chat irc cornudo	0	8
chat irc vigo	0	8
chat jali	0	8
chat kiwi tetas	0	8
chat kiwi tetonas	0	8
chat kowi	0	8
chat la	0	8
chat las palmas canalchat	0	8
chat latini	0	8
chat latino caracas	0	8
chat latinoamericana	0	8
chat lesbianas caracas	0	8
chat lgbt colombia	0	8
chat lims	0	8
chat los 40 principales	0	8
chat mas d 40	0	8
chat mi costa	0	8
chat mosquera	0	8
chat net ecuador	0	8
chat olime	0	8
chat online v78	0	8
chat para buscar amigos españa	0	8
chat para conocer a chicas	0	8
chat para hombres casados	0	8
chat para ligar chicas	0	8
chat rgentino	0	8
chat seco madrid	0	8
chat sefo	0	8
chat sexo me	0	8
chat sexo vivo pareja	0	8
chat sin java en español	0	8
chat sin registro en medellín	0	8
chat sin registro gay murcia	0	8
chat sin registro slicante	0	8
chat sin rwgistro	0	8
chat solo para lesbianas	0	8
chat sudc	0	8
chat terrq	0	8
chat tv sms	0	8
chat uruguy	0	8
chat valemcia	0	8
chat venezuela hablar con gente	0	8
chat video lesbianas	0	8
chat virtual online gay	0	8
chat.es	0	8
chatbarg	0	8
chatchueca kiwi madrid	0	8
chatea con gente uruguay	0	8
chatea en el chat	0	8
chatea grati	0	8
chatea gratis cornudos	0	8
chatea nuevo leon	0	8
chatea-gratis	0	8
chateagratis el salvador	0	8
chateagratis lugo	0	8
chateagratis.net lesbianas	0	8
chateamos +50 terra	0	8
chatear cin registro	0	8
chatear con les maduras	0	8
chatear en malaga gratis	0	8
chatear espanol	0	8
chatear gratia	0	8
chatear gratis ahora	0	8
chatear gratis en venezuela	0	8
chatear mas de 60 gratis	0	8
chatear sin registrarte	0	8
chatfriend gay	0	8
chatgratis mexico	0	8
chath hot	0	8
chatiapues perú	0	8
chato	0	8
chatonlibe	0	8
chatonlinearg	0	8
chatpue	0	8
chatrom gay	0	8
chats dale	0	8
chats de	0	8
chats mazmorra	0	8
chats online murcia	0	8
chats privados gratis	0	8
chats salta	0	8
chatsfreinds	0	8
chatsfriends com	0	8
chattarragona	0	8
chattransexual	0	8
chay gay valencia	0	8
cheatfriends	0	8
chqt bogota	0	8
chst de jalisco	0	8
chst lleida	0	8
chst tenerife	0	8
cht montevideo	0	8
cht online	0	8
chta arg	0	8
chta porno	0	8
chueca chat gay madrid universo gay	0	8
chueca chat hispano	0	8
citas con mujeres gratis	0	8
citas granada gratis	0	8
comentarios de salas de chat de lesbianas	0	8
comunidade chat	0	8
contactos baleares	0	8
contactos españa	0	8
contactos gay cartagena	0	8
contactos gratis madrid	0	8
cruising iniciar sesión	0	8
crusing ahora	0	8
cubanas chat	0	8
dale al chat peru	0	8
dale cchat	0	8
dale chatea. me	0	8
dale chetea	0	8
dale cjatea	0	8
dalec chat	0	8
dalechat chile	0	8
dalechat.me	0	8
dalechateae	0	8
dalecyatea	0	8
deaf_commonchan) mode set.	0	8
divorciados chat	0	8
dslr chat	0	8
el chat sexo	0	8
el chat uy	0	8
el chatea gratis	0	8
el mejor chat latino	0	8
elchatelchat	0	8
gay chat us	0	8
gay crusing contactos	0	8
gay crussing web	0	8
gays en cadiz	0	8
gente chat amistad	0	8
gente chat bdsm	0	8
gente chta	0	8
gentechat barcelona	0	8
gentechatcadiz	0	8
habibti chat libre	0	8
hablar con personas de otros paises	0	8
hat cali	0	8
hispanochat gay	0	8
hispanos chueca	0	8
irc.hispano	0	8
kiwi irc hispano chat	0	8
kiwiirc bahienses	0	8
las mejores salas de chat	0	8
latin chat terra colombia	0	8
latinchat ecuador gente	0	8
latinchat terra	0	8
latino chat gay	0	8
latino gay chat	0	8
llamadas eróticas gratis	0	8
mas40 chat	0	8
mazmorra sado	0	8
mujeres chateando	0	8
net chat gay	0	8
pagina chicas de tu zona	0	8
paginas para chatear gratis en españa	0	8
plataforma de chat	0	8
porno chat parejas	0	8
putas en bilbao	0	8
quero chat	0	8
quierochat baleares	0	8
s*** gratis	0	8
sala de chat aguascalientes	0	8
sala de chat de españa	0	8
sala de chat de santa fe	0	8
salas de chat de buenos aires	0	8
salas de chat el salvador	0	8
salas de chat hot gratis	0	8
salas de chat porteños	0	8
salas de chat sexo gratis	0	8
sitios chatear	0	8
solteros chat	0	8
terr chat	0	8
terra chat barranquilla	0	8
terra chat iquique	0	8
terra chat todas las salas	0	8
terra chat uol	0	8
terra chat.es	0	8
terra irc	0	8
todas las salas de chat	0	8
vhat argentina	0	8
viatosaeio	0	8
videochat avenue	0	8
webchat euskadi chueca	0	8
www.chataona chat sobe	0	8
xhat mexico	0	8
دردشة المثلين مدريد	0	8
موقع دردشة	0	8
sexo gratis medellin	7	7
sona chat	7	7
chat citas xxx	6	7
chat fetiche pies	6	7
chat morbo xxx	6	7
chat porno mujeres	6	7
chats calientes porno	6	7
omegle para hablar solo con mujeres	6	7
videollamada con mujeres gratis calientes	6	7
videollamada con mujeres gratis españa	6	7
videollamadas con chicas trans	6	7
bazzoca cam	5	7
chat con camaras	5	7
chat mujeres en vivo	5	7
chat onegle	5	7
chat transexual barcelona	5	7
contactos algeciras	5	7
contactos gays badajoz	5	7
encuentros gratis	5	7
gays corrientes	5	7
hablar con gente xxx	5	7
llamadas con mujeres calientes	5	7
llamadas gay	5	7
mar del plata chat	5	7
morbo online	5	7
omegle chatear	5	7
omegle solo para mujeres	5	7
sexo bcn gratis	5	7
snapchat de chicas	5	7
chat con cam gratis sin registro	4	7
chat con sexo	4	7
chat de sexo privado	4	7
chat mujeres valencia	4	7
chat musulmanes	4	7
chat ozu gratis	4	7
chat para conocer gente de otros países gratis	4	7
chat porno hot	4	7
chat trans valencia	4	7
chat valenfia	4	7
chat.omegle	4	7
chatear en linea con mujeres solteras gratis	4	7
chatsone	4	7
conocer gente puebla	4	7
contacto gays	4	7
pagina de maduras	4	7
paginas cornudos	4	7
trans en directo	4	7
videollamada con chicas sin registro	4	7
bazoocam chicas	3	7
chat bds.	3	7
chat gay oline	3	7
chat las palma	3	7
chat msdrid	3	7
chat omee	3	7
chat wed cam	3	7
chatear gratis con cam	3	7
chats secuales	3	7
conoce gente online	3	7
conocer mujeres sin registrarse	3	7
contactos gays en bilbao	3	7
gay vitoria	3	7
gays en burgos	3	7
gente online	3	7
grupos hot messenger	3	7
hablar con chicas solteras	3	7
hablar con gente de alajuela	3	7
infieles chat	3	7
lesbian web cam	3	7
live madura	3	7
maduritas cachondas	3	7
numeros de chicas gratis	3	7
omegle de chicas sin registro	3	7
omeglechst	3	7
paginas de chat gay	3	7
paginas de chats gratis	3	7
sexo gratis en malaga	3	7
sitios para chat hor	3	7
xhat sevilla	3	7
ablar. chat. travesti. xxx	2	7
amigos palencia	2	7
baazoocam	2	7
bazomchat	2	7
chat alicant	2	7
chat argentinp	2	7
chat argrntina	2	7
chat bazzon	2	7
chat chuecamadrid	2	7
chat con fotos online	2	7
chat con gente de todo el mundo	2	7
chat con personas desconocidas	2	7
chat de lesbianas argentinas	2	7
chat de lesbianas en caracas	2	7
chat faliente	2	7
chat gay grstis	2	7
chat gratis sin registro usa	2	7
chat heteros curiosos	2	7
chat hispano alicante	2	7
chat lesbian online	2	7
chat lstino	2	7
chat mexici	2	7
chat online gratis.	2	7
chat onñine	2	7
chat para adultos mayores	2	7
chat para adultos sin registro	2	7
chat sexo ibiza	2	7
chat sexuales gratis	2	7
chat sezo	2	7
chat simisas	2	7
chat tarot gratis online	2	7
chat transexuales madrid	2	7
chat webcam argentina	2	7
chat webcam gratis online	2	7
chat yrans	2	7
chatea con gente de costa rica	2	7
chatea gratis hot	2	7
chatear con extranjeros que hablen español gratis	2	7
chatear ecuador	2	7
chatfreind	2	7
chatgaychile	2	7
chatzonanet	2	7
chay gey	2	7
chicas para chat	2	7
chicos gay jaen	2	7
conocer gente gratis y sin registro	2	7
contacto gay mallorca	2	7
contactos gay colombia	2	7
contactos gay en ciudad real	2	7
contactos gays caceres	2	7
contactos puertollano	2	7
contactos vic	2	7
dale chat arg	2	7
encuentros gay leon	2	7
grupo de chat online	2	7
hots chat	2	7
kivi chat	2	7
kiwi chst	2	7
latínchat	2	7
llamadas sexy	2	7
maduras en español gratis	2	7
omeglacaht	2	7
omegle sin registrarse chat con chicas	2	7
omeglee chat	2	7
para hablar con chicas gratis	2	7
pazocam	2	7
página para chatear con hombres	2	7
sumisas españa	2	7
tarot online gratis chat	2	7
terra chat whatsapp	2	7
text chat gay	2	7
trabs chat	2	7
vhat valencia	2	7
video chat argentina	2	7
video chat mujeres maduras	2	7
videochat gratis gay	2	7
videochat ruso	2	7
ablar con amigos	1	7
chac gratis	1	7
chaf hot	1	7
chap gay	1	7
char sexo gratis	1	7
charea gratis	1	7
charlar con mujeres lindas	1	7
chat bate papo	1	7
chat bds	1	7
chat brasil bate papo	1	7
chat caliejte	1	7
chat caliente cordoba	1	7
chat caliente gratis.	1	7
chat chica busca chica	1	7
chat chueca les	1	7
chat churca valencia	1	7
chat colombiano gratis	1	7
chat como terra	1	7
chat con gente.com	1	7
chat conoce gente	1	7
chat corrientes capital	1	7
chat de sexo duro	1	7
chat de texto gratis	1	7
chat divorciados	1	7
chat espaniol	1	7
chat gaay	1	7
chat gai	1	7
chat gay chueca madrid hispano	1	7
chat gay gratis español	1	7
chat gay oso	1	7
chat gay secilla	1	7
chat gay swvilla	1	7
chat gay video llamada	1	7
chat gaymty	1	7
chat gays en murcia	1	7
chat gratis .	1	7
chat gratis con chicas calientes	1	7
chat gratis esoaña	1	7
chat hot guayaquil	1	7
chat hot onñine	1	7
chat ibiza sexo	1	7
chat lesbic	1	7
chat libera gratis	1	7
chat mallorca ligar	1	7
chat mas de 60 gentechat	1	7
chat minterrey	1	7
chat movil cornudos	1	7
chat naturista	1	7
chat online gays	1	7
chat online para gays	1	7
chat ozú	1	7
chat para mayores de 60	1	7
chat quinta region	1	7
chat registro	1	7
chat sinregistro	1	7
chat terra mexico gratis	1	7
chat terra sevilla entre 50 y 60 años	1	7
chat travesti madrid	1	7
chat travestie	1	7
chat tucumanls	1	7
chatclaiente	1	7
chatea gratis net	1	7
chatear gratis soria	1	7
chatgaycantabria	1	7
chatgratis bogota	1	7
chatporno gratis	1	7
chatrom	1	7
chats lesbico	1	7
chats online privados	1	7
chatsfriends.	1	7
chst gay latino	1	7
citas gratis en palencia	1	7
conocer gente en mallorca gratis	1	7
contacto gay en tenerife	1	7
contactos granollers	1	7
contactos málaga	1	7
costarica chat	1	7
cruising zamora	1	7
gay en linea	1	7
gays en toledo	1	7
gpt chat gratis en español	1	7
hablar amigos	1	7
hablar con extraños online	1	7
internet chat	1	7
irc hispani	1	7
irc hispano tarragona	1	7
kiei irc	1	7
latinchat gratis usa	1	7
latín chat colombia	1	7
mi chat latino	1	7
omegle grstis	1	7
omegle sexo gratis	1	7
omehla chat	1	7
paginas chat gay	1	7
paginas web para chatear gratis	1	7
parejas cornudas	1	7
porno chats hots	1	7
página de contacto gratis	1	7
rlchat	1	7
salas de chat erotico	1	7
sexo citas gratis	1	7
sexo en cali gratis	1	7
sexo gay chat en vivo	1	7
sexo gay en cuenca	1	7
sexo gay gratis maduros	1	7
tinder chatear gratis	1	7
tinder hot	1	7
video chat gratis omegle	1	7
videollamada con chicas calientes gratis	1	7
videos chat bazoca	1	7
webcam sexo gratis	1	7
xhat hoy	1	7
achatfriends	0	7
alternativa terra	0	7
amigos en españa chat	0	7
argenchat gay	0	7
bcn chat	0	7
beograd chat room chataona	0	7
brasiltopchat	0	7
buscar amigos gratis	0	7
cchat hispano	0	7
cha hipen	0	7
cha t esp	0	7
cha t gratis	0	7
chap peru	0	7
chat +18 mujeres urgidas	0	7
chat 13 18	0	7
chat 40 terra	0	7
chat adolscente	0	7
chat adultos free	0	7
chat aleman	0	7
chat ali	0	7
chat anda	0	7
chat antofsgasta	0	7
chat argemtino	0	7
chat asturias sexo	0	7
chat atgentina	0	7
chat avenida	0	7
chat bigita	0	7
chat bisexuales hispanos	0	7
chat bolovia	0	7
chat caleño	0	7
chat calieacali	0	7
chat cam lesbianas	0	7
chat camtabria	0	7
chat chueca maduros	0	7
chat chueca travesti	0	7
chat chueca valencia irc	0	7
chat clauente	0	7
chat cornudo terra	0	7
chat dalr	0	7
chat de citas cali	0	7
chat de divorciados	0	7
chat de lesbianas de perú	0	7
chat de online	0	7
chat edpaña	0	7
chat en andalucia	0	7
chat eroti	0	7
chat erotuco	0	7
chat friebds	0	7
chat friends argentina	0	7
chat gay granasa	0	7
chat gay gratis jaen	0	7
chat gay irc bcn	0	7
chat gay nl	0	7
chat gay temerife	0	7
chat gay tosario	0	7
chat gay vadiz	0	7
chat gay valemcia	0	7
chat gaybcn	0	7
chat geomundos madrid	0	7
chat gratis en toluca	0	7
chat gratis ferrol	0	7
chat gratis gay cali colombia	0	7
chat gratis para hacer amigos	0	7
chat hay argentina	0	7
chat hispano bilbao	0	7
chat hispano gay málaga	0	7
chat hispano melilla	0	7
chat hispano tierra kiwi	0	7
chat hispanoç	0	7
chat hkt	0	7
chat hot ecua	0	7
chat hot euskadi	0	7
chat hot sin registro imagenes temporales	0	7
chat la plata	0	7
chat latin adulto	0	7
chat lesbianaas	0	7
chat lesbianas en venezuela	0	7
chat lesbina chile	0	7
chat libee	0	7
chat ligar terra	0	7
chat literario	0	7
chat maduras mas de 40	0	7
chat malagq	0	7
chat medellim	0	7
chat mexico terra	0	7
chat mobil gratis	0	7
chat mujeres solteras colombia	0	7
chat net maduritos	0	7
chat neza	0	7
chat norte chile	0	7
chat nuevonleon	0	7
chat onlime gratis	0	7
chat online gratis sexo	0	7
chat relaciones terra	0	7
chat rgentina	0	7
chat sal	0	7
chat santiago de chile gratis	0	7
chat seci	0	7
chat sexo cantabria	0	7
chat sexo gratis chatfriends	0	7
chat sexo miami	0	7
chat sin registro 1v1 free	0	7
chat sobora	0	7
chat somora	0	7
chat swinger dale chat	0	7
chat terra castellon alternativo	0	7
chat terra de zaragoza	0	7
chat trasexual	0	7
chat universo gay comunidad valenciana	0	7
chat v 50	0	7
chat v58	0	7
chat vantabria	0	7
chat venezolana	0	7
chat videncia	0	7
chat zaragoza antiguo	0	7
chat zona amistad	0	7
chat. aliente	0	7
chat.ptnet	0	7
chat.ñ	0	7
chatcaliwnte	0	7
chatcruisingsevilla	0	7
chatea me hot	0	7
chatea me uruguay	0	7
chatea ya mazmorra	0	7
chateagratisusa	0	7
chateagrtis aguas	0	7
chateame libre	0	7
chatear con colombia	0	7
chatear con jovenes	0	7
chatear cr	0	7
chatear hispano	0	7
chatear mex	0	7
chatear sin java ni registro	0	7
chatear sin registros	0	7
chateea	0	7
chatfale	0	7
chatfriebds	0	7
chatfriend cali	0	7
chatfrienes	0	7
chatgay segovia	0	7
chatgaybaleares	0	7
chatgayjalisco	0	7
chatgitanas	0	7
chatgratis chihuahua	0	7
chatgratistarragona	0	7
chatgslicia	0	7
chathueca kiwi	0	7
chatipaues	0	7
chatmurcia dale	0	7
chats anonimos gay	0	7
chats cornudo xxx	0	7
chats de juegos	0	7
chats de rosario	0	7
chats en españa	0	7
chats frienfs	0	7
chats mayores de 50	0	7
chats sexys	0	7
chatsex argentina	0	7
chatsex tenerife	0	7
chatt erra	0	7
chatzona hispano	0	7
chatzona official website	0	7
chay cali	0	7
chay dale	0	7
chst ec	0	7
chst gay bogota	0	7
chst hidpano	0	7
chst hlt	0	7
chst xx	0	7
cht dale	0	7
cht medellin	0	7
cht venezuela	0	7
chta barranquilla	0	7
chta colombia	0	7
chta dale	0	7
chue bcn	0	7
chue chat	0	7
chueca com valenciana	0	7
chueca valenvia	0	7
chuecaaragon	0	7
chuekaeuskadi	0	7
cibersexo chat org	0	7
cibersexso gay	0	7
citas online gratis sin registrarse	0	7
cjat chihuahua	0	7
cjat gay gratis	0	7
contactos gay chaco	0	7
contactos gay coruna	0	7
contactos gay parla	0	7
cordoba chatgay	0	7
cruising gay contactos	0	7
dale chat guanajuato	0	7
dale chat habana	0	7
dale chat puerto rico	0	7
dale chat web	0	7
dale chat..	0	7
dale vchat	0	7
dalechatusa	0	7
dals chat	0	7
dalw chsr	0	7
dañwchat	0	7
deseo chatear	0	7
dlaechatea	0	7
dslexhatea	0	7
dslw chat	0	7
el chat castellón	0	7
el chat de guatemala	0	7
el chat mexico df	0	7
el chst de salta	0	7
elchat .com	0	7
elchat 2	0	7
elchatusa	0	7
elcjay	0	7
elcjst	0	7
encuentros gay tudela	0	7
estepona chat	0	7
friends chats	0	7
gaychat chueca	0	7
gays cruising zamora	0	7
gaysm chat	0	7
gente net	0	7
habla con chicas hot	0	7
hablar con gente de monterrey	0	7
hispachat mas 50	0	7
irc sexo	0	7
kiwichay	0	7
kiwihispano	0	7
kiwiirc chat hispano	0	7
latin chat puebla	0	7
latinchat.com	0	7
latincjat	0	7
luz de luna online	0	7
maduras lesbianas mexicanas	0	7
maduras xxxgratis	0	7
mas de 30	0	7
messenger chicas	0	7
mi gente chat	0	7
mirc online chat	0	7
nuestro chat más hot	0	7
omegle text xhat	0	7
quiero chat alicante	0	7
quiero chatear con chicas	0	7
quiero chst granada	0	7
quiero cht	0	7
quierochatesr terra	0	7
quuerochat	0	7
sala de bate papo	0	7
sala de chat gratis sin registrarse	0	7
sala de chat jalisco	0	7
salas chat sex	0	7
salas de chat de toluca	0	7
salas de chat gratis org	0	7
salas de chat gratuitos	0	7
salas de citas	0	7
salas de sexo online	0	7
sex chat españa	0	7
sexo chat cali	0	7
sexo chat les	0	7
sitios web para hablar con mujeres	0	7
solo chat gay	0	7
terra andalucia almeria	0	7
terra chat alt	0	7
terra chat grátis	0	7
terra chat hispano madrid	0	7
terra es chats	0	7
terrachat com para personas con ma sde 40 años	0	7
terrachat mexico	0	7
terrachatmovil	0	7
tierra chat hispano	0	7
top chat brasil	0	7
valencia chat gratis	0	7
vchar ecuador	0	7
viarisariochat	0	7
viarosario.com org	0	7
videollamada gay españa	0	7
web chat dale me	0	7
www el chat gratis	0	7
xxx gay uruguay	0	7
chat com travesti	6	6
chat videollamada online gratis	6	6
chatsalacornudos	6	6
amigas en linea	5	6
aplicaciones para tener chat hot gratis	5	6
chat aleatorio hot	5	6
chat anónimo con mujeres	5	6
chat camara online	5	6
chat zona gay bogota	5	6
contacto gay valladolid	5	6
contactos gay en asturias	5	6
conversaciónes calientes	5	6
culonas chat	5	6
encuentros sexuales barcelona	5	6
gay en mar del plata	5	6
gays soria	5	6
llamadas hot en linea	5	6
madura en vivo	5	6
omegle para mujeres gratis	5	6
sexo tenerife gratis	5	6
snapchat usuarios de mujeres	5	6
tarot gratis chat	5	6
video chat hot con mujeres	5	6
zona.org	5	6
barzoocam	4	6
chat anime gratis en español	4	6
chat caliente whatsapp	4	6
chat chile sin registro	4	6
chat cyber sexo	4	6
chat de canada	4	6
chat gay encuentros	4	6
chat gratis con fotos y videos	4	6
chat kiwi galicia	4	6
chat menorca mahon	4	6
chat para conocer gente en españa	4	6
chatea con gays	4	6
chateando con mujeres	4	6
chicas calientes online	4	6
chicas en snapchat	4	6
chicas para hablar gratis	4	6
gays en zaragoza	4	6
grupos chat hot	4	6
live de lesbianas	4	6
numeros de mujeres gratis	4	6
omengle chat	4	6
sexo gratis maduras	4	6
sumisa virtual	4	6
travestis chats	4	6
video chat caliente gratis	4	6
videochat milf	4	6
videollamada trans gratis	4	6
videollamadas con mujeres gratis y sin registro	4	6
zona de citas	4	6
app para hablar hot	3	6
chat com maduras	3	6
chat con desconocidos omegle	3	6
chat con mujeres online gratis	3	6
chat de mujeres en tarragona	3	6
chat en linda	3	6
chat gay casados	3	6
chat gay con camaras	3	6
chat gratis sin registro con cámara	3	6
chat jovenes gay	3	6
chat las rozas	3	6
chat lesbico.	3	6
chat onlne	3	6
chat portugal online grátis	3	6
chatbddm	3	6
chatea con lesbianas	3	6
chatear ligar	3	6
chatnach	3	6
chats online portugal	3	6
chatzond	3	6
chay gay peru	3	6
citas trans	3	6
club sumision	3	6
conocer gente en tarragona	3	6
contacto gay málaga	3	6
contacto lesbiana	3	6
contactos gays en lugo	3	6
cornudo xxx chat	3	6
follar chat	3	6
japonesas chat	3	6
lesbianas mallorca	3	6
omegle vhat	3	6
omegle.c	3	6
páginas para chatear con desconocidos	3	6
relatos chat	3	6
sexo gay chats	3	6
sexo madura gratis	3	6
video chat gays	3	6
whatsapp de maduras	3	6
amigos en línea	2	6
cam gente	2	6
charla gay	2	6
chat +50	2	6
chat barranquilla gay	2	6
chat colombianos en españa	2	6
chat con colombianas gratis	2	6
chat con extranjeros gratis	2	6
chat con mujeres sin registrarse	2	6
chat cristianos por el mundo	2	6
chat de sexo españa	2	6
chat evangelicos	2	6
chat follar zaragoza	2	6
chat gay en torrevieja	2	6
chat gay talavera	2	6
chat global gratis	2	6
chat hot 1v1	2	6
chat hot venezuela	2	6
chat lesbixo	2	6
chat limq	2	6
chat monterrey nuevo león gratis	2	6
chat para pervertidos	2	6
chat porno gratis sin registrarse	2	6
chat sin rejistro	2	6
chatea con gente random	2	6
chatea gratis sumisas	2	6
chateaonline	2	6
chatear en venezuela	2	6
chats barcelona gratis	2	6
chats obline	2	6
chatsex online	2	6
chatsfeiends	2	6
chicas hots	2	6
cht porno	2	6
cibersexo españa	2	6
contactos en malaga	2	6
contactos gay españa	2	6
contactos les	2	6
contactos para casados gratis	2	6
encuentro gay	2	6
espanol chat	2	6
foro chat online	2	6
gay latino chat	2	6
hablar con japoneses chat	2	6
hablar con mujeres casadas	2	6
hat cornudos	2	6
hotchat xxx	2	6
latinchat merida	2	6
ligar en asturias	2	6
live trans gratis	2	6
omegletext	2	6
omgke chat	2	6
online sexy chat	2	6
paginas caliente	2	6
paginas web para chatear	2	6
pajinas hot	2	6
quedadas gay	2	6
quedar con chicas gratis	2	6
rosario gay telegram	2	6
sexo chay	2	6
sexo gratis en cali	2	6
sexo online	2	6
tchat travestis	2	6
vbazoocam	2	6
video chat fay	2	6
video chat gratis hot	2	6
web cam gays gratis	2	6
webcam de maduras gratis	2	6
whatsapp de mujeres solteras gratis	2	6
whatsapp para ligar gratis	2	6
adol cht	1	6
aplicaciones gay gdl	1	6
apps para hablar con mujeres calientes	1	6
bazoofam	1	6
bazopcam	1	6
bqzocam	1	6
bqzoocam	1	6
cam lesbianas	1	6
char jot	1	6
char mazmorra	1	6
chat agentino	1	6
chat almeria terra	1	6
chat amigos argentina	1	6
chat argntino	1	6
chat asturiss	1	6
chat ateo	1	6
chat bisex latino	1	6
chat caliente el salvador	1	6
chat caliente random	1	6
chat calo	1	6
chat chile gay	1	6
chat ciberdexo	1	6
chat cobersexo gay	1	6
chat com gays	1	6
chat con amigas	1	6
chat con españolas	1	6
chat con gente barcelona	1	6
chat con latinas	1	6
chat con tranny	1	6
chat conversa	1	6
chat cornudo.	1	6
chat coruña galicia	1	6
chat cotnudos	1	6
chat cristiano online gratis	1	6
chat de sexo en zaragoza	1	6
chat de sexo free	1	6
chat de solteras	1	6
chat en hermosillo	1	6
chat en leon	1	6
chat españa madrid	1	6
chat fiesta	1	6
chat for sex	1	6
chat frend	1	6
chat gartsi	1	6
chat gay cibersexo españa	1	6
chat gay de uruguay	1	6
chat gay libre	1	6
chat gay madri	1	6
chat gay tenrife	1	6
chat gay zacatecas	1	6
chat gays peru	1	6
chat gratis con gays	1	6
chat gratis contactos	1	6
chat gratis de mujeres	1	6
chat gratis ibagué	1	6
chat gratis web	1	6
chat gry	1	6
chat hau	1	6
chat hay peru	1	6
chat hot para jovenes	1	6
chat hot.ñ	1	6
chat hotxxx	1	6
chat interactivo	1	6
chat lesbi gratis	1	6
chat lesbico sexo	1	6
chat ligar malaga	1	6
chat local gratis	1	6
chat madrid online	1	6
chat mujeres online gratis	1	6
chat muneres	1	6
chat onlibe	1	6
chat para ligar en sevilla	1	6
chat para sexo virtual	1	6
chat potugal	1	6
chat public	1	6
chat rg	1	6
chat sadomaso	1	6
chat sex bogotá	1	6
chat sexo medellín	1	6
chat sexo mexico	1	6
chat sin regis	1	6
chat veenzuela	1	6
chat xxxx	1	6
chata caliente	1	6
chatchueca euskadi	1	6
chatea con travestis	1	6
chateal9	1	6
chatear con chicas porno	1	6
chatear con chinas	1	6
chatear con gente del mundo	1	6
chatear gays	1	6
chatear graris	1	6
chatear msn	1	6
chateaweb	1	6
chatfollar	1	6
chatfriends asturias	1	6
chathotcali	1	6
chatiar con gay	1	6
chato hpt	1	6
chatpara adultos	1	6
chats brasil	1	6
chats eroticos gratis	1	6
chats gay malaga	1	6
chats gays valencia	1	6
chats ligar gratis	1	6
chats sexuales gratis	1	6
chats trans españa	1	6
chats transexuales	1	6
chatvcaliente	1	6
chatvtrans	1	6
chay gay sin registro	1	6
chqt bogotá	1	6
chqt online	1	6
chst chihuahua	1	6
chst gay cordoba	1	6
chst lesbico	1	6
chst rosario	1	6
chta argentina	1	6
chueca barcelona irc	1	6
conoce personas online	1	6
contacto amistad	1	6
contacto gay cdmx	1	6
contactos en vic	1	6
contactos gay en madrid	1	6
contactos gays la rioja	1	6
contactos gays.com asturias	1	6
contactos orihuela	1	6
contactos sitges	1	6
cornudos chat xxx	1	6
cruising zamora chat	1	6
da le chat	1	6
dale chdt	1	6
dale.comchat hot	1	6
flashing chat	1	6
gay cha	1	6
gay chat rooms	1	6
gay en zaragoza	1	6
gay videochat	1	6
gays cuenca	1	6
habla con desconocidos	1	6
hablar con hombres calientes	1	6
irc chat sexo	1	6
juegos de chat online	1	6
latinchat en español gratis	1	6
lesbian chats	1	6
ligar bilbao	1	6
lima peru chat	1	6
lisboa cruising chat	1	6
maduro busca jovencito	1	6
matrimonios liberales	1	6
numeros de chat gratis	1	6
omegla chat.	1	6
omegla gratis	1	6
omeglacht	1	6
omegle online chat gratis	1	6
omwgla chat	1	6
paginas de chat perú	1	6
páginas para hablar de sexo	1	6
sala chat gay gratis	1	6
sala para chatear	1	6
salas de chat tucuman	1	6
sensual chat	1	6
sexo bilbao gratis	1	6
sexo caht	1	6
sexo gay maduros	1	6
sexo gay rosario	1	6
sexo gratis menorca	1	6
sexo gratis online	1	6
sexoonline	1	6
sexteo chat	1	6
sexting online gratis	1	6
sitios de citas sin registro	1	6
sla de chat	1	6
terra chat mas de 40 alternativo	1	6
terra chat vigo	1	6
trivial online gratis	1	6
vhat venezuela	1	6
video cha gay	1	6
videochat gay español	1	6
videollamada gay hot	1	6
videollamada porno sin registro	1	6
videollamadas con chicas calientes gratis	1	6
webs chat	1	6
xxx chat lesbico	1	6
amorenlinea gratis	0	6
avenue gay chat	0	6
barcelona chat hispano	0	6
baszocam	0	6
bate papo sem registro	0	6
bazcoocam	0	6
bazocma	0	6
bozochat	0	6
buscar amigos extranjeros para chatear gratis	0	6
cam sin registro gay	0	6
canal chat bdsm	0	6
canal chat col	0	6
canal chat org	0	6
canal chat tijuana	0	6
canal chat travesti	0	6
canal chat trio	0	6
canal de chat gratis nicaragua	0	6
ceuta chat	0	6
ch a t his pa no	0	6
cha sin registro	0	6
chachipen mozos y mozas	0	6
chad de sociales	0	6
chahipen	0	6
char gay online	0	6
chast hispano	0	6
chat adultos colombia	0	6
chat aguadulce	0	6
chat aguasclaientes	0	6
chat amistad dale	0	6
chat amistad terra	0	6
chat apodaca nuevo leon	0	6
chat araba	0	6
chat arg cordoba	0	6
chat argentina 50	0	6
chat argentino la plata	0	6
chat barceloma	0	6
chat barquisimeto	0	6
chat bogota.org	0	6
chat bolicia	0	6
chat burgod	0	6
chat caliente chatealo	0	6
chat caliente lesbiana	0	6
chat cam gay gratis	0	6
chat casadas valencia	0	6
chat chachiprn	0	6
chat chueca barcelona trevia	0	6
chat chueca cabarias	0	6
chat chueca valencia gratis	0	6
chat con amigo	0	6
chat con mujers	0	6
chat con peruanos	0	6
chat cornudo org	0	6
chat cornudo x	0	6
chat cornuds	0	6
chat costeño	0	6
chat cruising.com	0	6
chat de bogo	0	6
chat de cordoba gratis	0	6
chat de lesbianas en venezuela	0	6
chat de mazmorras	0	6
chat desconocidos online	0	6
chat driends	0	6
chat eapanol usa	0	6
chat ecudor	0	6
chat en el mundo	0	6
chat en espanol free	0	6
chat en linea chile	0	6
chat en mexico df	0	6
chat entre ríos	0	6
chat esoterico terra	0	6
chat fay online	0	6
chat free y online	0	6
chat friendes	0	6
chat ga sin reg	0	6
chat gatvpue	0	6
chat gay asturias universo	0	6
chat gay casiz	0	6
chat gay chueca madrid kiwi	0	6
chat gay coria	0	6
chat gay de asturias	0	6
chat gay gratis uruguay	0	6
chat gay malaga.	0	6
chat gay sevilla kiwi	0	6
chat gay sin regis	0	6
chat gay spin	0	6
chat gay universo barcelona	0	6
chat gay xba	0	6
chat gey argentina	0	6
chat gey monterrey	0	6
chat granads	0	6
chat gratis de chile	0	6
chat gratis ecaudor	0	6
chat gratis eeuu	0	6
chat gratis guate	0	6
chat gratis madura porno	0	6
chat gratis nogota	0	6
chat gratis para celular	0	6
chat gratis santiago chile	0	6
chat gratis yucatán	0	6
chat gratks	0	6
chat grstid	0	6
chat hisapano	0	6
chat hispa o	0	6
chat hispano granada gay	0	6
chat hit.	0	6
chat hot grtais	0	6
chat hot leon	0	6
chat ibiza org	0	6
chat instantáneo	0	6
chat irc gaysm	0	6
chat irc jaen	0	6
chat latinoamericano gratis sin registro	0	6
chat lesbianas bucaramanga	0	6
chat logriño	0	6
chat madfid	0	6
chat madueo gay	0	6
chat malaga irc	0	6
chat mamzorr	0	6
chat menos de 15	0	6
chat mexicali	0	6
chat mi punto gratis	0	6
chat mision rosario	0	6
chat moron	0	6
chat musical	0	6
chat mérida gratis	0	6
chat móvil teruel	0	6
chat nadrid	0	6
chat neiva	0	6
chat network	0	6
chat nl gratis	0	6
chat nyc	0	6
chat obregon	0	6
chat on line barcelona	0	6
chat oneline	0	6
chat online ligar	0	6
chat online us	0	6
chat para hablar con gente de todo el mundo	0	6
chat poza rica	0	6
chat publico mexico	0	6
chat room bolivia	0	6
chat sala les	0	6
chat salts	0	6
chat sexo donosti	0	6
chat sexo gay bcn	0	6
chat sexo zamora	0	6
chat sin login	0	6
chat sin regi	0	6
chat sin registro de lesbianas	0	6
chat sin registro latin	0	6
chat single	0	6
chat sm	0	6
chat soacha	0	6
chat swinger madrid	0	6
chat terra chueca baleares	0	6
chat terra latinos	0	6
chat terra mas	0	6
chat terta	0	6
chat trans y gay	0	6
chat urugua	0	6
chat venezolano gratis	0	6
chat xxx sin registrarse	0	6
chat ya.com mazmorra	0	6
chat zexo	0	6
chat.sudcalifirniano	0	6
chatargnetina	0	6
chatbazoocam	0	6
chatchueca barcelona	0	6
chatcsli	0	6
chatcterra movil	0	6
chatea argentina	0	6
chatea gratis con chicas	0	6
chatea gratis zacatecas	0	6
chatea las palmas	0	6
chatea me uy	0	6
chateagr	0	6
chateagratis aguas	0	6
chatealo gay	0	6
chatear con mexicanos	0	6
chatear en el terra	0	6
chatear gratis en asturias	0	6
chatear salas	0	6
chatearya	0	6
chatesr gratis	0	6
chatffiends	0	6
chatfriends hot	0	6
chatfriends lesbianas	0	6
chatgay alicante	0	6
chatgaymadridahora	0	6
chatgaypurbla	0	6
chatgirona	0	6
chatgratsi	0	6
chathot cr	0	6
chathusoano	0	6
chatlatino usa	0	6
chatperu gratis	0	6
chatqueretano	0	6
chats almeria	0	6
chats caliented	0	6
chats casadas valencia	0	6
chats gratis español	0	6
chats huelva	0	6
chats ruso	0	6
chats sexo pasion madrid	0	6
chatsfriemds	0	6
chatsgay sevilla	0	6
chatsonico	0	6
chatsud	0	6
chatsudcali	0	6
chatsudcalifornisno	0	6
chatting online en español	0	6
chatutv	0	6
chatveracru	0	6
chatweb gay	0	6
chaty tv	0	6
chatyt gratis	0	6
chatzgz	0	6
chaysfriends	0	6
chazoocam	0	6
chchipen	0	6
chicas en vivo para chatear	0	6
chqt gqy	0	6
chst valladolid	0	6
chstgrstis	0	6
cht grtis	0	6
chta lima	0	6
chtafriends	0	6
chueca andalucia	0	6
chueca madrid chat hispano	0	6
cibersexo chat dale	0	6
citas gay.org	0	6
cjat valencia	0	6
cnalchat	0	6
conocer gente para chatear	0	6
conocer mujeres gratis	0	6
contacto sexo gratis en madrid	0	6
conversacion cuckold	0	6
cuban chat	0	6
dale cah	0	6
dale chat mas 60	0	6
dale chat medellin	0	6
dalechat cordoba	0	6
dalechatea venezuela	0	6
dalechateame la paz	0	6
dalevjat	0	6
dalschat	0	6
dalwchay	0	6
dsñechat	0	6
eh chat online	0	6
el chat gay cadiz	0	6
elcchat	0	6
elchat nuevo leon gratis	0	6
elchat.vom	0	6
elchatmedellin	0	6
elchatorg	0	6
elchta	0	6
españoles gay chat	0	6
festiches de pies live	0	6
gay chat lobby	0	6
gay cinersexo	0	6
gay cruise chat	0	6
gay cruisimg web	0	6
gay cruisng web	0	6
gay en directo	0	6
gayceuising contactos	0	6
gaychat	0	6
gaychay	0	6
gente chat.com	0	6
gente de colombia	0	6
gentechat veracruz	0	6
gqy cruising	0	6
granada gay chat	0	6
hablar gratis por internet	0	6
hat salta	0	6
hispachat irc	0	6
irc chat online	0	6
irc chueca madrid	0	6
irchispano valencia	0	6
kiwi chat webchat	0	6
kiwii irc hispano	0	6
kostenlos chatten	0	6
latin chat caliente	0	6
latin chat dale	0	6
latin chat medellin	0	6
latinchat gay gratis	0	6
lesbianasgratis	0	6
ligar en bilbao	0	6
ligar en las palmas	0	6
mazmorra chategratis	0	6
mazmorra sado chat foro	0	6
mi punto chat ambiente	0	6
misiochqt	0	6
misiochta	0	6
numeros de lesbianas	0	6
omegla cha	0	6
omegla chat gratis	0	6
omegle citas gratis	0	6
omegle gey barcelona	0	6
omoggle chaf	0	6
oomegle chat	0	6
pagina para citas gay	0	6
paginas de chatear gratis	0	6
paginas de contactos totalmente gratis	0	6
pajinas para chatear	0	6
página web para ligar	0	6
quiero chat algeciras	0	6
quiero chat melilla	0	6
quierocat	0	6
quierochat zaragoza	0	6
relaciones gratis	0	6
sala de sexo gratis sin registro	0	6
salas de chat anonimo	0	6
salas de chat gratis terra	0	6
salasdechay	0	6
sexo en chat gratis	0	6
sitios de chat en vivo	0	6
terra chat latina	0	6
terra chat paisas	0	6
terra chats almeria	0	6
terra.chat	0	6
tias gratis	0	6
toledo chat	0	6
totocaliente chat	0	6
tucuman chat mirc	0	6
uol chat brasil	0	6
viaeosario	0	6
viaroaario	0	6
viarosari9	0	6
vidente gratis chat	0	6
video chato gay	0	6
videochat valencia	0	6
videollamadas con mujeres online	0	6
videoxhat gay	0	6
vidro chat gay	0	6
webchat guipuzcoa canalchat	0	6
www.chat de chueca_barcelona	0	6
xhat kiwi	0	6
чат рулетка bazo	0	6
aplicaciones para hablar con chicas	5	5
chat anonimo omegle	5	5
chat en chiapas	5	5
chat gay cerca de mi ubicación	5	5
chat heavy metal	5	5
chat webcam gratis sin registro	5	5
chatzoka	5	5
gays caceres	5	5
lesbianas asturias	5	5
llamadas hot con mujeres	5	5
videochat gratis hot	5	5
videollamadas con extraños hot	5	5
xxx chats gratis	5	5
aplicaciones para ligar gratis sin pagar nada	4	5
char porno gratis	4	5
chat adolescentes de 13 a 16 años	4	5
chat amigos lima.org	4	5
chat con cámara sin registro	4	5
chat domina	4	5
chat gay bgta	4	5
chat hot gey	4	5
chat porno para hablar	4	5
chat sexo geatis	4	5
chat teans	4	5
chats sexo madrid	4	5
chatxone	4	5
chatzonagay	4	5
contacto con parejas liberales	4	5
gays en cantabria	4	5
gays murcia	4	5
hablar con mujeres gratis xxx	4	5
llamadas hot online	4	5
maduras calientes en mi zona	4	5
mujeres en línea	4	5
numeros de chicas para chatear	4	5
números de whatsapp de chicas gratis	4	5
omegle gratis chicas	4	5
omegle tv gratis	4	5
para hablar con mujeres calientes	4	5
sexo gratis cerca	4	5
sexo gratis en tenerife	4	5
trans sex chat	4	5
vidente gratis por chat	4	5
video chat gratis en español	4	5
videochat calientes	4	5
videochat chicas gratis	4	5
videochat gratis trans	4	5
videochats calientes	4	5
videollamada con mujeres mexicanas	4	5
videollamadas en vivo gratis	4	5
whatsapp de chicas para hablar	4	5
bazocam omogle	3	5
blog cornudos	3	5
canal chat monterrey	3	5
chap porno	3	5
chat anonimo con mujeres	3	5
chat calientes con chicas	3	5
chat ciudad del este	3	5
chat com trans	3	5
chat con camara web gratis	3	5
chat en vivo para conocer gente	3	5
chat gay madird	3	5
chat gay peru xxx	3	5
chat geys	3	5
chat jovenes gratis	3	5
chat mujeres online	3	5
chat online sex	3	5
chat org gay	3	5
chat pt online grátis	3	5
chat random gay	3	5
chat random madrid	3	5
chat rock	3	5
chat sex hot	3	5
chat sexo venezuela	3	5
chat sin eegistro	3	5
chat trans medellin	3	5
chat xxx hot	3	5
chatear y conocer gente	3	5
chathot sin registro	3	5
chats de sexo en vivo	3	5
chats hot mujeres	3	5
chats hots con mujeres	3	5
chats online de sexo	3	5
chatt trans	3	5
chst porno	3	5
chstzone	3	5
citas con mujeres gratis sin registro	3	5
conocer personas chat	3	5
contacto gay en cáceres	3	5
contactos gays en lleida	3	5
contactos merida	3	5
cornudo chat porno	3	5
follar malaga gratis	3	5
grupos de intercambio de parejas	3	5
hablar con desconocidos chat	3	5
hablar con extraños	3	5
hablar con gays online	3	5
hablar con otras personas online	3	5
irc kwi	3	5
latin chat gay peru	3	5
lesbian hot chat	3	5
lesbianas en caracas	3	5
mujeres cachondas chat	3	5
mujeres para sexo gratis	3	5
navarra gay	3	5
neuquen chat	3	5
número de mujeres solteras de whatsapp gratis	3	5
omeagle chat	3	5
omgele chat	3	5
pagina chat hot	3	5
sexting anonimo	3	5
telegram gay cadiz	3	5
videollamadas calientes gratis	3	5
videollamadas con chicas hot gratis	3	5
videollamadas con gente	3	5
videollamadas con hombres gay	3	5
whatsapp gay gdl	3	5
zangi grupos prohibidos	3	5
bazocam chat	2	5
bazoocam video chat	2	5
cam gay gratis	2	5
camsurf sexo	2	5
canarias sex	2	5
chat anonimo gratis	2	5
chat caliente en español	2	5
chat cam gays	2	5
chat chueca_asturias	2	5
chat colombianos	2	5
chat con cámara y micrófono gratis	2	5
chat cristiano españa sin registro	2	5
chat de citas	2	5
chat de madura	2	5
chat de sexo murcia	2	5
chat de solo mujeres	2	5
chat en online	2	5
chat escrito	2	5
chat gay ciber sex	2	5
chat gay en cordoba andalucia	2	5
chat gay tarragona gratis	2	5
chat gratis seco	2	5
chat hispano gay canarias	2	5
chat hor gay	2	5
chat ibline	2	5
chat jot.	2	5
chat mendoza guaymallen	2	5
chat nuevos	2	5
chat online sin registro gratis	2	5
chat para hablar online	2	5
chat sala portugal	2	5
chat sexo gijon	2	5
chat sexo gratia	2	5
chat tenerife whatsapp	2	5
chat xxx español	2	5
chat. online	2	5
chate hot	2	5
chatear con mujeres online	2	5
chatear gratis con gay	2	5
chatgratiw	2	5
chatlatinoamerica	2	5
chatroom hot	2	5
chats gratis xxx	2	5
chatxxx jaen gays	2	5
chay en linea	2	5
chaycaliente	2	5
chayfriend	2	5
chhat hot	2	5
cht sevilla	2	5
contactos gay en granada	2	5
contactos gay en malaga	2	5
contactos maduros gay	2	5
encuentros gay paraguay	2	5
encuentros lesbianas	2	5
follar gratis en sabadell	2	5
grupos de whatsapp gay monterrey	2	5
grupos porno en zangi	2	5
hablar con desconocidos por chat	2	5
hot xhat	2	5
latin chst	2	5
lesbianas xxx chat	2	5
live cruising	2	5
milf chat hot	2	5
mujeres para amistad en coruña	2	5
omagla chat	2	5
omegla chst	2	5
omegla sin registro	2	5
omegle chta	2	5
omegle para hablar con mujeres	2	5
pokemon chat	2	5
quiero hablar con personas	2	5
salas de chat con camara y microfono	2	5
sex chat brasil	2	5
sexo en tu zona	2	5
sexo gay en córdoba sin registrarse chat hispano	2	5
sexo gratis en caracas	2	5
sexo gratis en trujillo	2	5
sitios para chatear con mujeres	2	5
sitios web para hablar con mujeres gratis	2	5
trans webcam gratis	2	5
vhat en linea	2	5
video chat gay colombia	2	5
video chat gays gratis	2	5
videocgat gay	2	5
videochat ecuador	2	5
videochat rusia	2	5
videollamadas con mujeres desconocidas gratis sin registro	2	5
vídeo chat gay	2	5
webcam medellin gratis	2	5
xhat ho	2	5
1v1 chat hot	1	5
amas bdsm	1	5
amigos por internet	1	5
caht argentina	1	5
cha chueca	1	5
char gay gratis	1	5
chat amigos zaragoza	1	5
chat amihos	1	5
chat anonimo asturias	1	5
chat awxo	1	5
chat bpgota	1	5
chat bucarmanga	1	5
chat calientd	1	5
chat caliente alicante	1	5
chat cerca de mi ubicación	1	5
chat con can	1	5
chat con chcias	1	5
chat con fotos	1	5
chat con personas online	1	5
chat cybersex	1	5
chat de argentina gratis sin registro	1	5
chat de mujeres en barranquilla	1	5
chat de sexos	1	5
chat ecuafor	1	5
chat en almeria	1	5
chat en vivo mexico	1	5
chat eroti o	1	5
chat español sexo	1	5
chat españs	1	5
chat ga6	1	5
chat gat bogota	1	5
chat gay bs as	1	5
chat gay ciberseco	1	5
chat gay grtis	1	5
chat gay hispa	1	5
chat gaybtenerife	1	5
chat graria	1	5
chat gratis sex	1	5
chat gratis x	1	5
chat gratisç	1	5
chat gratris	1	5
chat grnte	1	5
chat grátis sem cadastro	1	5
chat hot arequipa	1	5
chat hot online.	1	5
chat hotgratis	1	5
chat hoy en vivo	1	5
chat maduras chile	1	5
chat movistar	1	5
chat o line gratis	1	5
chat onine	1	5
chat online con desconocidos	1	5
chat online con hombres	1	5
chat online cordoba	1	5
chat online gratis bogota	1	5
chat para intercambiar nudes	1	5
chat peru lima miraflores	1	5
chat por web	1	5
chat porno en vivo	1	5
chat porno.gratis	1	5
chat porrugal	1	5
chat salya	1	5
chat sexo español gratis	1	5
chat sexo segovia	1	5
chat sin registro lesbianas	1	5
chat sin registro ni java	1	5
chat teneife	1	5
chat terra alicante más de 50	1	5
chat terra bajio	1	5
chat texto	1	5
chat turkey	1	5
chat zona cornudo	1	5
chatcalienre	1	5
chatcalirnte	1	5
chatd e sexo	1	5
chateamos chat hot	1	5
chatear en mexico	1	5
chatear en valencia	1	5
chatear gratis en bolivia	1	5
chatfreidns	1	5
chatgratis venezuela	1	5
chathhot	1	5
chathispano.com/kiwi	1	5
chatiapues pr	1	5
chatobline	1	5
chatperugay	1	5
chats con amigos	1	5
chats gay cibersexo	1	5
chats gay peru	1	5
chats para ligar gratis sin registro	1	5
chats sem registo	1	5
chatsex bcn	1	5
chay gay mexico	1	5
chay gay online	1	5
chay sex	1	5
chicas calientes en linia	1	5
chicas en vivo gratis	1	5
chieca valencia	1	5
chst monterrey	1	5
cht trans	1	5
chta hoy	1	5
chtonline	1	5
chueca castilla y león	1	5
chueca chat gay murcia	1	5
chuecagay	1	5
citas casados gratis	1	5
citas gay en linea	1	5
cjat venezuela	1	5
conocer amigos	1	5
conocer amistades gratis	1	5
conocer chicas calientes gratis	1	5
contactos gay ponteareas	1	5
contactos laredo	1	5
contactos pontevedra	1	5
conversar con mujeres gratis	1	5
cvideo chat gay	1	5
dale chat.ñ	1	5
dale dhat	1	5
dame xhat	1	5
dechatea	1	5
gay burgos contactos	1	5
gay busca pareja	1	5
gay chat brasil	1	5
gay chat canarias	1	5
gay cruising net	1	5
gaycontactos	1	5
hat bogota	1	5
hispanochar	1	5
hst hot	1	5
ideochat gay	1	5
indonesia chat	1	5
latinchats.org	1	5
lesbianas latinchat	1	5
linea erotica gratis	1	5
link para hablar con personas	1	5
live chat hot free	1	5
numeros gays	1	5
olegle chat	1	5
omegkachat	1	5
omegl chat	1	5
omegla.chst	1	5
omegle chaat	1	5
omeglenchat	1	5
onegla chat	1	5
pagina de chats	1	5
paginas de chat porno gratis	1	5
paginas para interactuar con personas	1	5
pajinas chat gratis	1	5
páginas para chatear con mujeres gratis	1	5
quierochat gay	1	5
sala de amigos	1	5
sala.de chat	1	5
salas de charla	1	5
sexl chat	1	5
sexo gay leon	1	5
sexo gratis hoy	1	5
snapchat chat hot	1	5
sumision chat	1	5
terrassa chat	1	5
videollamadas con hombres gratis	1	5
videollamades geys sin registro	1	5
web de chat	1	5
xhat mendoza	1	5
xxx cornudo chat	1	5
1v1 chat trans	0	5
adopta un tio	0	5
amigos chatear	0	5
amigos orihuela	0	5
amor en línea gratis iniciar sesión	0	5
aplicaciones para chat con mujeres gratis	0	5
aplicaciones para chatear gratis	0	5
avenue chat room	0	5
barrio latino chat	0	5
bazocom	0	5
bazoocam dodo	0	5
bazookams	0	5
bazucan chat	0	5
bbazoocam	0	5
bdsm sex chat	0	5
bszoocsm	0	5
bzocam	0	5
caht arg	0	5
caht chatear	0	5
cahtgay	0	5
cajt sexo	0	5
camara gays	0	5
camara online gay	0	5
canal chat amistad	0	5
canal chat gratis sonora mexico	0	5
canal chat sex	0	5
canalchat adolescentes	0	5
canalchat amistad	0	5
canalchat hot	0	5
canslchat	0	5
casadas en chat	0	5
cbat gay	0	5
cdmx chat	0	5
cgat de sexo	0	5
cha5	0	5
chachipen dikelame	0	5
chad gratis para adultos	0	5
charlar con alguien	0	5
charlar con lindas mujeres	0	5
charsexo	0	5
chat . net	0	5
chat 30 años	0	5
chat abrcelona	0	5
chat adolesente	0	5
chat adutos	0	5
chat agaete	0	5
chat alicante sexo	0	5
chat alternativo castellón	0	5
chat ambiente mi punto	0	5
chat amigos gay	0	5
chat amistad peru	0	5
chat andalucia mas de 50	0	5
chat andorra	0	5
chat anonimo.granada	0	5
chat antequera	0	5
chat anónimo dale	0	5
chat anónimo en línea	0	5
chat arequipa gratis sin java	0	5
chat arg mas de 40	0	5
chat argentina colombia	0	5
chat argwntino	0	5
chat asturias terra	0	5
chat atgentino	0	5
chat b gay	0	5
chat barcleona	0	5
chat barvelona	0	5
chat bc	0	5
chat bisex bcn	0	5
chat bix	0	5
chat boca del rio	0	5
chat bolivi	0	5
chat bolvia	0	5
chat brasiltop	0	5
chat cabinas bombona	0	5
chat calama	0	5
chat caliente escrito sin registro	0	5
chat caliente tucuman	0	5
chat cam parejas	0	5
chat canal valencia	0	5
chat canario tenerife	0	5
chat castellon terra	0	5
chat cgueca	0	5
chat chatear gratis mas de 60	0	5
chat chatear madrid	0	5
chat chile me	0	5
chat chschip	0	5
chat chueca bisex	0	5
chat chueca canaria gratis	0	5
chat chueca cantabria	0	5
chat chueca ciudad real	0	5
chat chueca de murcia	0	5
chat chueca kiwi euskadi	0	5
chat chueca rioja	0	5
chat chueca sala barcelona	0	5
chat chueca terra	0	5
chat chuecq	0	5
chat cobersexo	0	5
chat con chicas calientes en asturias	0	5
chat con gay gratis	0	5
chat con gays latinos	0	5
chat con mujeres de estados unidos	0	5
chat con mujeres solteras sin registrarse	0	5
chat con una chica	0	5
chat concepción gratis	0	5
chat contactos es	0	5
chat cordobes	0	5
chat cornudos bogotá	0	5
chat cqliente	0	5
chat dale madrid	0	5
chat de	0	5
chat de 13 a 18	0	5
chat de argentina mas de 50	0	5
chat de cartagena bolivar	0	5
chat de castilla	0	5
chat de chueca sevilla	0	5
chat de cruissing madrid	0	5
chat de follar	0	5
chat de girona	0	5
chat de los cuarenta principales	0	5
chat de mujeres españa	0	5
chat de sexo online sin registro gratis	0	5
chat de valendia	0	5
chat dsle chst	0	5
chat emxico	0	5
chat en comas	0	5
chat en el chat	0	5
chat epru	0	5
chat eritico	0	5
chat erotico canal chat	0	5
chat erotico totalmente gratis	0	5
chat erótico barranquilla	0	5
chat español terra	0	5
chat friends barcelona	0	5
chat fríends	0	5
chat gat gratis	0	5
chat gay alternativo	0	5
chat gay barcelona universo	0	5
chat gay bcb	0	5
chat gay cibersexo kiwi hispano	0	5
chat gay con cam gratis	0	5
chat gay corosba	0	5
chat gay cuernavaca	0	5
chat gay dirty	0	5
chat gay el salvador	0	5
chat gay g	0	5
chat gay granada ficha	0	5
chat gay islas baleares	0	5
chat gay larino	0	5
chat gay madr	0	5
chat gay malagav	0	5
chat gay marbella	0	5
chat gay onlone	0	5
chat gay posadas	0	5
chat gay red hispana	0	5
chat gay sabadell	0	5
chat gay sex madrid	0	5
chat gay uruguay gratis	0	5
chat gay v	0	5
chat gay y lesbiana montevideo	0	5
chat gay y lesbianas montevideo	0	5
chat gaygalicia	0	5
chat general en universo gay	0	5
chat geomundos les	0	5
chat geomundos zaragoza	0	5
chat gey en montevideo	0	5
chat gitan	0	5
chat gpt online	0	5
chat grat8s	0	5
chat gratii	0	5
chat gratis buscar pareja	0	5
chat gratis con	0	5
chat gratis conce	0	5
chat gratis de asturias	0	5
chat gratis en línea whatsapp con mujeres	0	5
chat gratis latin terra chat	0	5
chat gratis palma	0	5
chat gratis para conocer mujeres	0	5
chat gratis uy	0	5
chat gratis vitoria	0	5
chat gratisd	0	5
chat grntr	0	5
chat grratis	0	5
chat grtatis	0	5
chat gsy colombia	0	5
chat hisopano	0	5
chat hispano burgos	0	5
chat hispano gay navarra	0	5
chat hispano kiwi quierochat	0	5
chat hispano malaga gay	0	5
chat hispano murcia chueca	0	5
chat hot dale chat	0	5
chat hot ec	0	5
chat hot en bs as	0	5
chat hot galicia	0	5
chat hot rosario	0	5
chat hot significado	0	5
chat hot vigo	0	5
chat huancavelica	0	5
chat irc cadiz	0	5
chat irc castellon	0	5
chat jaen spainchat	0	5
chat kiwi málaga	0	5
chat lara	0	5
chat latino en espanol	0	5
chat latino free	0	5
chat ledbianas	0	5
chat lgbt chile	0	5
chat libre chile	0	5
chat ligar murcia	0	5
chat literatura	0	5
chat madrid.	0	5
chat malaga movil	0	5
chat mazmorea	0	5
chat mazmorrs	0	5
chat merifa	0	5
chat mobil	0	5
chat moreno	0	5
chat movil murcia	0	5
chat movil terra gratis	0	5
chat málaga ligar	0	5
chat música	0	5
chat nalaga	0	5
chat nueco leon	0	5
chat oeruu	0	5
chat on-line	0	5
chat onl8ne	0	5
chat onlin3	0	5
chat online guadalajara	0	5
chat online irc	0	5
chat onloine	0	5
chat pajeros hispano	0	5
chat pamplona navarra	0	5
chat para chat	0	5
chat para follar dale	0	5
chat para gente sola	0	5
chat para ligar barcelona	0	5
chat para sitios web en españa	0	5
chat para web	0	5
chat puente piedra	0	5
chat puerto ordaz	0	5
chat puerto plata	0	5
chat quilmes	0	5
chat regiones	0	5
chat room hot	0	5
chat rosario viarosario	0	5
chat separados	0	5
chat sex medellin	0	5
chat sexe	0	5
chat sexo fratis	0	5
chat sexo grati	0	5
chat sexo telefonico	0	5
chat sin correo electronico	0	5
chat sin java mexico	0	5
chat sin re	0	5
chat sin registrarse en españa	0	5
chat sin registro valencia	0	5
chat sin regostro	0	5
chat smistad	0	5
chat ssx	0	5
chat tachira san cristobal	0	5
chat tarragona terra	0	5
chat tepic	0	5
chat terra alterantivo	0	5
chat terra asturias gratis	0	5
chat terra bsrcelona	0	5
chat terra coruña	0	5
chat terra gipuzkoa	0	5
chat terra sevilla	0	5
chat to friends	0	5
chat toing uruguay	0	5
chat tolima	0	5
chat trans tenerife	0	5
chat tv barcelona	0	5
chat u	0	5
chat united states	0	5
chat urugu	0	5
chat uruhuay	0	5
chat val	0	5
chat valencia con fotos	0	5
chat valp	0	5
chat vicio	0	5
chat web gay gratis	0	5
chat web xxx	0	5
chat women	0	5
chat y amistad	0	5
chat über 50	0	5
chat-avenue gay-chat	0	5
chat-club 60	0	5
chat. peru	0	5
chat.canalchat	0	5
chat.rosario	0	5
chat_en_espanol	0	5
chataona.com srbija	0	5
chatarg mas de 60	0	5
chatarg rosario	0	5
chatburuguay	0	5
chatcaliebte	0	5
chatcalinete	0	5
chatcgay	0	5
chatchuecaval	0	5
chatde amigos	0	5
chate brasil.top	0	5
chatea alicante	0	5
chatea amigos	0	5
chatea granada	0	5
chatea gratis cantabria	0	5
chatea gratis granada	0	5
chatea grayis	0	5
chatea mexicanos	0	5
chatea online gratis	0	5
chatea terra	0	5
chatea.net	0	5
chateagratis mas de 50	0	5
chateagratis.	0	5
chateagratis.net travestis	0	5
chateandogratis.org	0	5
chatear con cubanos	0	5
chatear con mujeres hermosas	0	5
chatear conchicas	0	5
chatear cratis	0	5
chatear en linea gratis sin registrarse	0	5
chatear gey	0	5
chatear gratis sin registro en méxico	0	5
chatear gratis y sin registros	0	5
chatear mallorca	0	5
chatear por whatsapp	0	5
chatear sexo colombia	0	5
chatear sin inscripcion	0	5
chatear sin java	0	5
chatearg	0	5
chateargratis pais vasco	0	5
chaten	0	5
chatespana	0	5
chatfrie	0	5
chatgay cba	0	5
chatgay euskadi	0	5
chatgay kiwi	0	5
chatgay ros	0	5
chatgay sin	0	5
chatgaydale	0	5
chatgayescrito	0	5
chatgratisorg	0	5
chatgrats	0	5
chath ispano	0	5
chathispano conoce	0	5
chathratiscantabria	0	5
chatiapues ellos 2	0	5
chatlatinousa	0	5
chatmazmora	0	5
chaton gay	0	5
chatonlime	0	5
chatparacornudos	0	5
chatperu.	0	5
chatpiccanti	0	5
chats calientes xx	0	5
chats de barcelona	0	5
chats de murcia	0	5
chats de puebla	0	5
chats español gratis	0	5
chats gat	0	5
chats gays chueca barcelona	0	5
chats gays en bogota	0	5
chats gays en linea	0	5
chats gays en linea cam	0	5
chats gratis sin registrarse	0	5
chats madrid gratis	0	5
chats online para jovenes	0	5
chats sado en español	0	5
chatsdriends	0	5
chatsfriends gay	0	5
chatsfriends sevilla	0	5
chatshots	0	5
chatvespaña	0	5
chay colombia	0	5
chay gay chueca	0	5
chicas tarifa	0	5
chicos gays asturias	0	5
chst coruña	0	5
chst de lima	0	5
chst gay cadiz	0	5
chst gay online	0	5
chst mendoza	0	5
chst sexo cadiz	0	5
chst travestis	0	5
chstarg	0	5
chstbogota	0	5
cht bs as	0	5
cht gy	0	5
cht irc	0	5
cht uruguay	0	5
chta chueca	0	5
chue a chat	0	5
chueca chat balear	0	5
chueca chat castilla la mancha	0	5
chueca movil chat	0	5
chueca.com madrid	0	5
chueca_asturias chat gay	0	5
chuecachatasturias	0	5
chát sexo	0	5
citas en murcia	0	5
cjat mendoza	0	5
cjat mexico	0	5
cjat sex	0	5
conocer amigos en el chat	0	5
conocer chicas	0	5
conocer gente amigos	0	5
conocer gente tarragona	0	5
conocer gente zaragoza	0	5
conocer mujeres en vivo gratis	0	5
contactar con gente	0	5
contacto chueca	0	5
contacto gay cruis lugo	0	5
contacto gay sevilla chat	0	5
contactos crusin gay	0	5
contactos estepona	0	5
contactos free	0	5
contactos gay ayamonte	0	5
contactos gay torrelavega	0	5
contactos gay torrent	0	5
contactos gratis barcelona	0	5
contactos leganes	0	5
contactos silleda	0	5
contactos viladecans	0	5
contactos-cruising	0	5
cornudo chats xxx	0	5
cruising gays contacto	0	5
cruising soria	0	5
cruising tgn chat gay	0	5
cruising website gay	0	5
cyber gay	0	5
cómo hacer amigos en ottawa	0	5
dale chat argentina hot	0	5
dale chat buenos aires	0	5
dale chat peru	0	5
dale chat perú gratis	0	5
dale chatea caliente	0	5
dale chatea chat hot	0	5
dale chatea españa	0	5
dale chatgay	0	5
dale vhst	0	5
dalechat 40	0	5
dalechat les	0	5
dalechatea guatemala	0	5
dalechateando	0	5
dalechatmexico	0	5
dalexhatear	0	5
dalfchat	0	5
deutsche chat	0	5
dle cjat	0	5
el chat cuba	0	5
el chat gay mexico	0	5
el.chat méxico	0	5
elchat.xom	0	5
ero zona org	0	5
esmas chat	0	5
flashchat	0	5
foro gay gdl	0	5
fre chat	0	5
free chat latino	0	5
free latin chat	0	5
gay chat av	0	5
gay chat df	0	5
gay chat los angeles	0	5
gay cjat	0	5
gay cruising org	0	5
gay gr chat	0	5
gays mdp	0	5
gays sevilla	0	5
gdalechat	0	5
gente chat mas de 50 y 60	0	5
gente chat nuevo leon	0	5
gente cjat	0	5
gente para conocer	0	5
gentechat malaga	0	5
gentechat mas de 40	0	5
geomundos chat hispano	0	5
grupo chat gay	0	5
grupos gay telegram peru	0	5
habla con alguien	0	5
hablar con chicas de sexo	0	5
hablar con mujeres sin pagar	0	5
hacer amigos por internet	0	5
hat sexo gratis	0	5
haz amigos pnline	0	5
hispachstkiwi	0	5
hispano chat hot	0	5
hispano chat murcia	0	5
hombres gay cerca de mi ubicación	0	5
irc cha	0	5
irc hispano chat antiguo	0	5
irc huspano	0	5
irc trivia	0	5
ircap hispano	0	5
irchispanochat	0	5
jaen chat	0	5
juegos de chat	0	5
kiwi chat zamora	0	5
kiwi gay bcn	0	5
kiwi melocoton chat	0	5
kiwi rc	0	5
kiwiirc hisp	0	5
latinchat colombia gratis sin registro	0	5
latinchat gay pr	0	5
latinchat official website	0	5
latinchat panam	0	5
latinchatlesbianas leon gto	0	5
latinvhat	0	5
leon chat	0	5
les chat ave	0	5
lesbea gratis	0	5
lesbianas gratis en español	0	5
lesbuana	0	5
lesvianas en vivo	0	5
lezzy chat	0	5
ligar en tarragona	0	5
ligar gratis sin registro	0	5
llamada hot gay	0	5
lstinchat	0	5
madrid sexo ahora	0	5
mallorca chat gay	0	5
mas_de_50	0	5
mi chat santiago	0	5
mintvideochar	0	5
mnogo chat gay	0	5
moviles kiwi irc	0	5
nãºmeros para chatear con mujeres	0	5
omegle xxx gratis	0	5
ona chat	0	5
pagina chat ligar chicas malaga	0	5
pagina gay peru	0	5
paginas contactos gratis	0	5
paginas de contactos gratuitas	0	5
paginas parecidas a omegle	0	5
paranachatt	0	5
paranachta	0	5
paranwchat	0	5
parla chat	0	5
parqnachat	0	5
plataforma para hablar con personas	0	5
platicas eroticas por linea	0	5
portalchat sumisas	0	5
pqranachat	0	5
pt chat org	0	5
puntochat	0	5
página para hablar con personas chat	0	5
páginas para chatear con gente	0	5
quiero chat ahora	0	5
quiero chat baleares	0	5
quiero chat cantabria	0	5
quiero chat castellon	0	5
quierochat almeria	0	5
radar gay girona	0	5
redplaneta chat mas de 50	0	5
sala chat de sexo	0	5
sala de chat con camara	0	5
sala de chat de buenos aires	0	5
sala de chat gay argentina	0	5
sala de chat gratis gay	0	5
sala de chatear	0	5
salas chat bolivia	0	5
salas chat terra	0	5
salas de chat amistad	0	5
salas de chat arequipa	0	5
salas de chat con foto de perfil gratis	0	5
salas de chat con web	0	5
salas de chat en estados unidos	0	5
salas de chat sin registrarse	0	5
salas de xhat gratis	0	5
schat sexo	0	5
seco gratis madrid	0	5
servidores irc hispano	0	5
sexchaster gay	0	5
sexo cámara gratis	0	5
sexo lesbico real	0	5
sexo madrileño	0	5
sites de conversa	0	5
sitios para chatear con gente	0	5
stripchat colombianas	0	5
sudcalifornianos/chat	0	5
talk to omegle	0	5
tchat bdsm	0	5
tchat irc kiwi	0	5
terachat	0	5
terea chat	0	5
terra chat alterna	0	5
terra chat cam	0	5
terra chat msdrid	0	5
terra chat parejas	0	5
terra chats madrid	0	5
terra mexico chat	0	5
terrachat les	0	5
terrachat ligar	0	5
terrachat mas de 40	0	5
terrachat mas de 50	0	5
terrachat valladolid	0	5
terrcht	0	5
terrschat	0	5
tetra chat	0	5
trans chat 1v1	0	5
trans online	0	5
tucumán chat grstis	0	5
tv chat online	0	5
usachatnow	0	5
video chat gy	0	5
video chat transexual	0	5
videochats gays	0	5
videollamada con extraños gay	0	5
videollamadas geys sin registro	0	5
vidrochat gay	0	5
vieeochat gay	0	5
vilaweb xat 40	0	5
web chat sexy	0	5
webcamgay gratis	0	5
www el chat	0	5
www.chataona.com chat -ai	0	5
xat gay	0	5
xat terra girona	0	5
xx chat hot	0	5
zona cruising zamora	0	5
ablar con mujeres	4	4
badocam	4	4
bazoocam/org	4	4
chat avenue online	4	4
chat barcelona ligar gratis	4	4
chat comunidad	4	4
chat con abuelas	4	4
chat gay mdp	4	4
chat gay santa cruz	4	4
chat hot vivo	4	4
chat para hablar caliente	4	4
chat porno online gratis	4	4
chat porno privado	4	4
chat vega baja	4	4
chats hot en vivo	4	4
chatzona tijuana	4	4
chicos gay valencia	4	4
conocer trans	4	4
contactos calpe	4	4
contactos gay avila	4	4
contactos gays caceres chaperos	4	4
hablar gratis con mujeres	4	4
hotchat gratis	4	4
imegle chat	4	4
les contacto	4	4
llamadas gratis hot	4	4
llamadas hot en línea	4	4
maduro gay chat	4	4
omegle sexo	4	4
omegoe chat	4	4
paginas cruising	4	4
parejas contactos	4	4
platicar con amigos	4	4
páginas para hablar con mujeres gratis	4	4
video chat con trans	4	4
video chat con trans gratis	4	4
video chat rusia	4	4
video llamada con maduras	4	4
videochat con mujeres calientes	4	4
videollamada hot free	4	4
videollamadas con mujeres hot	4	4
videollamadas porno gratis sin registro	4	4
viejas calientes gratis	4	4
18+ chat	3	4
ablar con mujeres calientes	3	4
aplicaciones para hablar con mujeres porno	3	4
bazoocaa	3	4
char zone	3	4
chat anonimo xxx	3	4
chat calidnte	3	4
chat cam omegle	3	4
chat con mujeres xxx	3	4
chat con tetonas	3	4
chat de sexo en malaga	3	4
chat de sexo gratis y sin registro	3	4
chat dominación	3	4
chat gay adultos	3	4
chat gay gratis las palmas	3	4
chat gratis con mujeres xxx	3	4
chat hot el salvador	3	4
chat hot gratis xxx	3	4
chat hot video llamada	3	4
chat más de 60 chatzona	3	4
chat online camara	3	4
chat online português	3	4
chat para dultos	3	4
chat sexual con mujeres	3	4
chat sexy online	3	4
chat video colombia	3	4
chat zona gay latino	3	4
chata colombia	3	4
chatear con camara gratis	3	4
chatgay.	3	4
chats hornys	3	4
chats o chat	3	4
chats sexo online	3	4
chicas en online	3	4
chicas gratis por whatsapp	3	4
chicas trans whatsapp	3	4
cibersex	3	4
contactos en alcoy	3	4
contactos fuenlabrada	3	4
contactos gay en jaén	3	4
contactos gays cáceres	3	4
encuentros gay argentina	3	4
gay busca	3	4
gay chat free	3	4
gay contactos	3	4
gays córdoba	3	4
gays en directo	3	4
grupos de zangi porno	3	4
grupos gay paraguay	3	4
habla con extraños	3	4
hablar con gente desnuda	3	4
hablar con personas xxx	3	4
horny chat free	3	4
hot chat gay	3	4
hot chatting	3	4
hotchat rooms	3	4
jaen gay	3	4
llamda hot	3	4
madura live	3	4
mujeres calientes en línea	3	4
numeros de gays	3	4
omegle chat gay	3	4
omegle con chicas	3	4
omegle de chat	3	4
paginas contactos gay	3	4
paginas de chat para adultos	3	4
paginas de citas hot	3	4
paginas de cruising	3	4
paginas para cornudos	3	4
para chatear con mujeres gratis	3	4
porno para chatear	3	4
salas de chat con camara gratis	3	4
salas ee chat	3	4
sexchat gratis	3	4
sexo en linea gratis	3	4
sexo gay en córdoba	3	4
sitios para chatear gratis sin registrarse	3	4
sitios web para chatear con mujeres gratis	3	4
tchat travesti	3	4
video chat omegle	3	4
video chat porno sin registro	3	4
video chats hots	3	4
videollamada con gente	3	4
videollamada con japonesas	3	4
videollamada hor	3	4
videollamadaa hot	3	4
videollamadas con mujeres	3	4
videollamadas con mujeres caliente	3	4
videollamadas con mujeres gratis +18	3	4
videollamadas hot con mujeres gratis	3	4
videollmada hot	3	4
videos chat hot	3	4
web para hablar con chicas	3	4
whatsapp de mujeres calientes	3	4
zonachat barranquilla	3	4
amigas chat	2	4
amor en linea	2	4
aplicaciones para chatear con mujeres calientes	2	4
banzoocam	2	4
basoocm	2	4
bazooka chat	2	4
camaras gay gratis	2	4
camsurf omegle	2	4
char de lesbianas	2	4
chat 1v1 mujeres	2	4
chat aletorio	2	4
chat anonimo 18	2	4
chat chueca madeid	2	4
chat costa ric	2	4
chat de lesbian	2	4
chat de maduros gay	2	4
chat dominicano santo domingo	2	4
chat en vivo de mujeres	2	4
chat gat online	2	4
chat gay chileno	2	4
chat gay grátis	2	4
chat gay online sin registro	2	4
chat gey colombia	2	4
chat gey xxx	2	4
chat gratis con mujeres extranjeras	2	4
chat gratis gay barcelona	2	4
chat hit gay	2	4
chat hot caliente granada	2	4
chat hot sala	2	4
chat las palms	2	4
chat megle	2	4
chat metal	2	4
chat online gratis español	2	4
chat para conversar hot	2	4
chat para infieles	2	4
chat porno con mujeres gratis	2	4
chat sexo oviedo	2	4
chat sexo privado	2	4
chat swing	2	4
chat travestis españa	2	4
chat trnerife	2	4
chat webcam online	2	4
chatea con desconocidos	2	4
chatear chueca barcelona	2	4
chatear con camara	2	4
chatear gratis con mujeres xxx	2	4
chathot.com	2	4
chats calientes gay	2	4
chats infieles	2	4
chay gay chile	2	4
chay gay latino	2	4
chqt friends	2	4
chqt hoy	2	4
chst zone	2	4
citas córdoba gratis	2	4
conocer personas gratis	2	4
contactos aranjuez	2	4
contactos dos hermanas	2	4
contactos irun	2	4
contactos vilafranca	2	4
cruising live gay	2	4
follar en canarias	2	4
gay caht	2	4
gay mexican chat	2	4
gays cerca de mi ubicación	2	4
gays tudela	2	4
girona gay	2	4
grupo para hablar	2	4
grupos de whatsapp de cornudos	2	4
habla con gays	2	4
hablar con hombres gays	2	4
ligar en toledo	2	4
live gay cruising	2	4
live hot online	2	4
llamada caliente online	2	4
madura virtual	2	4
midiochat	2	4
mujeres web gratis	2	4
números de lesbianas	2	4
obline chat	2	4
omegle chat hot	2	4
omegle talk	2	4
omegle texto chat	2	4
omwgle gratis	2	4
pagina de chat gay	2	4
paginas para hablar con desconocidos	2	4
paginas para hablar con extraños	2	4
paginas para hablar con mujeres gratis sin pagar	2	4
plataformas para hablar con personas	2	4
pokémon chat	2	4
putas gratis bcn	2	4
página para hablar con mujeres gratis	2	4
salas de chat con webcam	2	4
sex chat espa	2	4
sex chat lesbianas	2	4
sexchat trans	2	4
sexi en linea	2	4
sexo chat lesbianas	2	4
sexo gay vizcaya	2	4
sexo gratis por mi zona	2	4
sitio de chat	2	4
sitios de chat porno	2	4
sumisa busca amo	2	4
trans char	2	4
trans para hablar	2	4
video chat calientes	2	4
videochat aleatorio para adultos	2	4
videochat gya	2	4
videochta gay	2	4
videollamada con argentinas	2	4
videollamada trans	2	4
videollamadas hot calientes	2	4
webchat +18	2	4
amistad en linea	1	4
app de citas sin registrarse	1	4
bazoomchat	1	4
brazoocam	1	4
char amigos	1	4
char bdsm	1	4
charcaliente	1	4
chat 40 principales	1	4
chat adolescentes whatsapp	1	4
chat adturias	1	4
chat and webcam	1	4
chat apure	1	4
chat brasil web	1	4
chat cali cali	1	4
chat calient3	1	4
chat colombai	1	4
chat colombian	1	4
chat comombia	1	4
chat con arabes	1	4
chat con trav	1	4
chat costa rixa	1	4
chat de chicos	1	4
chat de la rioja	1	4
chat de seco gratis	1	4
chat ecuaodr	1	4
chat en lineas	1	4
chat gar	1	4
chat gay bcn kiwi	1	4
chat gay con desconocidos	1	4
chat gay en directo	1	4
chat gay hranada	1	4
chat gay incognito	1	4
chat gay joven maduro	1	4
chat gay latam	1	4
chat gay libera	1	4
chat gay madrud	1	4
chat gay peri	1	4
chat gay portugal	1	4
chat gay smartphone	1	4
chat gay valencis	1	4
chat gaycordoba	1	4
chat gratis alcalá de henares	1	4
chat gratis de madrid	1	4
chat gratis de porno	1	4
chat gratis erotico	1	4
chat gratis live	1	4
chat gratis sin registro en cali	1	4
chat gratuito con mujeres	1	4
chat gsy online	1	4
chat h ot	1	4
chat hot individual	1	4
chat hot signal	1	4
chat irc online	1	4
chat mujere	1	4
chat oline gay	1	4
chat omelge	1	4
chat omline	1	4
chat online japan	1	4
chat para amistades	1	4
chat para menores de edad	1	4
chat rosarino	1	4
chat sabtiago	1	4
chat santiago gratis	1	4
chat sevilla sexo	1	4
chat sexo adulto	1	4
chat sexo grats	1	4
chat sexo grtis	1	4
chat sexo león	1	4
chat sexo oline	1	4
chat sexuam	1	4
chat ssxo	1	4
chat terra maduros	1	4
chat terra móvil	1	4
chat texto gay	1	4
chat venexuela	1	4
chat venezuela online	1	4
chat vol	1	4
chat with milfs	1	4
chat with strangers mexico	1	4
chat wlw	1	4
chat xx gratis	1	4
chat xxx anonimo	1	4
chat zone app	1	4
chat zone trans	1	4
chatbrazil	1	4
chatcrusing	1	4
chatear con gente de tu zona	1	4
chatear con tias cachondas	1	4
chatear gratis con chicas	1	4
chatgay hispano	1	4
chatonlune	1	4
chats 18+	1	4
chats calientes con chicas	1	4
chats mas de 40	1	4
chats sem cadastro	1	4
chattgn	1	4
chatvratis	1	4
chatzobe	1	4
chay bdsm	1	4
chqthispano	1	4
chst erótico	1	4
chst online gratis	1	4
chst yot	1	4
chtas de sexo	1	4
chya gay	1	4
cibersex chat	1	4
citas chicas soltera gratis	1	4
citas con mujeres gratis sin pagar	1	4
citas para casados gratis	1	4
conocer gente en el chat	1	4
contacto gay pamplona	1	4
contactos de gays	1	4
contactos donostia	1	4
dalechatealo	1	4
dsdlealchat	1	4
escort gay mdp	1	4
gay xxx chat	1	4
grupos de chat caliente	1	4
has amigos	1	4
hispano gay chat	1	4
kiw irc	1	4
latin char	1	4
latunchat	1	4
live sexo gratis	1	4
llamadas hor	1	4
maduras colombianas xxx	1	4
maduritas en vivo sexo	1	4
mas	1	4
no funciona chat hispano	1	4
omegla,chat	1	4
oneglachat	1	4
pagina para hablar con desconocidos	1	4
paginas para cibersexo	1	4
paginas para hacer amigos	1	4
para chatear con chicas	1	4
para hablar con otras personas	1	4
pasion gay zaragoza	1	4
qué significa chat hot	1	4
sajtovi za upoznavanje bez registracije	1	4
salamanca gay	1	4
salas de chat más de 40	1	4
salas de chat sexual	1	4
salas para chat	1	4
sex chat bdsm	1	4
sexo contactos	1	4
sexo gay cam	1	4
sexo gratis en tu zona	1	4
trans chst	1	4
vhatfriends	1	4
video chat costa rica	1	4
videochat china	1	4
videochatgsy	1	4
videollamada gay xxx	1	4
videollamadas online gay	1	4
videos chat gratis	1	4
web de cornudos	1	4
webcam lesbico	1	4
webchat gay gratis	1	4
xhat bdsm	1	4
40 chat	0	4
50 chat	0	4
adolescente chat	0	4
alguien para charlar	0	4
alternativa chat	0	4
amigas lesbianas webcam	0	4
amigos en chat	0	4
amigos en linea gratis	0	4
amor en linea chat	0	4
atrinchat	0	4
barselonalove chat	0	4
bazooccam	0	4
bazoomcan	0	4
bazoon chat gay	0	4
bdsm chat gratis	0	4
bogotáchat	0	4
bsdm chat	0	4
cagt hot	0	4
caht argentino	0	4
calientes online	0	4
cam chat argentina	0	4
cam gratis hot	0	4
cam sexo gay sin registro	0	4
canal chat adolescentes	0	4
canal chat chiclayo	0	4
canal chat coahuila	0	4
canal chat relatos	0	4
canal hat valencia	0	4
canalchat monterrey	0	4
canalchat sumisas	0	4
canalchat teujillo	0	4
canalchata	0	4
canales de chat trujillo	0	4
cancalchat	0	4
canlachat	0	4
caracaschat	0	4
cat nudismo ispano	0	4
cbat caliente	0	4
cha hor	0	4
cha t hot	0	4
chag caliente	0	4
char asturias	0	4
char cordoba	0	4
char murcia	0	4
char sevilla	0	4
charhot	0	4
charlar con mujeres hermosas	0	4
chast sexuales	0	4
chat 13	0	4
chat 18 gratis	0	4
chat 30	0	4
chat 77	0	4
chat abierto espana	0	4
chat abierto sin registrarse	0	4
chat adoelscentes	0	4
chat adulto sexo	0	4
chat afultos	0	4
chat alicante alternativo	0	4
chat alicante.com	0	4
chat alternativo almeria	0	4
chat alternativo gaycadi	0	4
chat amig	0	4
chat amigos.	0	4
chat amistad y amor	0	4
chat amor peru	0	4
chat andalucia zona	0	4
chat anonimo +18	0	4
chat anonimo arg	0	4
chat anónimo bogota	0	4
chat aragones	0	4
chat arg caliente	0	4
chat argemtina	0	4
chat argentian	0	4
chat argentina uruguay	0	4
chat argentine	0	4
chat argentino bisexual	0	4
chat argentino más de 60	0	4
chat argentino para lesbianas	0	4
chat argentjna	0	4
chat argentno	0	4
chat argenyino	0	4
chat argevtina	0	4
chat astu	0	4
chat balear gratis	0	4
chat barcelona irc	0	4
chat barcelona más de 40	0	4
chat bdsm hispano	0	4
chat bdsm linea	0	4
chat bez registracije	0	4
chat bisex maduros	0	4
chat boyaca	0	4
chat br	0	4
chat brasil too	0	4
chat bucaro	0	4
chat buscar pareja gratis	0	4
chat cadiz.	0	4
chat caliente dalw	0	4
chat caliente uruguay	0	4
chat canal chat	0	4
chat canal gay sevilla	0	4
chat caracaa	0	4
chat cartagena de indias	0	4
chat cañi	0	4
chat charlar	0	4
chat chat chat online	0	4
chat chatoneo	0	4
chat chilenos	0	4
chat choyeros	0	4
chat chsco ctes	0	4
chat chuec madrid	0	4
chat chueca ciber sexo	0	4
chat chueca latin	0	4
chat chueca les maduras	0	4
chat chueca madrid trevia	0	4
chat chueca sala madrid	0	4
chat chueca sevilla	0	4
chat chueca_euskadi	0	4
chat chueka euskadi	0	4
chat ciente	0	4
chat colobia	0	4
chat colom	0	4
chat común	0	4
chat con argentina	0	4
chat con asturias	0	4
chat con camara web y microfono gratis	0	4
chat con can gratis	0	4
chat con cornudo	0	4
chat con dominicanos	0	4
chat con foto de perfil	0	4
chat con gente cerca	0	4
chat con personas de usa	0	4
chat con salas	0	4
chat con todos	0	4
chat coriña	0	4
chat costa rics	0	4
chat cristiano el vive	0	4
chat crossdreser	0	4
chat dale c mexico	0	4
chat dalw	0	4
chat de amigos en mallorca	0	4
chat de bcn	0	4
chat de chile gratis	0	4
chat de gays y lesbianas	0	4
chat de ibiza	0	4
chat de jaén	0	4
chat de latinos en usa	0	4
chat de leon gto	0	4
chat de lesbianas hot	0	4
chat de literatura	0	4
chat de mayores de 60	0	4
chat de me xico	0	4
chat de nuevoleon	0	4
chat de sexo con maduras en barcelona	0	4
chat de sexo en asturias	0	4
chat de sexo español gratis	0	4
chat de sexo gratis lesbianas	0	4
chat de sexo tl	0	4
chat de sexo virtual gratis	0	4
chat de terra españa	0	4
chat de uol	0	4
chat de valenfia	0	4
chat del chat	0	4
chat del peru	0	4
chat dsle guatemala	0	4
chat ecatepec	0	4
chat ecuadir	0	4
chat ecuado	0	4
chat ecuador con cámara	0	4
chat ee sexo	0	4
chat el sslvador	0	4
chat em	0	4
chat en español con camara	0	4
chat en español online	0	4
chat en linea en vivo	0	4
chat en todo el mundo	0	4
chat eroticl	0	4
chat erotico cali con fotos	0	4
chat erotico lesbico	0	4
chat esoterica	0	4
chat estados unidos gratis español	0	4
chat falcon	0	4
chat feiend	0	4
chat femboy gratis en perú	0	4
chat femenino	0	4
chat fgot	0	4
chat free on line	0	4
chat fried	0	4
chat friend españa	0	4
chat g a y	0	4
chat gaj	0	4
chat garatis	0	4
chat gartos	0	4
chat gaty	0	4
chat gay argentino x tuve	0	4
chat gay ba	0	4
chat gay badalona	0	4
chat gay barcelina	0	4
chat gay barcelkna	0	4
chat gay bogota sin registro	0	4
chat gay cap	0	4
chat gay cdmx latin	0	4
chat gay chueca galicia	0	4
chat gay cibersexo colombia	0	4
chat gay cibersezo	0	4
chat gay cibesexo	0	4
chat gay cl	0	4
chat gay col	0	4
chat gay cordona	0	4
chat gay cruising sexo ahora madrid	0	4
chat gay crussing	0	4
chat gay córdoba argentina	0	4
chat gay de la zn	0	4
chat gay gay	0	4
chat gay gdl jal	0	4
chat gay gratis bcn	0	4
chat gay gratuit	0	4
chat gay gratus	0	4
chat gay hispa malaga	0	4
chat gay hispano bcn	0	4
chat gay maduros kiwi	0	4
chat gay movil	0	4
chat gay mslaga	0	4
chat gay on	0	4
chat gay peeu	0	4
chat gay quierochat barcelona	0	4
chat gay rosar	0	4
chat gay sevi	0	4
chat gay sevillla	0	4
chat gay sexo ahora	0	4
chat gay trevia bcn	0	4
chat gay.al	0	4
chat gaydetenerife	0	4
chat gaygratis	0	4
chat gays latino	0	4
chat gay}	0	4
chat gitanl	0	4
chat gran hermano	0	4
chat gratis chiclayo	0	4
chat gratis con amigos	0	4
chat gratis de peru	0	4
chat gratis gran canaria	0	4
chat gratis irc	0	4
chat gratis latin	0	4
chat gratis online en español	0	4
chat gratis random	0	4
chat gratis santa marta	0	4
chat gratis sin registro tijuana	0	4
chat gratis valle del cauca	0	4
chat gratuito medellín	0	4
chat gretis	0	4
chat grátis brazil	0	4
chat gsy uruguay	0	4
chat gtis	0	4
chat guada	0	4
chat gustemala	0	4
chat hiapno	0	4
chat hisoano gay asturias	0	4
chat hispano bdsm	0	4
chat hispano gay cibersexo	0	4
chat hispano gay euskadi	0	4
chat hispano gay vigo	0	4
chat hispano gaycadiz	0	4
chat hispano gays chueca canarias	0	4
chat hispano lesbianas	0	4
chat hispano mayores de edad	0	4
chat hispano terra	0	4
chat hisppano	0	4
chat ho t	0	4
chat hobduras.	0	4
chat hondureño	0	4
chat hot chateame	0	4
chat hot chateamos net	0	4
chat hot córdoba	0	4
chat hot en vivo estry	0	4
chat hot españolas	0	4
chat hot jalisco gay	0	4
chat hot onlin	0	4
chat hot online pagina	0	4
chat hot zona sur	0	4
chat hoty	0	4
chat hpy	0	4
chat huelva terra	0	4
chat huesca hispano	0	4
chat irc badajoz	0	4
chat irc.	0	4
chat jov mad gay	0	4
chat jóvenes 19	0	4
chat kiwi salamanca	0	4
chat la pampa	0	4
chat las palmas gente	0	4
chat las plamas	0	4
chat lesbaianas	0	4
chat lesbiasnas	0	4
chat liam	0	4
chat libera hot	0	4
chat libera org	0	4
chat librr	0	4
chat ligar murcia gratis	0	4
chat ligue lesbianas	0	4
chat lima.	0	4
chat lleida online	0	4
chat madri	0	4
chat madtid	0	4
chat maduro 60	0	4
chat malaga ligar	0	4
chat mas de 50 arg	0	4
chat mas de 70	0	4
chat matrimonial	0	4
chat mavarra	0	4
chat mayor 60	0	4
chat me gay españa	0	4
chat medelllin	0	4
chat medieval	0	4
chat mendoza más de 40	0	4
chat menores	0	4
chat mexivo	0	4
chat miranda	0	4
chat monterrey gratis quieres chatear	0	4
chat movil andalucia	0	4
chat movil gay	0	4
chat movil sin registro	0	4
chat mqzmorra	0	4
chat musica gratis	0	4
chat nedellin	0	4
chat nqn rey	0	4
chat online canal	0	4
chat online con chicas gratis	0	4
chat online en uruguay	0	4
chat online gay cali	0	4
chat online latin	0	4
chat online united states	0	4
chat online valdivia	0	4
chat online?	0	4
chat onoine	0	4
chat org ec	0	4
chat org méxico	0	4
chat outense	0	4
chat ozu chueca	0	4
chat pajero hispano	0	4
chat para aduktos	0	4
chat para buscar pareja	0	4
chat para conocer gente puerto rico	0	4
chat para cornudos y cornudas	0	4
chat para transexuales	0	4
chat perù	0	4
chat poemo	0	4
chat pornograficos	0	4
chat pornos	0	4
chat português net	0	4
chat ptnet	0	4
chat quillota	0	4
chat real madrid	0	4
chat rio negro	0	4
chat rip barcelona	0	4
chat rosaroo	0	4
chat s3x	0	4
chat sakta	0	4
chat sala barcelona	0	4
chat salga	0	4
chat samta	0	4
chat san francisco	0	4
chat scort	0	4
chat sda	0	4
chat se illa	0	4
chat se telefonico hispano	0	4
chat seco gay	0	4
chat serio	0	4
chat sevill	0	4
chat sexo en directo	0	4
chat sexo en vivo gratis	0	4
chat sexo gay ahora madrid	0	4
chat sexo gay lima peru	0	4
chat sexo gratis irc	0	4
chat sexo merida	0	4
chat sexo tlf	0	4
chat sexongratis	0	4
chat sexual lesbianas	0	4
chat sin inscribirse	0	4
chat sin registri	0	4
chat sin registro en uruguay	0	4
chat sin registro monterrey	0	4
chat sin registro social	0	4
chat sin.registro	0	4
chat sonico gratis	0	4
chat sonors	0	4
chat sus	0	4
chat telefonico	0	4
chat television	0	4
chat tenetife	0	4
chat terra asturia	0	4
chat terra camelot	0	4
chat terra en jaen	0	4
chat terra españa mas de 40	0	4
chat terra gratis sin registro en español	0	4
chat terra la rioja	0	4
chat terra lesboana	0	4
chat terra malaga gratis	0	4
chat terra mas de 50 60	0	4
chat terra movil madrid	0	4
chat terra sala	0	4
chat terra sin	0	4
chat terra tu chat de	0	4
chat terra zamora	0	4
chat trans sex	0	4
chat transgender gratis	0	4
chat trave	0	4
chat travestis español	0	4
chat trivial online	0	4
chat trsns	0	4
chat universo extremadura	0	4
chat universo gay sevilla	0	4
chat uol gay	0	4
chat urugiay	0	4
chat valència	0	4
chat web net	0	4
chat whatsapp colombia	0	4
chat whatsapp uruguay	0	4
chat xxx medellin	0	4
chat yerra córdoba	0	4
chat zaragpza	0	4
chat zone opiniones	0	4
chat.org bolivia	0	4
chat22	0	4
chatarg argentina chat libre	0	4
chatargetnino	0	4
chatazmorra	0	4
chatbahirnses	0	4
chatcaliente.	0	4
chatcaluente	0	4
chatcañiente	0	4
chatchuecs	0	4
chatcornudosmexico	0	4
chatcsexo	0	4
chatdecolombia	0	4
chatdeconcepcion	0	4
chatdesonlra	0	4
chatea bien caliente y hot	0	4
chatea gratis en chicago	0	4
chatea gratis gay friends	0	4
chatea gratis malaga	0	4
chatea gratis mas de 40	0	4
chatea gratis sum	0	4
chatea panama	0	4
chatea sumision	0	4
chateaconcepcion	0	4
chateacongente uruguay	0	4
chateacornudos	0	4
chateagratis cornudos	0	4
chateagratis nuevoleon	0	4
chateagratis.org	0	4
chateagratissonora	0	4
chateame uy	0	4
chateamos	0	4
chateamos net hot	0	4
chateando gratis sin registro	0	4
chateao	0	4
chatear con amigo	0	4
chatear con amigos gay	0	4
chatear con gente de ecuador	0	4
chatear con gente de peru	0	4
chatear con gente gay	0	4
chatear con jente	0	4
chatear con mas de 40	0	4
chatear con mujeres gratis y sin registro	0	4
chatear con mujeres para culiar	0	4
chatear en	0	4
chatear en ags	0	4
chatear en alicante	0	4
chatear en sumision	0	4
chatear gratis en	0	4
chatear gratis mas 50	0	4
chatear gratis sin pagar	0	4
chatear gratis yucatan	0	4
chatear grtis	0	4
chatear jalisco	0	4
chatear online argentina	0	4
chatear totalmente gratis	0	4
chatear vigo gratis	0	4
chatear y ligar	0	4
chateo online	0	4
chatfriedns	0	4
chatfriends.com	0	4
chatfriwnd	0	4
chatgay argentino	0	4
chatgayfriends	0	4
chatgaysmexico	0	4
chatgayvigo	0	4
chatgpt español	0	4
chatgpt español gratis	0	4
chatgragis	0	4
chatgratis peru	0	4
chatgratiselsalvador	0	4
chatgratismadrid	0	4
chatgratistenerife	0	4
chathispano malaga	0	4
chathispano murcia	0	4
chathispano official website	0	4
chathispanoi	0	4
chathoturuguay	0	4
chatiapu	0	4
chatiapuesgay	0	4
chatiar con alguien	0	4
chatiañues	0	4
chatkostenlos	0	4
chatlas palmas	0	4
chatlesbian	0	4
chatlesbianas net	0	4
chatmas50	0	4
chatmasde50	0	4
chatmazmorraorg	0	4
chatmipunto	0	4
chatmza	0	4
chato chile	0	4
chatolibe	0	4
chatoneo chat	0	4
chatonkine	0	4
chatp gratis	0	4
chatpereira	0	4
chatputas gratis	0	4
chatra gratis	0	4
chatratis	0	4
chatroom español	0	4
chats con radio	0	4
chats cslientes	0	4
chats de bisexuales	0	4
chats de chile	0	4
chats de cordoba	0	4
chats de france	0	4
chats de la paz	0	4
chats de pareja	0	4
chats de perú	0	4
chats en medellin	0	4
chats gallegos	0	4
chats gay sin rejistro	0	4
chats gaycadiz	0	4
chats gratis dale chats mendoza	0	4
chats gratis para adultos	0	4
chats hots whatsapp	0	4
chats para	0	4
chats para adultos gratis	0	4
chats para conocer gente en bogotá	0	4
chats sevilla	0	4
chats:	0	4
chatsa	0	4
chatschile.com	0	4
chatsevillano	0	4
chatsexo.	0	4
chatsftiends	0	4
chatslatinos com	0	4
chatt sexo	0	4
chatten mit amerika	0	4
chaturgay	0	4
chatv gratis	0	4
chatvilla	0	4
chatvperu	0	4
chatzona callao	0	4
chay gat	0	4
chay gay bcn	0	4
chay gay granada	0	4
chay lesbianas	0	4
chay online	0	4
chicas sexo trujillo	0	4
chico busca chico chat	0	4
chicos chat amateur	0	4
chieca chat gay navarra	0	4
chqt venezuela	0	4
chrtvenezuela	0	4
chschioen	0	4
chst córdoba	0	4
chst granada	0	4
chst gratis perú	0	4
chst lugo	0	4
chst puebla	0	4
chst sumisa	0	4
chst uru	0	4
chstperu	0	4
cht gay sevilla	0	4
cht gitano	0	4
cht lima	0	4
cht sin registro	0	4
chtiapues	0	4
chueca chat cadiz	0	4
chueca chat cataluña	0	4
chueca comunidad valenciana	0	4
chueca euskadi terra	0	4
chueca mobile	0	4
chuecatenerife	0	4
cibersex chat gratis	0	4
cibersexo gratuito	0	4
cita con mujeres gratis	0	4
citas gay sin presion	0	4
cjatgay	0	4
como ligar por adoptauntio	0	4
conocer chicas de 16 años	0	4
conocer chicas para chatear	0	4
conocer gente canarias	0	4
conocer gente de españa gratis	0	4
conocer gente en país vasco	0	4
conocer gente. online gratis	0	4
contacto gay crui	0	4
contacto gay en vendrell	0	4
contactos cartagena	0	4
contactos casados	0	4
contactos con mujeres	0	4
contactos en mallorca	0	4
contactos gay crui	0	4
contactos gay cruiding	0	4
contactos gay cruis	0	4
contactos gay crusi g	0	4
contactos gay en salamanca	0	4
contactos gay en vizcaya	0	4
contactos gay jalisco	0	4
contactos murcia	0	4
contactos online	0	4
conversaciones calientes	0	4
cordobachatgay	0	4
cruising chat xxx	0	4
cuarentona española follando	0	4
cuenca chat españa	0	4
dake cgat	0	4
dake chat.	0	4
dale cgst	0	4
dale charea	0	4
dale chart	0	4
dale chat chat	0	4
dale chat republica dominicana	0	4
dale chat rosario gay	0	4
dale chat sexo	0	4
dale chatea hot	0	4
dale chatea lesbianas argentinas	0	4
dale chatea.net lesbianas calientes	0	4
dale chateame argentina	0	4
dale chatxxx	0	4
dale chr	0	4
dale chra	0	4
dale chy	0	4
dale xgat	0	4
dale xhat me	0	4
dale xhatea argentina	0	4
dale xhatea libre	0	4
dale.char	0	4
dale.chat caliente	0	4
dale.comchat	0	4
dale.xhat	0	4
dalealchay	0	4
dalecgst	0	4
dalechat g	0	4
dalechat rosario	0	4
dalechat+	0	4
dalechatea . me	0	4
dalechateaa	0	4
dalechateaarg	0	4
dalechateala	0	4
dalechateane	0	4
dalecja	0	4
dalwchst	0	4
dañechst	0	4
de la chat	0	4
dqlechst	0	4
dqlecjat	0	4
dslechat.	0	4
dslexhst	0	4
dsñe chat	0	4
dálechat	0	4
el cat amigos	0	4
el chat del barco	0	4
el chat en barcelona	0	4
el chat gratis cochabamba	0	4
el chat madrid	0	4
el chatea argentino	0	4
el hat.com	0	4
el mejor sistema de chat	0	4
el.chat cali	0	4
elchat sin registro	0	4
elchat.cim	0	4
elchatsalta	0	4
elxhay	0	4
elxhst	0	4
encuentro gay peru	0	4
enlaces hot	0	4
entrar en un chat	0	4
esmas com chat	0	4
españoles gay en vivo	0	4
fale chatea	0	4
falexhat	0	4
felicitaciones de navidad para personas mayores	0	4
flashchat flashchat flashchat	0	4
follar gay ourense	0	4
foro putas bcn	0	4
free chat porno	0	4
free chat usa	0	4
free chatting	0	4
free latin gay chat	0	4
gasycruising	0	4
gatcruising	0	4
gay cadiz	0	4
gay chat gay	0	4
gay chat room madrid	0	4
gay chat web	0	4
gay chst	0	4
gay cht	0	4
gay cruising chat gay	0	4
gay cruising website	0	4
gay euskadi	0	4
gay galicia	0	4
gay sex chat tenerife	0	4
gay xxx chat madrid	0	4
gaycadiz chat	0	4
gaychat mexico	0	4
gaychat.pt	0	4
gaycrui	0	4
gaycruisimg	0	4
gays bots sin registro	0	4
gays cruising.net	0	4
gchat gratis	0	4
ge te chat	0	4
gente caht	0	4
gente chat valencia	0	4
gente de piura	0	4
gentedechat	0	4
gentehispana chat	0	4
gozatela chat	0	4
gpt chat español gratis	0	4
grupo chat	0	4
grupo de whatsapp gay paraguay	0	4
hablar chicas online	0	4
hablar mujeres	0	4
haciendo amigos gratis	0	4
hat argentino	0	4
hat gay granada	0	4
hatealo	0	4
haz amigos gratis	0	4
hispani chat	0	4
hispano chat fotos y videos	0	4
hispano chat terra	0	4
hispano chst	0	4
hot personas	0	4
https //zonainvita*com/chat/	0	4
https://chatmex.com	0	4
imegla chat	0	4
inforchat gay maduros	0	4
ir. hispano	0	4
irc chat webchat	0	4
irc chueca	0	4
irc coruña	0	4
irc hisp	0	4
irc hispano coruña	0	4
irc hispsno	0	4
irc irc hispano org	0	4
irc web chat	0	4
irchispano, kiwi	0	4
ircnhispano	0	4
juegos por chat para ligar	0	4
kiwi irc ptnet	0	4
kiwichat hispano	0	4
komegle chat	0	4
kostenlos chat	0	4
la terra argentina	0	4
larinchatgay	0	4
latin chat bolivia	0	4
latin chat el salvador	0	4
latin chat en español	0	4
latin chat lesbianas bogotá	0	4
latin chat orgg	0	4
latin chat.	0	4
latin chay gay	0	4
latincgat	0	4
latinchat cucuta	0	4
latinchatpr	0	4
lebianas maduras	0	4
lesb org	0	4
lesbian free chat	0	4
lesbianas latinas	0	4
ligar mallorca	0	4
lima chat}	0	4
live cam maduras	0	4
lo paisa chat	0	4
maduras albacete chat	0	4
maduras skype	0	4
maduro y joven gay	0	4
mas de 50 chat	0	4
mas de cuarenta	0	4
mazmorra chat terra	0	4
mejor chat en vivo gratis	0	4
mejor chat gay	0	4
mejores chats	0	4
mejores chats madrid	0	4
mirc chat tucumano	0	4
mujeres en linea	0	4
navarra chat gay	0	4
oaranachat	0	4
oemgle chat	0	4
omegke gratis	0	4
omeglamchat	0	4
omegle ad	0	4
omegle chart	0	4
omegle chat con chicas	0	4
omegle chat website	0	4
omegle gay barcelona	0	4
omegle gratuito online	0	4
omezy chat	0	4
paeanachat	0	4
pagina chatear	0	4
pagina contactos gratis	0	4
pagina para mujeres	0	4
paginas de chat terra	0	4
paginas de chatear	0	4
paginas gay gratis	0	4
paginas para buscar amigos gratis	0	4
paginas para chatear con hombres	0	4
paginas para chatear con mujeres gratis	0	4
paginas para chatear ligar y hacer amigos	0	4
paginas para hacer amigos gratis	0	4
pareja chat	0	4
parsnachat	0	4
peruchatgay	0	4
portugal chat batepapo	0	4
pt net chat	0	4
ptnet sex org	0	4
páginas de chat en vivo	0	4
páginas para ligar gratis	0	4
q significa chat hot	0	4
quedada cruising	0	4
quieeochat	0	4
quieo chat	0	4
quiero chat asturias	0	4
quiero chat gratis	0	4
quiero chat illes balears	0	4
quiero latinchat	0	4
quierochat alicante	0	4
quierochat cadiz	0	4
quierochat castellon	0	4
quierochat granada	0	4
quierpchat	0	4
quiwro chat	0	4
redes sociales para conocer gente gratis	0	4
sala de chat sexo	0	4
sala de chat venezuela la gente habla	0	4
sala dw chat	0	4
salaachat	0	4
salas chat ares	0	4
salas chats	0	4
salas de chat eroticos	0	4
salas de chat gratis puerto rico	0	4
salas de chat ibague	0	4
salas de chat maracaibo	0	4
salas de chat nuevo león	0	4
salas de chat queretaro	0	4
salas de chateo	0	4
salas de chats gratis malaga	0	4
salas de cht	0	4
salas de cjat	0	4
salas de xhat sin registro	0	4
salas dw chat	0	4
salasgratis	0	4
sex char	0	4
sex chaster	0	4
sex chat argentino	0	4
sexchaters	0	4
sexo char	0	4
sexo chat nuevo leon	0	4
sexo chat nuevo.leon	0	4
sexo gratis aviles	0	4
sexo gratis en las palmas	0	4
sin registros	0	4
site:chatear.me	0	4
sites chat	0	4
sitio web para conocer personas	0	4
sitios web para hablar con chicas	0	4
spainchatgay	0	4
spanishchat	0	4
subcali chat	0	4
terra alterna	0	4
terra argentina chat	0	4
terra chat alterantivo	0	4
terra chat argentino	0	4
terra chat cadiz	0	4
terra chat en mexico	0	4
terra chat espana	0	4
terra chat illes balears	0	4
terra chat ligar	0	4
terra chat mex	0	4
terra chat mexico gratis	0	4
terra chat regios	0	4
terra chat sala ligar	0	4
terra chat x	0	4
terra chqt	0	4
terra chta	0	4
terra chueca aragon	0	4
terra. hat	0	4
terrachat 50	0	4
text chat omegle	0	4
tinder chat gratis	0	4
toing chat	0	4
tran chat	0	4
trevia chueca asturias	0	4
tu chat el bunker	0	4
twrrachat latina	0	4
universo gay vigo	0	4
uolchay	0	4
vecinas gratis	0	4
vhat colombia	0	4
vhatgratis	0	4
viarosario .org	0	4
viarosario.org redhispana	0	4
vidente chat	0	4
video chat gratis con chicas	0	4
video chat gratis en nuevo león	0	4
video chat hot sin registrar	0	4
video sex chat gay	0	4
videocchat gay	0	4
videochat gay gratis en español	0	4
videochat random chino	0	4
videochatdevenezuela	0	4
videochats gay gratis	0	4
videollamadas con latinas	0	4
viejas cachondas gratis	0	4
web chat cornudos	0	4
web de chat hot	0	4
web gay gratis	0	4
web hot chat	0	4
webchat bogota	0	4
webchat ec	0	4
webchats cornudos	0	4
webchst	0	4
webs de contactos gratuitas	0	4
wuierochat	0	4
www chat gay	0	4
www elchat com	0	4
www.chatchueca euskadi	0	4
www.dalechat_me	0	4
www.terrachat.es	0	4
www.viarosario.org chat	0	4
xat gay barcelona	0	4
xhar hot	0	4
xhat cornudo	0	4
xhat gay asturias	0	4
xhat gay sevilla	0	4
xhat hpr	0	4
xhat libre	0	4
xhat murcia	0	4
xhay hot	0	4
xxx gay cruising chat	0	4
xxx gey peru	0	4
xxx videollamada gay	0	4
zobe chat	0	4
zona gpt	0	4
чат зона	0	4
1v1 chat gratis	3	3
bdms chat	3	3
chamsurf chat	3	3
charlar con mujeres	3	3
chast gay	3	3
chat anónimo xxx	3	3
chat argentina sexo	3	3
chat caliente video	3	3
chat calientes porno	3	3
chat cam online	3	3
chat cam sin registro	3	3
chat con camara online	3	3
chat con desconocidos xxx	3	3
chat con milf gratis	3	3
chat con web cam	3	3
chat con web cam gratis	3	3
chat de rusia	3	3
chat de sexo gratis online	3	3
chat erotico madrid	3	3
chat gay brasileiro	3	3
chat gay las palmas de gran canaria	3	3
chat gratis kiwi irc	3	3
chat gratis sexo madrid	3	3
chat hot gratid	3	3
chat hot perú	3	3
chat les madrid	3	3
chat ndsm	3	3
chat online con mujeres gratis	3	3
chat online sexual	3	3
chat online web	3	3
chat online whatsapp	3	3
chat pagina	3	3
chat para buscar pareja gratis	3	3
chat porno gratuito	3	3
chat privado porno	3	3
chat pt entrar	3	3
chat tijuana zlna	3	3
chat ttans	3	3
chat xxx peru	3	3
chat zona net jalisco	3	3
chatear con mujeres porno	3	3
chatgay venezuela	3	3
chathot chatzona	3	3
chats calientes whatsapp	3	3
chats online xxx	3	3
chatzona costa rica	3	3
chatzona gt	3	3
chatzona malaga	3	3
chatzpne	3	3
chicos gay cerca de mi	3	3
chtzone	3	3
conocer chicas sin registro	3	3
conocer gente gay gratis	3	3
contactos tv	3	3
dalechat org	3	3
dominican chat	3	3
elchatzona	3	3
encuentros con maduras	3	3
encuentros sexuales en madrid	3	3
fono chat miami	3	3
foros de lesbianas	3	3
gay puebla	3	3
gaypajas	3	3
gays contactos	3	3
lesbianas cerca de mi	3	3
lesbianas valencia	3	3
llamada con mujeres calientes	3	3
llamadas con mujeres hot	3	3
llamadas xxx sin registro	3	3
mensajear con mujeres	3	3
milfs chats	3	3
mujeres para chat	3	3
nazocam	3	3
numero de maduras	3	3
numeros de maduras calientes	3	3
números de zangi de mujeres	3	3
omegle cuat	3	3
omegle grati	3	3
omegle para mujeres	3	3
omegle sexual	3	3
omegle sin cuenta gratis	3	3
paginas transexual	3	3
para hablar con gente desconocida	3	3
quedadas liberales	3	3
sexo chipiona	3	3
sexo gratis caracas	3	3
sexo gratis irun	3	3
si	3	3
tarot chat online	3	3
trabesti chat	3	3
travestis chat gratis	3	3
ver omegle gratis	3	3
video chat con mujeres gratis	3	3
video chat con señoras	3	3
video chat gratis con trans	3	3
video chat parejas	3	3
video llamada maduras	3	3
video llamadas maduras	3	3
videochat con milf	3	3
videochat hor	3	3
videochat hot sin registro	3	3
videochats hots	3	3
videollamada con chicas hot gratis	3	3
videollamada con extraños sin registro	3	3
videollamadas hot 1 vs 1 gratis	3	3
vido chat gay	3	3
whatsapp chat hot	3	3
whatsapp de chicas gratis	3	3
whatsapp maduras	3	3
xhatzone	3	3
amas sado	2	3
amigos online para conversar	2	3
aplicaciones para hablar con mujeres	2	3
aplicación para chatear con mujeres gratis	2	3
app de sexo gratis	2	3
app para chatear gratis con mujeres	2	3
app para chatear hot	2	3
apps para hablar con chicas calientes	2	3
badajoz gay	2	3
bazoom video chat	2	3
bazoomcsm	2	3
bazzokam	2	3
cahtea gratis	2	3
cam sin registro gratis	2	3
cartagena chat	2	3
chat 22	2	3
chat aleatorio con chicas gratis	2	3
chat anónimo con fotos	2	3
chat brasil gay	2	3
chat caliente online gratis	2	3
chat cam trans	2	3
chat casados sevilla	2	3
chat con cachondas	2	3
chat con cam español	2	3
chat con chicas online	2	3
chat con chicas sexo	2	3
chat con desconocidos online	2	3
chat con mujeres infieles	2	3
chat de barranquilla gratis	2	3
chat de citas uruguay	2	3
chat de mujeres mayores	2	3
chat de reynosa	2	3
chat de sexo caracas	2	3
chat de sexo con mujeres gratis	2	3
chat de viejos	2	3
chat desconocidos	2	3
chat en albacete	2	3
chat free trans	2	3
chat friend.	2	3
chat gay gratis video	2	3
chat gay madrid ahora	2	3
chat gay online cam	2	3
chat gay santiago	2	3
chat gay xx	2	3
chat gratis guayaquil ecuador	2	3
chat gratis los angeles california	2	3
chat gratis para hacer tríos en colombia	2	3
chat gratis putas	2	3
chat gratis tinder	2	3
chat hispano valencia	2	3
chat international	2	3
chat mexicana	2	3
chat morbo gay	2	3
chat omegl	2	3
chat online 18	2	3
chat online brasil	2	3
chat online conversa sem cadastro	2	3
chat online gratuito para conversar	2	3
chat online mundial	2	3
chat oorno	2	3
chat para conocer amigas	2	3
chat para conocer amigos gratis	2	3
chat para conocer gente nueva	2	3
chat para conseguir amigos	2	3
chat peruanas	2	3
chat porno con mujeres	2	3
chat porno en español	2	3
chat porno.	2	3
chat pornos gratis	2	3
chat puta gratis	2	3
chat random en español	2	3
chat sex colombia	2	3
chat sexual anonimo	2	3
chat sin registro xxx	2	3
chat swinge	2	3
chat trans malaga	2	3
chat uot	2	3
chat vdsm	2	3
chat virtual sexo	2	3
chat wn linea	2	3
chat xxx caliente	2	3
chatear con camara y microfono	2	3
chatear con hombres solteros gratis	2	3
chatear en vivo gratis	2	3
chatear gratis chile	2	3
chatear xxx	2	3
chathot lesbianas	2	3
chathot xxx	2	3
chatlatinos	2	3
chatporno gay	2	3
chats alternativos	2	3
chats en vivo	2	3
chats gay cdmx	2	3
chats hot porno	2	3
chats hot xxx	2	3
chats sexual	2	3
chats sexuales online	2	3
chats xxx gratis	2	3
chatswingers	2	3
chhat gay	2	3
chicas hablar	2	3
chst amistad	2	3
chst brasil	2	3
chst mujeres	2	3
cht gay gratis	2	3
citas bolivia gratis	2	3
citas con mujeres mayores de 50 años gratis	2	3
citas con mujeres mayores gratis	2	3
citas con trans	2	3
citas con trans gratis	2	3
citas en tenerife	2	3
citas para gays	2	3
citas uruguay chat	2	3
conocer gente en aguascalientes	2	3
conocer gente liberal	2	3
contactos benavente	2	3
contactos en cantabria	2	3
contactos entre parejas liberales	2	3
contactos gay lima	2	3
contactos gipuzkoa	2	3
contactos linares	2	3
contactos parla	2	3
conversar chat online	2	3
cuckold chats xxx	2	3
cybersexo gratis	2	3
encuentro hot	2	3
encuentros hot	2	3
encuentros tijuana	2	3
foro gay barcelona	2	3
forogay	2	3
foros para hablar	2	3
free trans chat	2	3
gay. chat	2	3
gays en asturias	2	3
gays vitoria	2	3
grupos de whatsapp para hablar con desconocidos	2	3
habla con mujeres online	2	3
hablar personas	2	3
hot chat girls	2	3
hot chat sexo	2	3
hot chats online	2	3
hot llamadas	2	3
hot video llamada	2	3
hotcaht	2	3
https://camsurf.com/index.php#	2	3
ibiza chat	2	3
latinchat antiguo	2	3
latinchat sin registro	2	3
lesbian online chat	2	3
lesbianas cam	2	3
lesbianas. com	2	3
liberal chat	2	3
ligar murcia	2	3
llamada con gente	2	3
llamada con señoras	2	3
llamada hot online	2	3
llamadas calientes con mujeres	2	3
llamadas con mujeres solteras gratis	2	3
lmegle chat	2	3
lovoo gratis	2	3
madura contactos	2	3
mejores paginas para videollamadas con mujeres gratis	2	3
messenger hot	2	3
milfs chat	2	3
mujeres casadas gratis	2	3
mujeres online chat	2	3
numeros de mujeres calientes	2	3
número de mujeres para chatear	2	3
omegle .chat	2	3
omegle gratis xxx	2	3
omegle maduras	2	3
omegle mexico	2	3
omegle mujeres en linea	2	3
omegle para gays	2	3
omele chat	2	3
online cruising	2	3
pagina para conocer gente gratis	2	3
paginas conocer gente gratis	2	3
paginas lesbianas	2	3
paginas para chatear y conocer gente	2	3
para hablar con alguien	2	3
para hablar con chicas	2	3
parejas libres	2	3
platicar en linea	2	3
porno chats calientes	2	3
páginas de lesbianas	2	3
páginas para chatear con mujeres	2	3
sex chat ecuador	2	3
sexo en línea	2	3
sexo en malaga gratis	2	3
sexo gay huelva	2	3
sexo gratis ahora	2	3
sexo gratis barranquilla	2	3
sexo gratis bogota	2	3
sexo gratis en bogotá	2	3
sexo gratis encuentros	2	3
sexo malaga gratis	2	3
sexoonline gratis	2	3
swingers chats	2	3
tarot en vivo gratis chat	2	3
tarot online chat	2	3
tchat trans	2	3
terra chat net	2	3
top chat online	2	3
trans chat free	2	3
universogay	2	3
vbazocam	2	3
video call hot online	2	3
video chat filipinas	2	3
video chat mujeres calientes	2	3
video chat ruso	2	3
video chat sexual	2	3
video chat xxx gay	2	3
video chats calientes gratis	2	3
videochat con chicas gratis	2	3
videochat gratis con trans	2	3
videochat transexuales	2	3
videollamada con mujeres colombia	2	3
videollamadas con milfs	2	3
videollamadas con mujeres gratis sin monedas	2	3
videollamadas hot con mujeres	2	3
videollamadas hot online gratis	2	3
videollamas hot gratis	2	3
web cam maduras gratis	2	3
webcam gratis online	2	3
xhat trans	2	3
xxx chat sexo	2	3
amegla chat	1	3
aplicaciones para hablar con mujeres gratis porno	1	3
app de citas sin registro	1	3
bazocamchat	1	3
bazoochay	1	3
bazooncan	1	3
caht jot	1	3
cam hot	1	3
cam surf chat	1	3
camara online chat	1	3
canal de chat gay	1	3
canal lesbianas	1	3
chad cristiano	1	3
char hot online	1	3
char latino	1	3
chast sexo	1	3
chat 18 online	1	3
chat aleatorio gratuito	1	3
chat amigos online gratis	1	3
chat caliente.com	1	3
chat camaras gratis	1	3
chat caoiente	1	3
chat caracas telegram	1	3
chat casual	1	3
chat chueca eusk	1	3
chat citas peru	1	3
chat collmbia	1	3
chat con chicas lindas	1	3
chat con mujeres en vivo	1	3
chat cuernudo	1	3
chat cybersexo gay	1	3
chat de citas medellin	1	3
chat de cubanos	1	3
chat de españoles	1	3
chat de latinoamerica	1	3
chat de s	1	3
chat de sexso	1	3
chat de videojuegos	1	3
chat en francia	1	3
chat en línea whatsapp	1	3
chat gat cordoba	1	3
chat gay cali gratis	1	3
chat gay corula	1	3
chat gay sin sensura	1	3
chat gratis com mulheres	1	3
chat gratis lesbianas para relaciones online	1	3
chat gratis mex	1	3
chat gratuit travesti	1	3
chat hispano almeria	1	3
chat hispano gratis sin registro	1	3
chat hispano mas de 50	1	3
chat hispano toledo	1	3
chat hot anonima	1	3
chat hot filtrado	1	3
chat hot gratis telegram	1	3
chat hot medellin whatsapp	1	3
chat lesbici	1	3
chat libr	1	3
chat libre de argentina	1	3
chat libre uruguay	1	3
chat los angeles california	1	3
chat madres	1	3
chat madrid gay kiwi	1	3
chat madrid gratis kiwi irc	1	3
chat medellín online	1	3
chat más de 50 y 60 argentina	1	3
chat near me	1	3
chat online las palmas	1	3
chat only gratis	1	3
chat onmine	1	3
chat para quedar gratis	1	3
chat perú.	1	3
chat pnline gratis	1	3
chat roulette gay	1	3
chat sex trans	1	3
chat sexk	1	3
chat sexo gratis en español	1	3
chat sexo irc	1	3
chat sexso	1	3
chat sexting gratis	1	3
chat sin regristro	1	3
chat terra chile gratis más de 50	1	3
chat trnas	1	3
chat universogay	1	3
chat web sin registro	1	3
chat.madrid	1	3
chate sexo	1	3
chatfriends españa	1	3
chathort	1	3
chati online	1	3
chatiapues solo ellos	1	3
chatiar con chicas	1	3
chatircportugal	1	3
chatlesbo	1	3
chatnetcastellon	1	3
chatrandongay	1	3
chats +18 gratis	1	3
chats con rusas	1	3
chats gratis en málaga	1	3
chats online gays	1	3
chats online trujillo	1	3
chatsmurf	1	3
chatsuf	1	3
chicas en línea gratis	1	3
chst gay puebla	1	3
chst malaga	1	3
chst obline	1	3
citas con chicas solteras gratis	1	3
citas liberales	1	3
como chatear con mujeres	1	3
conocer mujeres casadas gratis	1	3
contacto de gay	1	3
contactos chicas gratis	1	3
contactos de cornudos	1	3
contactos de parejas liberales	1	3
contactos en guipuzcoa	1	3
contactos gay cerca de mi	1	3
contactos gay en españa	1	3
contactos puerto del rosario	1	3
contactosbi	1	3
cuck chat online	1	3
cvideochat gay	1	3
dale ya chat	1	3
dalea chat	1	3
dalw chatea	1	3
dominas	1	3
dslchat	1	3
el chat de amigos	1	3
elchat.elchat	1	3
feet chat online	1	3
free hot chat online	1	3
gay chst online	1	3
gay terrassa	1	3
gay xhat	1	3
gaychat online	1	3
gays en murcia	1	3
grupo de whatsapp de cornudos	1	3
grupos gays	1	3
hablar con mujeres gratis porno	1	3
hablar con viejas	1	3
hispachat cornudos	1	3
hombre chat	1	3
hot chata	1	3
infiel chat	1	3
israel chat	1	3
kiwi chat gay	1	3
kiwiircchat	1	3
lantichat	1	3
lesbianas com	1	3
lesbianas en cordoba	1	3
lesbianas en mexico	1	3
lesbianas hot chat	1	3
lesbianas maduras	1	3
ligar en santiago de compostela	1	3
live chat video sin registro	1	3
llamadas gratis con mujeres calientes	1	3
maduras córdoba	1	3
mar del plata gay	1	3
mejor app para chatear con desconocidos	1	3
mission chat	1	3
mujeres calientes en vivo	1	3
ohmegle chat	1	3
omegla.cjat	1	3
omegle anónimo	1	3
omegle bolivia	1	3
omegle din registro	1	3
omegle españolas xxx	1	3
omegle gratus	1	3
omegle online argentina	1	3
omegle.por.	1	3
pagina para chatear con chicas	1	3
pagina para conocer mujeres mayores gratis	1	3
paginas para chat en guatemala	1	3
paginas para ligar gratis	1	3
quedadas sexo madrid	1	3
quedar madrid	1	3
sala chat me	1	3
sala de chat porno	1	3
salas de chat estados unidos	1	3
sex chat near me	1	3
sexo chat hot	1	3
sexo en xativa	1	3
sexo enlinea	1	3
sexo gay guadalajara	1	3
sexo gay lugo	1	3
sexo gratis en algeciras	1	3
shamale chat	1	3
sitios hot	1	3
spanish chat gay galicia	1	3
swing chat	1	3
tarot chat gratis	1	3
terra chat sala gratis	1	3
uhmegle	1	3
video gay chat	1	3
video llamada gratis hot	1	3
video llamadas hor	1	3
videochat de chicas	1	3
videochat mature	1	3
videochatgay sin registro	1	3
videollamada porno gratis sin registro	1	3
videollamadas para conocer gente gratis	1	3
videos chats calientes	1	3
webcams online chat	1	3
xxx hot chat	1	3
al chat friends	0	3
amigas en chat	0	3
aprender a chatear gratis	0	3
argentinos chat	0	3
bbw chat zone	0	3
bdsm online chat	0	3
bfsm chat	0	3
bisex chat	0	3
bisexual chat online	0	3
blat blat chat uruguay	0	3
boliviachat	0	3
caht chueca	0	3
caht venezuela	0	3
cahtfriends	0	3
cahthispano	0	3
calent arg chat	0	3
camelot chat	0	3
canakchat	0	3
canal chat lesb	0	3
canal org	0	3
canal pajeros chat irc	0	3
canal sexo chat	0	3
canalchat barranquilla	0	3
castellon gay	0	3
cchat argentino	0	3
cgat argentino	0	3
cgathispano	0	3
cha valencia	0	3
chachipén	0	3
chah hot	0	3
char de lima	0	3
char nuevo leon	0	3
charargentino	0	3
charlar con extraños	0	3
chat 14 años	0	3
chat aalta	0	3
chat agentina	0	3
chat ahs	0	3
chat alter	0	3
chat amigoa	0	3
chat amigos usa	0	3
chat amustad	0	3
chat anonimo brasil	0	3
chat argenina	0	3
chat argentiba	0	3
chat argentina les	0	3
chat argentina org	0	3
chat argentina.	0	3
chat argentino 50	0	3
chat argentino lesbiana	0	3
chat argentuno	0	3
chat asturais	0	3
chat asturias.	0	3
chat atacama	0	3
chat b c n	0	3
chat bani	0	3
chat barahona	0	3
chat barcelona terra gratis	0	3
chat barranquill	0	3
chat bgoota	0	3
chat bogoa	0	3
chat calienet	0	3
chat caliente .	0	3
chat calk	0	3
chat camera	0	3
chat canarias org	0	3
chat carolina	0	3
chat chatear murcia	0	3
chat chueca ciber	0	3
chat chueca sala teruel	0	3
chat chueca universal	0	3
chat chueca valemcia	0	3
chat cibersexo dale al chat	0	3
chat ciudad de buenos aires	0	3
chat colombia latin	0	3
chat completamente gratis	0	3
chat con colombia	0	3
chat con hombres y mujeres	0	3
chat con japoneses	0	3
chat con mujeres que buscan sexo	0	3
chat cordobes sin registro gratis	0	3
chat cordpba	0	3
chat cornudos canal chat	0	3
chat cornudos org	0	3
chat corrientes chaxo	0	3
chat cruisimg	0	3
chat cruising vitoria	0	3
chat cuba gay	0	3
chat cuckold españa	0	3
chat córdoba capital	0	3
chat de awxo	0	3
chat de castellon	0	3
chat de gay en madrid	0	3
chat de joven con maduro	0	3
chat de la ser	0	3
chat de lesbianas en mexico	0	3
chat de ligar grats	0	3
chat de ligue gratis	0	3
chat de pontevedra	0	3
chat de s xo	0	3
chat de sec	0	3
chat de sexi gratis	0	3
chat de sexo gays	0	3
chat de sexo grstis	0	3
chat de sexo on line	0	3
chat dominación bdsm	0	3
chat e sexo	0	3
chat el sudcaliforniano	0	3
chat en linea arg	0	3
chat en línea adolescentes	0	3
chat en ourense	0	3
chat en perú	0	3
chat en ñinea	0	3
chat entrar	0	3
chat entre hombres	0	3
chat erotico españa	0	3
chat erótico para latinos sin registro en español	0	3
chat espapa	0	3
chat españoles gratis	0	3
chat estadounidense	0	3
chat evangelica	0	3
chat firend	0	3
chat frie ds	0	3
chat friendd ecuador	0	3
chat frienss	0	3
chat g bcn	0	3
chat ga gratis colombia	0	3
chat gasy	0	3
chat gat rosario	0	3
chat gat tenerife	0	3
chat gay ag	0	3
chat gay barna	0	3
chat gay bear	0	3
chat gay caduz	0	3
chat gay canarias ficha	0	3
chat gay chat gay	0	3
chat gay cibersexi	0	3
chat gay cna	0	3
chat gay coru	0	3
chat gay crui	0	3
chat gay foto	0	3
chat gay hispano granada	0	3
chat gay msdrid	0	3
chat gay roaario	0	3
chat gay san juan	0	3
chat gay santa fe	0	3
chat gay sin fotos	0	3
chat gay zn	0	3
chat gaybcn quierochat	0	3
chat gaybrosario	0	3
chat gaysevilla irc	0	3
chat gotano	0	3
chat gratis chachipen	0	3
chat gratis ciudad real	0	3
chat gratis en	0	3
chat gratis en asturias	0	3
chat gratis en cuba	0	3
chat gratis en terra	0	3
chat gratis por internet	0	3
chat gratis.m	0	3
chat gratisis	0	3
chat gratsis	0	3
chat grti	0	3
chat gsy asturias	0	3
chat guadalajara méxico	0	3
chat gurona	0	3
chat gutano	0	3
chat hay tenerife	0	3
chat hebreo	0	3
chat hiospano	0	3
chat hispank	0	3
chat hispano canal sexo	0	3
chat hispano lleida irc kiwi	0	3
chat hispanoi	0	3
chat hispaon	0	3
chat hispono	0	3
chat hoh	0	3
chat hombres solteros	0	3
chat hor arg	0	3
chat hot i	0	3
chat hot la sala	0	3
chat hot onlien	0	3
chat hot sin reg	0	3
chat hoyñt	0	3
chat iqiqie	0	3
chat irchispano	0	3
chat ita	0	3
chat jalisxo	0	3
chat lasbinas	0	3
chat lesbian gratis	0	3
chat lesmaduras	0	3
chat lesvico gratis	0	3
chat lwsbianas	0	3
chat makaga	0	3
chat malloca	0	3
chat mazmorra chatfriends	0	3
chat me doza	0	3
chat men sin registro	0	3
chat mendiza	0	3
chat merid	0	3
chat net argentina	0	3
chat oeg	0	3
chat online argentino	0	3
chat online chat	0	3
chat online grátis	0	3
chat online hispano	0	3
chat online v	0	3
chat orf	0	3
chat orh	0	3
chat otg	0	3
chat ozu comunidades	0	3
chat pagina web	0	3
chat para hablar con	0	3
chat para ligar gratis de zaragoza	0	3
chat pbline	0	3
chat pernambuco	0	3
chat peru limeño	0	3
chat privado peru	0	3
chat puerto.rico	0	3
chat santa fe ciudad	0	3
chat santisgo	0	3
chat sex0	0	3
chat sexo dalechat	0	3
chat sexo galicia	0	3
chat sexo gay chueca asturias	0	3
chat sexo gay gratis valencia	0	3
chat sexo gratis chile	0	3
chat sexo obline	0	3
chat si	0	3
chat sin registro soltero	0	3
chat sin regsitro	0	3
chat sn regsitro	0	3
chat solos y solas	0	3
chat sonor	0	3
chat spaña	0	3
chat srxo	0	3
chat sumsia	0	3
chat ter	0	3
chat terra canarias	0	3
chat terra es gratis	0	3
chat terra lesb	0	3
chat tra	0	3
chat vallaodlid	0	3
chat wcuador	0	3
chat web argentino	0	3
chat with justin bieber online	0	3
chat wn monterrey	0	3
chat x hot	0	3
chat xba	0	3
chat ya	0	3
chat yuca	0	3
chat zaragoxa	0	3
chat zaragoz	0	3
chat zargoza	0	3
chat zone monedas gratis	0	3
chat ñima	0	3
chat%s	0	3
chat-chatea	0	3
chat-gay	0	3
chat. mas. 50	0	3
chat.cordoba	0	3
chat.elchat.net	0	3
chat.me caliente	0	3
chata rgentino	0	3
chata venue	0	3
chatarg argentina	0	3
chatarg libre	0	3
chatargebtina	0	3
chatargentini	0	3
chatbcaliente	0	3
chatcalinte	0	3
chatcamgay	0	3
chatde	0	3
chatdebogita	0	3
chatea chat.org	0	3
chatea chst	0	3
chatea con argentina	0	3
chatea gratia	0	3
chatea gratid	0	3
chatea gratis español	0	3
chatea gratis travestís	0	3
chatea grtais	0	3
chatea medellin	0	3
chatea mty	0	3
chateacali	0	3
chateagratis lesbiana	0	3
chateagratisjalisco	0	3
chateapañol	0	3
chatear con gente de bolivia	0	3
chatear con mujeres sexo	0	3
chatear con web	0	3
chatear espana	0	3
chatear gratis salas	0	3
chatear gratis sonora	0	3
chatear hratis	0	3
chatear.red	0	3
chatearatis	0	3
chateargratismonterrey	0	3
chateargrstis	0	3
chatearmazmorra	0	3
chatedpaña	0	3
chatespala	0	3
chateuropa	0	3
chatfriendss	0	3
chatfrkends	0	3
chatga lat	0	3
chatgay chueca	0	3
chatgay ciber	0	3
chatgay córdoba	0	3
chatgayarg	0	3
chatgaypage	0	3
chatgfatis	0	3
chatgolfo	0	3
chatgrstid	0	3
chatguipuzcoa	0	3
chathispako	0	3
chathispano chuecamadrid	0	3
chathispano nudismo	0	3
chathispano,com	0	3
chathispoano	0	3
chathurlva	0	3
chatiapues online gratis	0	3
chatiapues salas	0	3
chatiapuesmedellin	0	3
chatirc sexo	0	3
chatlina	0	3
chatnhot	0	3
chato cali	0	3
chatover40	0	3
chatoviedo	0	3
chatpor o	0	3
chatrandomargentina	0	3
chatrrom	0	3
chats cornudos x	0	3
chats cristianos en español	0	3
chats mujeres medellin	0	3
chatsdegente	0	3
chatsedo	0	3
chatsexo zaragoza	0	3
chatsfriends sin registro	0	3
chatsudcalifornianp	0	3
chatsurcaliforniano	0	3
chatt hot gratis	0	3
chattiar	0	3
chatven linea	0	3
chatvenezuel	0	3
chatvenwzuela	0	3
chatvenzuela	0	3
chatvgay cba	0	3
chatvgrati	0	3
chatvhrati	0	3
chaty gratis	0	3
chatzona relatos eroticos	0	3
chatzonagay barcelona hispano	0	3
chay friend	0	3
chay gay gdl	0	3
chay kiwi	0	3
chay salta	0	3
chhat gratis	0	3
china chat	0	3
chqt terra	0	3
chst 50	0	3
chst bcn	0	3
chst chot	0	3
chst dsle	0	3
chst en línea	0	3
chst gay mexico	0	3
chst jalisco	0	3
chst méxico	0	3
chst nuevo leon	0	3
chst vot	0	3
chstdale	0	3
cht jot	0	3
cht kiwi	0	3
cht murcia	0	3
chueca camarias	0	3
chueca euscadi	0	3
chueca_baleares	0	3
chuecas baleares	0	3
cintactos gays cruising	0	3
citas sin registrarse	0	3
cjat amistad	0	3
cjat cadiz	0	3
cjat córdoba	0	3
cjat españa	0	3
cjat galicia	0	3
cjat gay cadiz	0	3
cjat ourense	0	3
cjat trans	0	3
cjatgratis sonora	0	3
cjay hot	0	3
cjst gratis	0	3
conocer gente nueva	0	3
conocer gente por el chat	0	3
conocer mujeres solteras gratis	0	3
contacto gay euskadi	0	3
contactos cordoba	0	3
contactos en navarra	0	3
contactos gay cruising coruña	0	3
contactos gay manresa	0	3
contactos gays alava	0	3
contactos gays don benito	0	3
contactos san fernando	0	3
contactos sin registros	0	3
conversar en online	0	3
corno chat	0	3
cornufos chat	0	3
cornufos chat online	0	3
cruising contactos gay navarra	0	3
cruising gay iniciar sesion	0	3
crussin chat gay	0	3
cuarentona follando	0	3
cuat hispano	0	3
cuckol chat	0	3
daechatea	0	3
daelcaht	0	3
daiechat	0	3
dal echat	0	3
daldxhat	0	3
dale a chatme	0	3
dale al chat españa	0	3
dale al chat mendoza	0	3
dale chaf	0	3
dale chat - chat online, gratis y sin registro	0	3
dale chat dale chat	0	3
dale chat hot xxx	0	3
dale chat instalar	0	3
dale chat lesbianas argentinas	0	3
dale chat valemcia	0	3
dale chat venezuela	0	3
dale chater	0	3
dale chayt	0	3
dale chst.	0	3
dale cjhat	0	3
dale hat.	0	3
dale hcat	0	3
dale ht	0	3
dale,,al,,chat,,venezuela	0	3
daleachatea	0	3
dalebchat	0	3
dalecahat	0	3
dalechareame	0	3
dalechat amigos	0	3
dalechat3a	0	3
dalechat?	0	3
dalechatea..e	0	3
dalechateq	0	3
dalechatgente	0	3
dalechaye	0	3
dalechsat	0	3
dalechsg	0	3
dalechst.	0	3
dalecjt	0	3
dalehcatea	0	3
dalelachat	0	3
daleslchat	0	3
dalexhqt	0	3
dalichat	0	3
dalwcaht	0	3
dalwcjat	0	3
de dale chat	0	3
dechatea hot	0	3
dele chst	0	3
delechatsexo	0	3
dijelame	0	3
donde puedo chatear	0	3
el chat de miami	0	3
el chat en español gratis	0	3
elchap	0	3
elchat con	0	3
elchat.c9m	0	3
encuentros asturias	0	3
encuentros gay cerca de mi	0	3
falecjat	0	3
finister chat gay	0	3
foro gay madrid sexo	0	3
foros online chat	0	3
free chat en espanol	0	3
friends chat trujillo	0	3
gay cerca de mi ubicación	0	3
gay chat spain	0	3
gay chueca chat	0	3
gay cruising inicio	0	3
gay cruissing web	0	3
gay_guarros	0	3
gaycruising ciudad real	0	3
gays en cáceres	0	3
gchat hot	0	3
gent chat	0	3
gente chat españa	0	3
gente chat net sex	0	3
gente latin chat	0	3
gentechat pontevedra	0	3
gentecjat	0	3
gratis chats	0	3
gratis transexuales	0	3
hablar gratis con gente	0	3
haz amigos online	0	3
hidpano chat	0	3
hidpanochat	0	3
hispachat nudismo	0	3
hispano chat madrid	0	3
hispano irc kiwi org	0	3
hispano webchat	0	3
hispanochat kiwi	0	3
horny online chat	0	3
hot chat usa	0	3
hot sexy online	0	3
https chatalborada com	0	3
inicio sesion cruising	0	3
irc hisoano	0	3
irc hispano barcelona	0	3
irc hispano webchat kiwi	0	3
kiwchat	0	3
kiwi chat dalnet	0	3
kiwi chat.	0	3
kiwi dalechat	0	3
kiwi irc hiaoano	0	3
latin chat caracas	0	3
latinchad	0	3
lesbianas contacto	0	3
libre chat en españa	0	3
ligar com	0	3
linea chat	0	3
lugar para chatear	0	3
maduritad	0	3
mexican chat	0	3
mintvideochay	0	3
mirc gratis	0	3
mirc tucu	0	3
misi9chat	0	3
misio hat	0	3
misiocgat	0	3
misoochat	0	3
mujeres para citas gratis	0	3
numeros de chicos gay	0	3
o.egla chat	0	3
okegle chat	0	3
omegal chat	0	3
omeggle chad	0	3
omegla cat	0	3
omegla cht	0	3
omegla chta	0	3
omegla.chay	0	3
omegle.sin registro	0	3
omeglecht	0	3
omeglqchat	0	3
paginas para videollamadas gratis	0	3
para hablar con	0	3
paragiay chat	0	3
persona chateando	0	3
pies de españolas video chat	0	3
porno latinas chat	0	3
página chat hot	0	3
páginas para hablar con personas gratis	0	3
que es dale chat	0	3
quedar gay	0	3
quierochat navarra	0	3
quierochat.con	0	3
quieroterrachat	0	3
rosario chat viarosario	0	3
sado chat genteh	0	3
sal chat	0	3
sala chat bogotá	0	3
sala chat.	0	3
sala de chat en español	0	3
salas chats gratis	0	3
salas de chat ares	0	3
salas de chat de cornudos	0	3
salas de chat del ares	0	3
salas de chat en bolivia	0	3
salas de chat gratis en queretaro	0	3
salas de chat latinchat	0	3
salas de.chat	0	3
salas dechat gratis	0	3
salas del chat	0	3
salas e chat	0	3
salas.chat hot	0	3
salauol	0	3
schat hot	0	3
sexo chat hispano	0	3
sexo gay granada	0	3
sexo gay segovia	0	3
sexo gratis alcala de henares	0	3
sexo gratis ecuador	0	3
sexo vhat	0	3
sexobcn spain	0	3
señoras para chatear	0	3
shta gpt	0	3
sitio chat	0	3
sitios web para hacer videollamada con mujeres gratis	0	3
solo chatear	0	3
spanish gay chat sevilla	0	3
sumisas whatsapp	0	3
tarot online por chat	0	3
terar chat	0	3
terra chat clasico	0	3
terra quierochat	0	3
text chat online	0	3
trans chay	0	3
trasvestis gratis	0	3
travesti vhat	0	3
travestis bcn	0	3
travestis bilbao	0	3
travestis sexo bilbao	0	3
trios chat	0	3
usachat	0	3
veteranas xxx	0	3
vhat españa	0	3
vhat gay sevilla	0	3
vhay hot	0	3
viarosaroo	0	3
viatosario chat	0	3
videochat agy	0	3
videollamdas con maduras	0	3
videos de maduras gratis	0	3
vuarosario	0	3
vía chat rosario	0	3
web chat 40	0	3
webcaht	0	3
webcam chat colombia	0	3
webcam trans gratis	0	3
webchat mazmorra	0	3
wrbchat ecuador	0	3
www dalechatea com	0	3
xat hispano	0	3
xgat gay	0	3
xhat asturias	0	3
xhat sexi	0	3
xhat travesti	0	3
xxx chat hot online	0	3
aplicaciones para conocer gente	2	2
aplicaciones para hablar con gente caliente	2	2
aplicaciones para platicar con mujeres gratis	2	2
aplicaciones porno para chatear	2	2
app para chat hot	2	2
apps para chat hot	2	2
badoo gratis	2	2
badoo gratis entrar sin registrarse	2	2
barzocam	2	2
basocan	2	2
bazomca	2	2
bazoocam org chat / lang en	2	2
bazoocam..org	2	2
bazooka cam	2	2
bazoomvam	2	2
bazzoncams	2	2
bdsm zona chat	2	2
bozocsm	2	2
buena musica chat	2	2
buscar pareja gratis	2	2
busco cibersexo	2	2
busco gente para paja por teléfono gratis y sin registro	2	2
c h a t z o n e	2	2
cam gratis chat	2	2
cam maduras gratis	2	2
can de sexo	2	2
cchat caliente	2	2
chaco gay	2	2
charla porno	2	2
chat adulta	2	2
chat aleatorio españa	2	2
chat alicnate	2	2
chat alternatico	2	2
chat anime español	2	2
chat anonimos	2	2
chat barcelona sin registro	2	2
chat bdsm argentina	2	2
chat berlin	2	2
chat brasil online	2	2
chat caliente privado	2	2
chat cam mexico	2	2
chat chile.	2	2
chat com travestis	2	2
chat con cam sin registro	2	2
chat con chicas cerca de mi	2	2
chat con cámara y micrófono con mujeres	2	2
chat con mujeres en linia	2	2
chat con mujeres gratis xxx	2	2
chat con mujeres por whatsapp	2	2
chat con mujeres.	2	2
chat con personas gay	2	2
chat crsitiano	2	2
chat de camara	2	2
chat de citas xxx	2	2
chat de entre rios	2	2
chat de sexo valencia	2	2
chat de texto con desconocidos	2	2
chat de whatsapp	2	2
chat en linea con chicas	2	2
chat en linea con mujeres gratis	2	2
chat en linra	2	2
chat entre chicas	2	2
chat eróticos gratis	2	2
chat esoañol	2	2
chat estado unidos	2	2
chat filipina	2	2
chat filipino	2	2
chat friends.com	2	2
chat gay bogotá sin registro	2	2
chat gay con web cam	2	2
chat gay de cadiz	2	2
chat gay en albacete	2	2
chat gay mecico	2	2
chat gay viña del mar	2	2
chat gei	2	2
chat graatis	2	2
chat gratis 18	2	2
chat gratis con cam en español	2	2
chat gratis con camara y microfono	2	2
chat gratis con mujeres desnudas	2	2
chat gratis para ligar sin registro	2	2
chat gratis todo el mundo	2	2
chat gratuito gay	2	2
chat hablar con mujeres	2	2
chat hot guadalajara	2	2
chat hot inline	2	2
chat hot mx	2	2
chat israeli	2	2
chat lesbiche	2	2
chat live	2	2
chat live free	2	2
chat lésbicas	2	2
chat mazmorra zona	2	2
chat mujer gratis	2	2
chat oara conocer gente	2	2
chat obline hot	2	2
chat omegle.	2	2
chat omeglr	2	2
chat omogle	2	2
chat online granada	2	2
chat online hor	2	2
chat para adolescentes de 15 a 20	2	2
chat para hablar con putas	2	2
chat para pareja	2	2
chat pokémon	2	2
chat porn gratis	2	2
chat porno gratis usa	2	2
chat porno grstis	2	2
chat português	2	2
chat real sexo	2	2
chat room gay	2	2
chat rooms en español	2	2
chat salvador	2	2
chat sexo adultos	2	2
chat sexo gays	2	2
chat sexo real	2	2
chat sexsual	2	2
chat sw	2	2
chat uol salas	2	2
chat valencia.	2	2
chat valencka	2	2
chat web cam online	2	2
chat with filipinas	2	2
chat xxx online	2	2
chat zona argentina	2	2
chat zona cádiz	2	2
chat zona.gitano	2	2
chat.chateagratis	2	2
chat.porno	2	2
chatahot	2	2
chatea con chicas hot	2	2
chatea con gente cerca de ti	2	2
chateagratis salas	2	2
chateamos net	2	2
chateamos.es	2	2
chatear con cam	2	2
chatear con gente random	2	2
chatear con gey	2	2
chatear para sexo	2	2
chatear porno gratis	2	2
chateargay	2	2
chatesoterico	2	2
chathot en vivo	2	2
chatiar con mujeres	2	2
chatroulette trans	2	2
chats con extraños	2	2
chats en venezuela	2	2
chats gay madrid	2	2
chats hormonales gratis	2	2
chats hot whatsapp	2	2
chats para gay	2	2
chats para sexo gratis	2	2
chats sex	2	2
chats sexo gay	2	2
chats xxx gay	2	2
chatzoxo	2	2
chay zona	2	2
chicas de igualada	2	2
chicas de snapchat	2	2
chicas en la zona	2	2
chico busca maduro	2	2
chicos gay sevilla	2	2
chst con mujeres	2	2
chta trans	2	2
chtas xxx	2	2
citas con chicas trans	2	2
citas murcia gratis	2	2
citas salta capital	2	2
colombianas en linea	2	2
conocer chicas hot	2	2
conocer chicas trans	2	2
conocer gente ecuador	2	2
conocer gente random	2	2
conocer gente tijuana gratis	2	2
conocer travestis	2	2
contacto con trans	2	2
contactos de trans	2	2
contactos en benavente	2	2
contactos en málaga	2	2
contactos gay en barcelona	2	2
contactos gay en bilbao	2	2
contactos gay en puebla	2	2
contactos gays en barcelona	2	2
contactos gays maduros	2	2
contactos vilanova i la geltru	2	2
contactos xativa	2	2
conversacion caliente	2	2
conversacion hot	2	2
conversaciones en linea	2	2
conversaciones gay	2	2
conversar con mujeres	2	2
cruising gay online	2	2
encuentros neuquén	2	2
encuentros santiago	2	2
encuentros trujillo	2	2
follaamigos madrid	2	2
follar bcn	2	2
follar gratis tenerife	2	2
foro chat hot	2	2
foro de chat	2	2
futbol chat	2	2
gay chat bogota	2	2
gay chat cam	2	2
gay chat near me	2	2
gay chat perú	2	2
gay en monterrey	2	2
gay granada	2	2
gay la rioja	2	2
gays alicante	2	2
gays en mi zona	2	2
gays paraguay	2	2
gey gratis	2	2
grupo de maduras	2	2
grupos de maduras	2	2
grupos de whatsapp cornudos	2	2
grupos de whatsapp gay en guadalajara	2	2
grupos hot de instagram	2	2
grupos para chat hot	2	2
grupos porno de instagram	2	2
hablar con mujeres chat	2	2
hablar con mujeres en vivo gratis	2	2
hablar con rusas	2	2
hola oaxaca	2	2
hot caht	2	2
hot chat xxx	2	2
hot citas	2	2
hot paginas	2	2
hotchat online	2	2
humegle chat	2	2
irc gay chat	2	2
kiwi chueca valencia	2	2
kiwi irc conocer	2	2
latin chat edades	2	2
lesbianas en guadalajara	2	2
lesbianas en madrid	2	2
lesbianas en paraguay	2	2
lesbianas españolas gratis	2	2
lesbians chat	2	2
ligar cantabria	2	2
ligar en castellón	2	2
live chat free	2	2
llamada con mujeres solteras	2	2
llamadas con mujeres	2	2
llamadas gey	2	2
llamdas hot	2	2
lugo gay	2	2
madura online	2	2
maduras libres	2	2
maduritas cerca	2	2
maduritas citas	2	2
mejor chat málaga	2	2
mexican chat room	2	2
mexico chat room	2	2
monterrey gay	2	2
mujeres en vivo online gratis	2	2
mujeres hots	2	2
mujeres para charlar	2	2
mujeres para chatear por whatsapp gratis	2	2
mujeres snapchat	2	2
numeros de chicas calientes	2	2
números hot	2	2
okswinger	2	2
omegl gratis	2	2
omegle c	2	2
omegle chat anonimo	2	2
omegle chicas españa	2	2
omegle filipinas	2	2
omegle gratis adultos	2	2
omegle gratis español	2	2
omegle gratis para hablar con mujeres	2	2
omegle hablar con extraños	2	2
omegle video llamadas gratis	2	2
omegle xxx españa	2	2
omeglschst	2	2
omgle	2	2
omgle chst	2	2
online hot chat	2	2
pagina de transexuales	2	2
pagina para chatear online	2	2
pagina para conocer personas gratis	2	2
pagina para hablar con mujeres gratis	2	2
pagina para lesbianas	2	2
paginas	2	2
paginas de chat en linea	2	2
paginas de videochat hot	2	2
paginas gay para conocer gente	2	2
paginas maduras	2	2
paginas para chatear con mujeres solteras gratis	2	2
paginas para sexo gratis	2	2
paginas para videollamadas hot	2	2
paginas transexuales	2	2
pareja liberal españa	2	2
parejas liverales	2	2
porno chatear	2	2
porno para hablar con mujeres	2	2
putas gratis en madrid	2	2
página de transexuales	2	2
quedadas sexo barcelona	2	2
quiero chat zaragoza	2	2
rd chat	2	2
rusas chat	2	2
sala de chat de sexo	2	2
salas de chat gay bogota	2	2
sex chat anonimo	2	2
sex chat gratuito	2	2
sex en barcelona	2	2
sexchat anonimo	2	2
sexo gay badajoz	2	2
sexo gay coruña	2	2
sexo gratis en chihuahua	2	2
sexo gratis santiago de compostela	2	2
sexo madrid hoy	2	2
sexo maduras gratis	2	2
sexo por whatsapp gratis	2	2
sexochat gratis	2	2
sexy talk online	2	2
shakira chat	2	2
sitio para hablar con mujeres	2	2
sitios para hablar con mujeres	2	2
tchat hot	2	2
terra chat castellón	2	2
terrachat zaragoza	2	2
tinder online sin registro	2	2
trans chat lines	2	2
travesti online	2	2
vhat medellin	2	2
videncia gratis chat	2	2
video chat argentino	2	2
video chat caracas	2	2
video chat con japonesas	2	2
video chat con mujeres calientes gratis	2	2
video chat gratis con mujeres	2	2
video chat gratis trans	2	2
video chat hot gratis sin registro	2	2
video chat madura	2	2
video chat sexy	2	2
video chat sexy gratis	2	2
video chats	2	2
video llamada chat gratis	2	2
video llamadas con mujeres calientes	2	2
video llamadas con trans	2	2
video llamda hot	2	2
videocall hot	2	2
videochat argentino	2	2
videochat con mujeres	2	2
videochat gay xxx	2	2
videochat hot con mujeres gratis	2	2
videochat hot girls	2	2
videochat mujeres	2	2
videochat sexo sin registro	2	2
videochat xxx gay	2	2
videollamada con chicas gratis	2	2
videollamada con colombianas	2	2
videollamada de sexo gratis	2	2
videollamada hot.	2	2
videollamada hots	2	2
videollamada para conocer gente	2	2
videollamadas con chicas sin registro	2	2
videollamadas con gays gratis	2	2
videollamadas con mujeres en linea gratis	2	2
videollamadas con transexuales	2	2
videollamadas mujeres hot	2	2
videollamadas transexuales	2	2
videollamas con mujeres	2	2
videos chat calientes	2	2
videos chat en vivo gratis	2	2
videoschat gay	2	2
vieo chat gay	2	2
vifeochat gay	2	2
web cam gay	2	2
whatsapp de mujeres maduras	2	2
www.bazocam	2	2
zona chat paisas	2	2
دردشة ساخنة	2	2
aexo online	1	2
alguien para platicar	1	2
amas y sumisas	1	2
anuncios gays zaragoza	1	2
aplicacion para hablar con mujeres gratis	1	2
aplicaciones para platicar con personas	1	2
app chat hot	1	2
app citas sin registro	1	2
app para chatear gratis	1	2
app para hacer amigos no ligar gratis	1	2
baazicam	1	2
basocom	1	2
bate papo gay gratis	1	2
bazaacam	1	2
bazcoom	1	2
baziicam	1	2
bazokcam	1	2
bazoocam com	1	2
bazoocam en espanol	1	2
bazoocam.com	1	2
bazoocanm	1	2
bazoockam	1	2
bazxocam	1	2
bazzo am	1	2
bazzochat	1	2
bazzoxam	1	2
bazzucam	1	2
bdsm chatrooms	1	2
bezoocam	1	2
bisexchat	1	2
booozcam	1	2
bozzcam	1	2
brujos en linea gratis	1	2
buscando lesbianas	1	2
buzcam	1	2
caht friends	1	2
cahtear	1	2
calo chat	1	2
cam chat bazoocam	1	2
cam gay roulette	1	2
camsurf apk	1	2
cana chat	1	2
casado busca casado	1	2
casados gay	1	2
catozana	1	2
charla con desconocidos	1	2
chart gay	1	2
chat + 40	1	2
chat adukto	1	2
chat adult gratis	1	2
chat amistad bogota	1	2
chat amistad.	1	2
chat anonimo adulto	1	2
chat anonimo mex	1	2
chat ar net	1	2
chat argenitna	1	2
chat avenu	1	2
chat bdsm bcn	1	2
chat brasil gratuito	1	2
chat cadtellon	1	2
chat caliente argentino	1	2
chat caliente bolivia	1	2
chat caliente cdmx	1	2
chat caliwntw	1	2
chat chaco corrientes clasico	1	2
chat chat online	1	2
chat chueca madrid spainchat	1	2
chat chueca valenci	1	2
chat clai	1	2
chat com gratis	1	2
chat con extranjeros	1	2
chat con hombres gays	1	2
chat con latinos	1	2
chat con mujeres gratis hot	1	2
chat con mujeres soltera	1	2
chat con personas de otros paises	1	2
chat cooombia	1	2
chat cornduos	1	2
chat córdoba whatsapp	1	2
chat de chueca gay en galicia	1	2
chat de europa	1	2
chat de israel	1	2
chat de lesbianas bogotá	1	2
chat de sexo con desconocidos	1	2
chat de sexo en granada	1	2
chat de sexo en sevilla	1	2
chat de sexo geatis	1	2
chat de travesti valencia	1	2
chat en kinea	1	2
chat en linea sex	1	2
chat en madrid gratis	1	2
chat fay cam	1	2
chat follar asturias	1	2
chat for omegle	1	2
chat free gratis	1	2
chat fuerteventura puerto del rosario	1	2
chat galicia sexo	1	2
chat gay .	1	2
chat gay adolescentes	1	2
chat gay camera	1	2
chat gay contactos	1	2
chat gay ecuador	1	2
chat gay geatis	1	2
chat gay gratis chile	1	2
chat gay huancayo	1	2
chat gay mafrid	1	2
chat gay para hablar	1	2
chat gay rancagua	1	2
chat gay santiago de compostela	1	2
chat gay sin registros	1	2
chat gay sin regustro	1	2
chat gay sm	1	2
chat gay tenerifr	1	2
chat gay video gratis	1	2
chat gay whatsapp	1	2
chat gay.com	1	2
chat gratis barquisimeto	1	2
chat gratis cam	1	2
chat gratis tv	1	2
chat gratis usa free	1	2
chat grattis	1	2
chat gratuito online	1	2
chat gratuito para conversar	1	2
chat grstos	1	2
chat grupo online	1	2
chat gsy cordoba	1	2
chat hot camara	1	2
chat hot con mujeres reales	1	2
chat hot paisas	1	2
chat hot tarragona	1	2
chat jot gratis	1	2
chat kiwi gay	1	2
chat live hot gratis	1	2
chat malaga terra	1	2
chat mdrid	1	2
chat michael jackson	1	2
chat montevide	1	2
chat mzmorra	1	2
chat mérida yucatan	1	2
chat nudista gratis	1	2
chat olin	1	2
chat on line sexo	1	2
chat online conocer gente	1	2
chat online grati	1	2
chat online gratuito sem cadastro	1	2
chat online grstis	1	2
chat online texto	1	2
chat org.com	1	2
chat para adulto mayor	1	2
chat para adultos xxx	1	2
chat para casados infieles	1	2
chat para celular	1	2
chat para citas gratis	1	2
chat para cojer	1	2
chat para conocer murcianos	1	2
chat para gay gratis	1	2
chat para hablar con personas de todo el mundo	1	2
chat para hablar xxx	1	2
chat para sexo online	1	2
chat por.	1	2
chat porno gente	1	2
chat portugsl	1	2
chat potno	1	2
chat privado lima	1	2
chat pt portugal	1	2
chat pues	1	2
chat relatos eroticos	1	2
chat rerra	1	2
chat ric	1	2
chat rj	1	2
chat rooms gratis	1	2
chat ros red hispa	1	2
chat rosario caliente	1	2
chat santa rosa	1	2
chat sexo chile	1	2
chat sexo transexual	1	2
chat sin reg	1	2
chat sin registr	1	2
chat site	1	2
chat smigos	1	2
chat spain online	1	2
chat terra españa amistad	1	2
chat terra online	1	2
chat text gay	1	2
chat trans asturias	1	2
chat trans grátis	1	2
chat uol cidades	1	2
chat uruguaya	1	2
chat usa mayores de 50	1	2
chat valencia españa	1	2
chat valencia online	1	2
chat video gratis	1	2
chat video hot	1	2
chat viejo	1	2
chat wexo	1	2
chat xornudos	1	2
chat xxx con desconocidos	1	2
chat.erotico	1	2
chataar	1	2
chate sex	1	2
chatea con chicas gratis	1	2
chatea con gente de todo el mundo	1	2
chatea ga	1	2
chatea gratis xxx	1	2
chatea.es	1	2
chateamos gay	1	2
chatear bilbao	1	2
chatear con cam gratis	1	2
chatear con camara web	1	2
chatear con gente desconocida	1	2
chatear con mujeres cerca de mi	1	2
chatear gratis con webcam	1	2
chatear gratos	1	2
chatear online con desconocidos	1	2
chateo gay	1	2
chateroom gay	1	2
chatfirend	1	2
chatgay cali	1	2
chatgratisbarcelona	1	2
chatgratuito	1	2
chatgrwtis	1	2
chathispano.org	1	2
chatjovenes	1	2
chatosin	1	2
chatptnet	1	2
chatrar	1	2
chatroom bdsm	1	2
chats adulto	1	2
chats caliebtes	1	2
chats con gente random	1	2
chats de maduras	1	2
chats de sevilla	1	2
chats de sexo gay	1	2
chats gays xxx	1	2
chats gyas cordoba	1	2
chats lesbianas gratis	1	2
chats nudismo	1	2
chats para hablar de sexo	1	2
chatsfrieds	1	2
chatsna	1	2
chatterea	1	2
chay bogotá	1	2
chay gay asturias	1	2
chet gay	1	2
chhat sex	1	2
chica en linea	1	2
chicas en chat	1	2
chicas hot para chatear	1	2
chicas lesbianas chat	1	2
chicas para chatear por whatsapp	1	2
chicos gays en girona	1	2
chst costa rica	1	2
chst medellin	1	2
chst sexual	1	2
chst usa	1	2
chstmadrid	1	2
cht galicia	1	2
chy hot	1	2
ciber sex	1	2
cideo chat gay	1	2
citas bilbao	1	2
citas concepcion	1	2
citas gratis sin pagar	1	2
cjst sexo	1	2
cochabamba chat	1	2
colombia chat room	1	2
conoce gente chat	1	2
conoce maduras	1	2
conocer chicas en madrid gratis	1	2
conocer gente en línea	1	2
conocer gente en ponferrada	1	2
conocer gente en santiago	1	2
conocer gente gay	1	2
conseguir sexo gratis	1	2
contacto con gay	1	2
contacto con mujeres casadas	1	2
contacto gay gijon	1	2
contacto gay guadalajara	1	2
contacto gays en tarragona clsef	1	2
contactos cibersexo	1	2
contactos de chicas trans	1	2
contactos en asturias	1	2
contactos estella	1	2
contactos gay donosti	1	2
contactos gay gijon	1	2
contactos gay montevideo	1	2
contactos gays a coruña	1	2
contactos gays cruising tarragona	1	2
contactos gays en coruña	1	2
contactos gays ourense	1	2
contactos sarria	1	2
contactos tenerife sur	1	2
contactos terrassa	1	2
contactos yecla	1	2
contactos zafra	1	2
conversar con chicas	1	2
cornudos facebook	1	2
cornudoschat	1	2
cruising gay pagina	1	2
cruising valencia chat	1	2
dalechaf	1	2
dbsmzone	1	2
dla echat	1	2
donde se puede chatear gratis	1	2
el chat con camara	1	2
elchat españa	1	2
en españa	1	2
encuentros hombres	1	2
encuentros sexuales gratis	1	2
estri chat xxx	1	2
fetiches online	1	2
fhat hot	1	2
filipina chat rooms	1	2
follar gratis en bcn	1	2
follar gratis hoy	1	2
follar gratis murcia	1	2
follar gratis tarragona	1	2
foro gay bcn	1	2
friends online chat	1	2
gay chat anonimo	1	2
gay chat en español	1	2
gay cruising online	1	2
gay en badajoz	1	2
gay en línea	1	2
gay gratis madrid	1	2
gay leon españa	1	2
gay local chat	1	2
gay maduros chat	1	2
gay near me	1	2
gay uruguay	1	2
gaymaduros	1	2
gays contacto	1	2
gays en palencia	1	2
gays en tarragona	1	2
gays en vivo	1	2
gays mty	1	2
gays puebla	1	2
gentw chat	1	2
gratis maduras	1	2
grupo de chat	1	2
grupo de whatsapp cornudos	1	2
grupo porno zangi	1	2
grupos de zangi xxx	1	2
grupos hot de zangi	1	2
grupos zangi xxx	1	2
habla con gente random	1	2
habla gratis	1	2
hablar con desconocidos gratis	1	2
hat friends	1	2
hatgratis	1	2
hot chat line	1	2
hot chat sites	1	2
hot chay	1	2
hot cht	1	2
hot live chats	1	2
hot live gratis	1	2
hsex chat	1	2
irc almeria	1	2
irc ki	1	2
kiwi irc channels	1	2
kowi irc	1	2
la chercha dominicana	1	2
latinchat puebla	1	2
latinoamerica chat	1	2
latnchat	1	2
latín chat.	1	2
lchat gay	1	2
les bianas maduras	1	2
les ianas	1	2
lesbiana busca lesbiana	1	2
lesbianas cordoba	1	2
lesbianas en lugo	1	2
lesbianas encuentros	1	2
lesbianas maduras latinas	1	2
lesbianas tarragona	1	2
lesbianas venezuela	1	2
lesbianschat	1	2
lesbuanas	1	2
ligar coruña	1	2
ligar en albacete	1	2
ligar en elche	1	2
ligar en lleida	1	2
ligar malaga	1	2
linea erotica cornudos	1	2
live chat online hot	1	2
live chat portugal	1	2
llamada con mujeres cachondas	1	2
llamada gay hot	1	2
llamadas chicas hot	1	2
llamadas con chicas hot	1	2
lo 2°	1	2
madura omegle	1	2
madura video llamada	1	2
maduras cachondas gratis	1	2
maduras encuentros	1	2
madurasgratis	1	2
maduro busca joven gay	1	2
mchat hot	1	2
morbo cornudo	1	2
morbo cornudos	1	2
mujeres online	1	2
mujeres para hablar por whatsapp	1	2
new york chat	1	2
numeros de gay	1	2
numeros de putas	1	2
número de chicas	1	2
números de chicas solteras para chatear	1	2
números de gey	1	2
ome sin registro	1	2
omegie chat	1	2
omegke sin registro	1	2
omegkechat	1	2
omegla caht	1	2
omegla-chat	1	2
omegla.cha	1	2
omegla.chat	1	2
omegle chat mujeres	1	2
omegle española xxx	1	2
omegle hat	1	2
omegle latam	1	2
omegle message	1	2
omegle message chat online	1	2
omegle para gey	1	2
omegle para hablar	1	2
omegle para hablar con chicas	1	2
omegle por n	1	2
omegle tex chat	1	2
omegle textchat	1	2
onegke chat	1	2
pagina para conocer mujeres	1	2
paginas chat sexo	1	2
paginas de encuentros gay	1	2
paginas de parejas liberales	1	2
paginas gay para hablar	1	2
paginas gratis para conocer mujeres	1	2
paginas para chatear con gays	1	2
paginas para chatear en vivo	1	2
paginas para conocer chicas	1	2
paginas para follar gratis	1	2
paginas para hablar con chicas calientes	1	2
paginas para hablar con chicas gratis	1	2
platicar con chicas	1	2
pon omegle	1	2
porno categorias gratis	1	2
porno chat en linea	1	2
porno xxx chat	1	2
portal gay	1	2
prostitutas gratis	1	2
páginas lesbianas	1	2
quierochat terra chat	1	2
radio chat	1	2
random chat trans	1	2
sadomaso chat	1	2
sala chat caliente	1	2
sala chst	1	2
salas de bate papo sem cadastro	1	2
salas de chat arg	1	2
salas de chat gay latam	1	2
salas de chat gratis venezuela mayores de 40 años	1	2
sec chat	1	2
sex cam sin registro	1	2
sex video chat gay	1	2
sexchat lesbianas	1	2
sexchat zgz	1	2
sexo cerca gratis	1	2
sexo chta	1	2
sexo en murcia gratis	1	2
sexo gay alicante	1	2
sexo gay castellón	1	2
sexo gay cerca de mi	1	2
sexo gay galicia	1	2
sexo gay las palmas	1	2
sexo gay videollamada	1	2
sexo gratis en don benito	1	2
sexo gratis las palmas	1	2
sexo gratis madris	1	2
sexo lesbico chat	1	2
sexo liberal gratis	1	2
sexo por chat	1	2
sexting gratis	1	2
sexting lesbico	1	2
sexto chat	1	2
sexy chat free	1	2
sexy chatting	1	2
shat sex	1	2
sitio web para chatear	1	2
sitios para conocer chicas	1	2
snapchat de mujeres	1	2
snapchat mujeres	1	2
solo chat	1	2
solteros en linea	1	2
solteros online	1	2
street chat gratis	1	2
tapatios.com chat	1	2
terra chats españa	1	2
tinichat	1	2
tracesti chat	1	2
trans chat random	1	2
trans sjl	1	2
trans videollamada	1	2
trans virtual	1	2
transexuales online	1	2
travestis grátis	1	2
trivia chat	1	2
vhat sex	1	2
vhatear	1	2
video cgat gay	1	2
video chat gya	1	2
video chat porno gay	1	2
video chat travestis	1	2
video chats gratis	1	2
video chats hot	1	2
video cht gay	1	2
videochat adolescentes	1	2
videochat bazoocam	1	2
videochat con trans gratis	1	2
videochat milfs	1	2
videochat mujeres hot	1	2
videochat russian	1	2
videochat sexual	1	2
videochat sexy	1	2
videochat sin monedas	1	2
videochat transexual	1	2
videochst hot	1	2
videollamada con mujeres gratis hot	1	2
videollamada gratis gay	1	2
videollamada hot con chicas	1	2
videollamada hot mujeres gratis	1	2
videollamada hpt	1	2
videollamada xxx gay	1	2
videollamadas +18	1	2
videollamadas con chicas cachondas	1	2
videollamadas con mujeres gratis omegle	1	2
videollamadas con mujeres gratis online	1	2
videollamadas con mujeres gratis sin registro	1	2
videollamadas gratis con mujeres solteras	1	2
videollamadas gratis con trans	1	2
videollamadas hot +18	1	2
videollamadas online gratis 1v1 con mujeres	1	2
videollamadas para conocer gente	1	2
vidwo chat gay	1	2
vieeo chat gay	1	2
viseo chat gay	1	2
vodeo chat gay	1	2
vodeochat gay	1	2
web chat adultos	1	2
web chat gay gratis	1	2
webcam chat gratis sin registro	1	2
webcam gratis	1	2
webcam lesbi	1	2
webchat castellon	1	2
webs de cornudos	1	2
xhat valencia	1	2
xhatzozo	1	2
xxx chat online	1	2
xxx gay chat chueca	1	2
xxx gay videollamada	1	2
xxx omegle gratis	1	2
yerrachat	1	2
zangi grupos	1	2
zona gratis	1	2
секс чат	1	2
شات أفينيو	1	2
شات ساخن	1	2
شات شواذ	1	2
cdalechatea	0	2
chat chuecacanarias	0	2
chat gay py	0	2
chat paragiay	0	2
chatgratis trav	0	2
chatluaboa	0	2
chatsfriendd	0	2
chatsfriwnds	0	2
dalechageame	0	2
18 chat	1	1
1v1 chat caliente	1	1
1vs1 chat con mujeres	1	1
ablar con mujeres gratis	1	1
adult chat hot	1	1
aexo chat	1	1
albacete gay	1	1
alguien con quien hablar	1	1
alternativo chat	1	1
amas y sumisos	1	1
amiga chat	1	1
amigas gratis	1	1
amigos salamanca	1	1
amor en linea gratis españa	1	1
anonima	1	1
anonymous chat hot	1	1
anuncios gay asturias	1	1
anuncios gay gratis	1	1
aplicacion para chatear con chicas gratis	1	1
aplicacion para hacer videollamadas con desconocidos gratis	1	1
aplicaciones hot	1	1
aplicaciones para chatear con mujeres	1	1
aplicaciones para conocer chicas gratis	1	1
aplicaciones para conocer personas gratis	1	1
aplicaciones para hablar con chicas gratis	1	1
aplicaciones para hablar con gente	1	1
aplicaciones para ligar	1	1
aplicaciones para ligar gratis	1	1
aplicaciones para ligar gratis españa	1	1
aplicación para conocer personas gratis	1	1
aplicación para hablar con mujeres calientes	1	1
aplicación para hablar con personas gratis	1	1
app para chatear con desconocidos	1	1
app para chatear con mujeres	1	1
app para chatear porno	1	1
app para hablar con chicas	1	1
app para hablar con mujeres calientes gratis	1	1
app para hablar con mujeres gratis	1	1
app para hablar por videollamada con desconocidos gratis	1	1
app para tener chat hot gratis	1	1
apps de chats hot	1	1
apps para chatear con mujeres calientes	1	1
apps para chatear con mujeres gratis	1	1
apps para hablar con mujeres gratis	1	1
apps para hablar con mujeres maduras	1	1
apps para hablar hot	1	1
badoo sin registro	1	1
bango chat	1	1
basomcam	1	1
bate papo brasileiro	1	1
bate papo gratuito	1	1
bate papo portugal grátis	1	1
bate papo rapido	1	1
bate papo sexo gratis	1	1
bate-papo brasil	1	1
bate-papo online grátis	1	1
bate-papo sem cadastro	1	1
baxocan	1	1
baxomcam	1	1
baxoocsm	1	1
baxoovam	1	1
baxxocam	1	1
bazacoom	1	1
bazicam	1	1
baziocam	1	1
bazo9csm	1	1
bazoca cam	1	1
bazocaan	1	1
bazocal	1	1
bazocam love	1	1
bazocamp	1	1
bazocoom	1	1
bazoixam	1	1
bazokaam	1	1
bazoo cam chat	1	1
bazoo can	1	1
bazoo videollamada	1	1
bazooc.	1	1
bazoocam .com	1	1
bazoocam top	1	1
bazoocam videochat	1	1
bazoocam.con	1	1
bazoochst	1	1
bazoocsms	1	1
bazoocxam	1	1
bazoogam	1	1
bazookm	1	1
bazoomxam	1	1
bazoovqm	1	1
bazooxsm	1	1
bazpcam	1	1
bazsocam	1	1
bazuca chat	1	1
bazucamm	1	1
bazumcam	1	1
bazzocam espana	1	1
bazzocqm	1	1
bazzovam	1	1
bazzoxsm	1	1
bazzpcam	1	1
bchat gay	1	1
bdamclub	1	1
bdsm char	1	1
bdsm group chat	1	1
besocam	1	1
bisexuales gratis	1	1
bozomcam	1	1
bqzzocam	1	1
brasil chat online	1	1
brazil chat	1	1
brazzocam	1	1
buscando gay	1	1
buscar amistades gratis	1	1
buscar pareja en línea	1	1
buscar personas para chatear	1	1
busco amigos gay	1	1
busco novia chat	1	1
busco transexuales	1	1
buzocam	1	1
búscame el link	1	1
c hat gratis	1	1
cahat gay	1	1
cahr hot	1	1
caht bogotá	1	1
caht cali	1	1
caht en linea	1	1
caht gay ciber	1	1
caht gey	1	1
caht xxx	1	1
cam chat gay xxx	1	1
cam chat gratis	1	1
cam chat ome	1	1
cam chat trans	1	1
cam gratis online	1	1
cam gratis trans	1	1
cam hot chat	1	1
cam lesbo	1	1
cam sex gay	1	1
cam sin registro	1	1
cam travestis gratis	1	1
cam vivo gay	1	1
camara gay gratis	1	1
camara sexo gratis	1	1
camara y chat	1	1
camaras gay xxx	1	1
camaras sexo gay	1	1
camaras web gay	1	1
camchat gratis	1	1
camsirf	1	1
camsurf.cok	1	1
camsurft	1	1
canal nudismo	1	1
cansurf	1	1
casadas whatsapp	1	1
casado gay	1	1
cchat porno	1	1
cerca	1	1
ceuising chat	1	1
cgat cornudos	1	1
cgueca euskadi	1	1
cha gai	1	1
cha porno gratis	1	1
cha5 gay	1	1
chaathot	1	1
chactrolette bazoocam	1	1
chaf gay	1	1
chag online	1	1
chaot hot	1	1
char gay puebla	1	1
char gente	1	1
char hot xxx	1	1
char porno	1	1
char rosario	1	1
char valencia	1	1
charlas eroticas	1	1
charroom	1	1
chat +18 anonimo	1	1
chat +18 grátis	1	1
chat +18 sexo	1	1
chat 1v1 hot	1	1
chat 1v1 trans	1	1
chat 4 gay	1	1
chat 60+	1	1
chat abonimo	1	1
chat abuelo gay	1	1
chat acliente	1	1
chat adolescente gratis	1	1
chat adulto mayor colombia	1	1
chat adulto porno	1	1
chat aduto	1	1
chat aegentina	1	1
chat aleatorio caliente	1	1
chat aleatorio con mujeres	1	1
chat aleatorio mexico	1	1
chat aleatorio para adultos	1	1
chat aleatorio texto	1	1
chat alicsnte	1	1
chat americana	1	1
chat amidtad	1	1
chat amigod	1	1
chat amigos bilbao	1	1
chat amizade	1	1
chat andalucia mas de 60	1	1
chat anigos	1	1
chat anime gratis	1	1
chat aninimo	1	1
chat anonimo ecuador	1	1
chat anonimo español	1	1
chat anonimo fotos	1	1
chat anonimo trans	1	1
chat anonimo web	1	1
chat anonimos online	1	1
chat anónimo sexo	1	1
chat arabes	1	1
chat arge argentina	1	1
chat argentinas xxx	1	1
chat argentino cordoba	1	1
chat argetnino	1	1
chat argnetina	1	1
chat argntina	1	1
chat asia	1	1
chat aveneu	1	1
chat avenie	1	1
chat barcelna	1	1
chat barcelona sexe	1	1
chat bazocam	1	1
chat bazucam	1	1
chat bazzom	1	1
chat bdam	1	1
chat bdsm español	1	1
chat bdsn	1	1
chat beasil top	1	1
chat bisex gratis	1	1
chat bogota sexo	1	1
chat bolivia santa cruz	1	1
chat boyaca gay	1	1
chat brasil bate-papo	1	1
chat brasil xxx	1	1
chat bsx senza registrazione	1	1
chat cachondo xxx	1	1
chat calda	1	1
chat caliente app	1	1
chat caliente con fotos	1	1
chat caliente de sexo	1	1
chat caliente gratis app	1	1
chat caliente porno	1	1
chat calientes por whatsapp	1	1
chat cam argentina	1	1
chat cam español	1	1
chat cam gay online	1	1
chat cam travesti	1	1
chat cam xxx gratis	1	1
chat casero ecuador	1	1
chat casiz	1	1
chat católico	1	1
chat chat chat	1	1
chat chat net	1	1
chat chica caliente	1	1
chat chica hot	1	1
chat chile sexo	1	1
chat cita gratis	1	1
chat citas gay	1	1
chat coenudo	1	1
chat colomnia	1	1
chat com casadas	1	1
chat com gay	1	1
chat com mulheres casadas	1	1
chat como omegle	1	1
chat con camara sexo	1	1
chat con camara y micro	1	1
chat con camara y micro gratis	1	1
chat con chicas en vivo	1	1
chat con chicas porno	1	1
chat con chicas xxx	1	1
chat con desconocidos sexo	1	1
chat con extraños gratis	1	1
chat con extraños online	1	1
chat con extraños texto	1	1
chat con foto argentina	1	1
chat con foto gratis	1	1
chat con foto latinchat	1	1
chat con gente cercana	1	1
chat con gente desnuda	1	1
chat con juegos	1	1
chat con mujeres calientes xxx	1	1
chat con mujeres cerca de mi	1	1
chat con mujeres colombia	1	1
chat con mujeres de costa rica	1	1
chat con mujeres porno	1	1
chat con mujeres reales	1	1
chat con mujeres xx	1	1
chat con niñas	1	1
chat con personas de todo el mundo	1	1
chat con personas xxx	1	1
chat conocer mujeres	1	1
chat contactos sexo	1	1
chat conversa gratis	1	1
chat conversación	1	1
chat cornudo chile	1	1
chat cristiano con poder	1	1
chat cruisibg	1	1
chat cuckold xxx	1	1
chat de amantes	1	1
chat de citas chile	1	1
chat de conversa online	1	1
chat de coqueteo	1	1
chat de cornos	1	1
chat de cr	1	1
chat de fetichismo	1	1
chat de hombres gays	1	1
chat de ia gratuito	1	1
chat de japon	1	1
chat de lesbianas españa	1	1
chat de ligues	1	1
chat de mujer a mujer	1	1
chat de mujeres en vivo	1	1
chat de mujeres solteras whatsapp	1	1
chat de mujeres xxx	1	1
chat de mujeres y hombres	1	1
chat de namoro grátis	1	1
chat de porno	1	1
chat de porno gratis	1	1
chat de putas gratis	1	1
chat de sexk	1	1
chat de sexo argentina	1	1
chat de sexo argentino	1	1
chat de sexo bogota	1	1
chat de sexo con chicas	1	1
chat de sexo con extraños	1	1
chat de sexo en colombia	1	1
chat de sexo en jaén	1	1
chat de sexo en venezuela	1	1
chat de sexo gratis argentina	1	1
chat de sexo gratus	1	1
chat de sexo lima	1	1
chat de sexo valladolid	1	1
chat de sexo venezuela	1	1
chat de sexo.gratis	1	1
chat de terra colombia	1	1
chat de texto aleatorio español	1	1
chat de video gay online	1	1
chat de video hot	1	1
chat de video para adultos	1	1
chat de xxx	1	1
chat del mundo crear nick	1	1
chat del mundo sin registro	1	1
chat diferente	1	1
chat directo	1	1
chat ecuadot	1	1
chat ecuadro	1	1
chat eebcam	1	1
chat en espanol gay	1	1
chat en linea bogota	1	1
chat en los angeles	1	1
chat en los angeles en espanol	1	1
chat en medellín	1	1
chat en vivo con camara	1	1
chat en vivo con desconocidos	1	1
chat en vivo con mujeres calientes	1	1
chat en vivo cámara gratis	1	1
chat en vivo mujeres gratis	1	1
chat en vivo porno	1	1
chat en vivo xxx	1	1
chat encuentros sexuales	1	1
chat erotiche	1	1
chat erotico anonimo	1	1
chat erotico gay	1	1
chat erotico lesbianas	1	1
chat erotico sin registro	1	1
chat erotico trans	1	1
chat escorte	1	1
chat escrito online	1	1
chat espaañ	1	1
chat espagnol	1	1
chat españolas gratis	1	1
chat euskafi	1	1
chat firneds	1	1
chat follar gratis madrid	1	1
chat foz	1	1
chat free gay	1	1
chat fruend	1	1
chat ga y	1	1
chat garyis	1	1
chat gas	1	1
chat gau latino	1	1
chat gay a	1	1
chat gay adulto	1	1
chat gay al azar	1	1
chat gay bogora	1	1
chat gay bogta	1	1
chat gay caracas	1	1
chat gay cerca	1	1
chat gay chile xxx	1	1
chat gay cirdoba	1	1
chat gay con foto	1	1
chat gay con fotos	1	1
chat gay con maduros	1	1
chat gay con webcam	1	1
chat gay coreoba	1	1
chat gay cotdoba	1	1
chat gay csdiz	1	1
chat gay de	1	1
chat gay de bogotá	1	1
chat gay en jerez	1	1
chat gay en línea	1	1
chat gay en vivo gratis	1	1
chat gay españ	1	1
chat gay fratis	1	1
chat gay gratos	1	1
chat gay grtais	1	1
chat gay guatemala	1	1
chat gay internacional	1	1
chat gay live	1	1
chat gay lorca	1	1
chat gay lp	1	1
chat gay medellín gratis	1	1
chat gay merida	1	1
chat gay morbo	1	1
chat gay mundial	1	1
chat gay onlin	1	1
chat gay porno	1	1
chat gay puebl	1	1
chat gay sado	1	1
chat gay sem registro	1	1
chat gay senza registrazione	1	1
chat gay teams	1	1
chat gay tucuman	1	1
chat gay tuga	1	1
chat gay us	1	1
chat gay video colombiano	1	1
chat gay videollamda	1	1
chat gay vogota	1	1
chat gay web cam	1	1
chat gay yucatán	1	1
chat gay zangi	1	1
chat gay'	1	1
chat gays argentino	1	1
chat gays chile	1	1
chat gays online	1	1
chat geis	1	1
chat gente cerca de mi	1	1
chat ggratis	1	1
chat ghey	1	1
chat gieona	1	1
chat gipuzcoa	1	1
chat girls hot	1	1
chat gpt caliente	1	1
chat gpt gratis ia	1	1
chat gradis	1	1
chat grastis	1	1
chat gratie	1	1
chat gratis 18+	1	1
chat gratis casadas	1	1
chat gratis citas	1	1
chat gratis en peru	1	1
chat gratis free	1	1
chat gratis libre	1	1
chat gratis para encontrar pareja	1	1
chat gratis portugues	1	1
chat gratis sin censura	1	1
chat gratis sin registro con cam	1	1
chat gratis sin registro con camara	1	1
chat gratis sin registro sexo	1	1
chat gratis sin registro xxx	1	1
chat gratis sin rejistro	1	1
chat gratuito sexo	1	1
chat gratuito xxx	1	1
chat gril	1	1
chat guei	1	1
chat guys	1	1
chat gy cba	1	1
chat gy xxx	1	1
chat gys	1	1
chat hetero	1	1
chat hispano almería	1	1
chat hispano castellon	1	1
chat hispano granada webchat	1	1
chat hispano sin cdnsura	1	1
chat hispanpo	1	1
chat hod	1	1
chat hombre busca hombre	1	1
chat hor xxx	1	1
chat horny online	1	1
chat hot brasil	1	1
chat hot cdmx	1	1
chat hot colombiano	1	1
chat hot con fotos	1	1
chat hot con otras personas	1	1
chat hot de whatsapp	1	1
chat hot gratis argentina	1	1
chat hot gratuit	1	1
chat hot grupo	1	1
chat hot gsy	1	1
chat hot hay	1	1
chat hot hermosillo	1	1
chat hot honduras	1	1
chat hot hratis	1	1
chat hot lima	1	1
chat hot maracaibo	1	1
chat hot méxico gratis	1	1
chat hot onlime	1	1
chat hot online xxx	1	1
chat hot por whatsapp	1	1
chat hot private	1	1
chat hot querétaro	1	1
chat hot quito	1	1
chat hot sex	1	1
chat hot whatsap	1	1
chat hot xxxx	1	1
chat hot.xxx	1	1
chat hotline	1	1
chat hot}	1	1
chat houston tx	1	1
chat hoy gay	1	1
chat hsy	1	1
chat incognito gay	1	1
chat incognito sin registro	1	1
chat intercambio	1	1
chat islam	1	1
chat jamaica	1	1
chat java	1	1
chat jovn	1	1
chat kiwi client	1	1
chat kiwi gratuit	1	1
chat kiwi irc sexo	1	1
chat kiwi next	1	1
chat kiwi rc	1	1
chat knline	1	1
chat kostenlos	1	1
chat latina gratis	1	1
chat leru	1	1
chat lesbisna	1	1
chat lexico	1	1
chat lgbt online	1	1
chat librw	1	1
chat lig	1	1
chat live gay	1	1
chat live online	1	1
chat lugar	1	1
chat mallorc	1	1
chat mallorca sexo	1	1
chat mayores 50	1	1
chat menores de edad	1	1
chat mexico online	1	1
chat mirc online	1	1
chat morbo whatsapp	1	1
chat mujeres porno	1	1
chat mujeres xxx	1	1
chat muslim	1	1
chat ne	1	1
chat ner	1	1
chat net gratis	1	1
chat net gratis colombia	1	1
chat net gratis de sexo	1	1
chat ninfomanas	1	1
chat niñas	1	1
chat nline	1	1
chat nudis	1	1
chat nue	1	1
chat obline gay	1	1
chat oblinr	1	1
chat omagle	1	1
chat omeagle	1	1
chat omegle chat	1	1
chat omegle text	1	1
chat omehle	1	1
chat omgele	1	1
chat on gay	1	1
chat on line gay	1	1
chat onlaine	1	1
chat online 18+	1	1
chat online adolescente	1	1
chat online adulto	1	1
chat online con extranjeros	1	1
chat online con mujeres solteras	1	1
chat online fre	1	1
chat online gratis indonesia	1	1
chat online gratos	1	1
chat online murcia	1	1
chat online web cam	1	1
chat online webcam	1	1
chat online xxx gratis	1	1
chat online+18	1	1
chat onlines	1	1
chat onlone	1	1
chat oorno gratis	1	1
chat orange	1	1
chat ozu asturias	1	1
chat para adultos sexo	1	1
chat para buscar pareja gratis en español	1	1
chat para buscar parejas	1	1
chat para citas	1	1
chat para conocer hombres	1	1
chat para culiar	1	1
chat para hablar con chicos	1	1
chat para hacer amigos extranjeros	1	1
chat para niños de 12 a 15 años	1	1
chat para novios	1	1
chat para sexo casual	1	1
chat para sexo gay	1	1
chat paraguy	1	1
chat parejas whatsapp	1	1
chat peru hot	1	1
chat picante xxx	1	1
chat pirno gratis	1	1
chat poneo	1	1
chat pono	1	1
chat por salas	1	1
chat pormo gratis	1	1
chat porn travesti	1	1
chat porno con desconocidos	1	1
chat porno en vivo gratis	1	1
chat porno gay gratis	1	1
chat porno gratid	1	1
chat porno gratis argentina	1	1
chat porno gratis españa	1	1
chat porno gratis online	1	1
chat porno gratus	1	1
chat porno hratis	1	1
chat porno para adultos	1	1
chat pornogratis	1	1
chat portugal brasil	1	1
chat pprno	1	1
chat prepagos	1	1
chat prono gratis	1	1
chat pt	1	1
chat puerto rico whatsapp	1	1
chat quere	1	1
chat random	1	1
chat random adultos	1	1
chat random anonimo	1	1
chat random con chicas	1	1
chat random de sexo	1	1
chat random rd	1	1
chat random texto español	1	1
chat random trans	1	1
chat real con chicas	1	1
chat room en español	1	1
chat rusian	1	1
chat rápido	1	1
chat sdx	1	1
chat se	1	1
chat sec gratis	1	1
chat sem cadastro gratuito	1	1
chat seso	1	1
chat sessuale	1	1
chat sex bcn	1	1
chat sex español	1	1
chat sex online gratis	1	1
chat sex real	1	1
chat sexo adultos gratis	1	1
chat sexo anonimo	1	1
chat sexo anónimo	1	1
chat sexo argentino	1	1
chat sexo camara	1	1
chat sexo en linea	1	1
chat sexo espanol	1	1
chat sexo fuerteventura	1	1
chat sexo gratis bogota	1	1
chat sexo gratis gay	1	1
chat sexo gratis porno	1	1
chat sexo gratis xxx	1	1
chat sexo hot	1	1
chat sexo libre	1	1
chat sexo lisboa	1	1
chat sexo maduros	1	1
chat sexo manresa	1	1
chat sexo méxico	1	1
chat sexo pais vasco	1	1
chat sexo usa	1	1
chat sexo videollamada	1	1
chat sexo web	1	1
chat sexos	1	1
chat sexual con extraños	1	1
chat sexual en linea	1	1
chat sexual español	1	1
chat sexual gratuito	1	1
chat sexual whatsapp	1	1
chat sexy live	1	1
chat sin registro con fotos	1	1
chat sin registro en español	1	1
chat sin registro peru	1	1
chat sin registros gratis	1	1
chat soba	1	1
chat sobre sexo gay	1	1
chat solo amistad	1	1
chat son	1	1
chat sxo gratis	1	1
chat terra córdoba hispano	1	1
chat terra españa mas de 60	1	1
chat terra gay sevilla	1	1
chat terra grátis	1	1
chat terra ibiza	1	1
chat tinder	1	1
chat tokio	1	1
chat trans gratuit	1	1
chat transexuel	1	1
chat transexuelle	1	1
chat trav senza registrazione	1	1
chat travesti cdmx	1	1
chat travesti gratuit	1	1
chat travesties	1	1
chat trns	1	1
chat tucuma	1	1
chat umigle	1	1
chat uol cuiaba	1	1
chat uol sexo	1	1
chat usa free	1	1
chat vale cia	1	1
chat valwncia	1	1
chat venezuela gay	1	1
chat videntes	1	1
chat video argentina	1	1
chat video chile	1	1
chat video venezuela	1	1
chat videollamada gratis con chicas	1	1
chat videollamada gratis sin registrarse	1	1
chat videos gratis	1	1
chat videos hot	1	1
chat villavicencio gratis	1	1
chat virtual de sexo	1	1
chat vivo méxico	1	1
chat web adulto	1	1
chat web omegle	1	1
chat web online gratis	1	1
chat web sexo	1	1
chat web sexo gratis	1	1
chat webcam sin registro	1	1
chat wecam	1	1
chat wex	1	1
chat with trannys	1	1
chat xx.	1	1
chat xxx bolivia	1	1
chat xxx colombia	1	1
chat xxx con mujeres gratis	1	1
chat xxx mexicanas	1	1
chat xxx mexico	1	1
chat xxx mujeres	1	1
chat y camara	1	1
chat zapopan	1	1
chat zona mazmorr	1	1
chat zu	1	1
chat zxx	1	1
chat árabe	1	1
chat.brasil	1	1
chat.cl	1	1
chat.irc	1	1
chat.net	1	1
chat.xx	1	1
chat.zo	1	1
chat20	1	1
chata porno	1	1
chatactivo	1	1
chatamigos.org	1	1
chatavenue.com	1	1
chatbespaña	1	1
chatbogita	1	1
chatbradil	1	1
chatbterra	1	1
chatcam hot	1	1
chatcam trans	1	1
chatcon camara	1	1
chate gay	1	1
chatea bogotá	1	1
chatea con	1	1
chatea con extranjeros	1	1
chatea con hombres gay	1	1
chatea con putas	1	1
chatea grais	1	1
chatea gratis.net	1	1
chateacam	1	1
chateaconchicas	1	1
chateaf	1	1
chatealocl	1	1
chateamdo	1	1
chatear com	1	1
chatear con chicas cachondas	1	1
chatear con chicas guapas	1	1
chatear con chicas ia	1	1
chatear con chicas online gratis	1	1
chatear con chicas xxx	1	1
chatear con chicos por whatsapp	1	1
chatear con gente de castellon	1	1
chatear con milfs	1	1
chatear con mujeres cristianas	1	1
chatear con mujeres de sexo	1	1
chatear con mujeres desnudas gratis	1	1
chatear con mujeres en linea gratis	1	1
chatear con mujeres gratis xxx	1	1
chatear con mujeres online gratis	1	1
chatear con mujeres reales	1	1
chatear con mujeres sin registrarse	1	1
chatear con tetonas	1	1
chatear con webcam	1	1
chatear congente	1	1
chatear en vivo	1	1
chatear gratis xxx	1	1
chatear internet	1	1
chatear porno	1	1
chatear rapido	1	1
chatear tarragona	1	1
chatfriends euskadi	1	1
chatg hot	1	1
chatgay lima	1	1
chatgay telegram	1	1
chatgay xxx	1	1
chatgay.cl	1	1
chatgpt en linea gratis	1	1
chatgrat	1	1
chatgratis lima	1	1
chatgratis tenerife	1	1
chathtot	1	1
chatiapuws	1	1
chatiapyes	1	1
chating hot	1	1
chatinline	1	1
chatlivre portugal	1	1
chatnrasiltop	1	1
chatnsex	1	1
chato sexo	1	1
chatohot	1	1
chatomline	1	1
chatonline free	1	1
chatonline sexo	1	1
chatonmine	1	1
chatp hot	1	1
chatpnline	1	1
chatporno	1	1
chatrandom trans	1	1
chats aleatorios online	1	1
chats anonimos xxx	1	1
chats calientes xxx	1	1
chats con chicas trans	1	1
chats con chicas xxx	1	1
chats con desconocidos	1	1
chats con milfs	1	1
chats de citas gratis	1	1
chats de ligar	1	1
chats de sexo con mujeres	1	1
chats de swxo	1	1
chats en argentina	1	1
chats en mallorca	1	1
chats ga	1	1
chats gay mexico	1	1
chats gratis porno	1	1
chats gratis portugal	1	1
chats hot de whatsapp	1	1
chats hot xx	1	1
chats individuales	1	1
chats inline	1	1
chats jovenes	1	1
chats latinoamerica	1	1
chats miami	1	1
chats online barranquilla colombia	1	1
chats online españa	1	1
chats para conversar online	1	1
chats para infieles	1	1
chats porno con mujeres	1	1
chats porno en español	1	1
chats porno online	1	1
chats porno sin registro	1	1
chats pornos gratis	1	1
chats privados online	1	1
chats prono	1	1
chats sexo barcelona	1	1
chats webcam	1	1
chats webcams	1	1
chats with friends	1	1
chatsexo xxx	1	1
chatsfr	1	1
chatsho	1	1
chatt gay gratis	1	1
chatt porno gratis	1	1
chattapatio	1	1
chattare con trans	1	1
chattarot	1	1
chatting hot	1	1
chatting sites	1	1
chattj	1	1
chattonline	1	1
chattterra	1	1
chatxxx gay	1	1
chatxxx gratis	1	1
chatxxxgay	1	1
chatzar	1	1
chatzg	1	1
chatzio	1	1
chatzo e	1	1
chatzoe	1	1
chatzona paraguay	1	1
chatzona.org baneado	1	1
chatzone.	1	1
chatzoone	1	1
chatzoto	1	1
chay chueca	1	1
chay gay bogota	1	1
chay sexo gratis	1	1
chhathot	1	1
chica busca chica chat	1	1
chicas calientes chats	1	1
chicas calientes numeros	1	1
chicas calientes snapchat	1	1
chicas calientes videollamada	1	1
chicas disponibles	1	1
chicas en línea	1	1
chicas en vivo ahora	1	1
chicas en vivo chat	1	1
chicas en zafra	1	1
chicas fuenlabrada	1	1
chicas gratis cerca de mi	1	1
chicas gratis madrid	1	1
chicas hot online	1	1
chicas lesbianas gratis	1	1
chicas maduras gratis	1	1
chicas mahon	1	1
chicas omegle	1	1
chicas on line	1	1
chicas online sin registro	1	1
chicas para charlar	1	1
chicas para chatear por whatsapp gratis	1	1
chicas para hablar de sexo	1	1
chicas solteras gratis	1	1
chicas trans contactos	1	1
chicas webcam gratis	1	1
chicos de madrid	1	1
chicos en linea	1	1
chicos gay alicante	1	1
chicos gay barcelona	1	1
chqt porno	1	1
chra hot	1	1
chsat gay	1	1
chst adulto	1	1
chst chile	1	1
chst de sexo gratis	1	1
chst gau	1	1
chst gay córdoba	1	1
chst gay valencia	1	1
chst gratus	1	1
chst hot argentina	1	1
chst hot gay	1	1
chst medellín	1	1
chst porno gratis	1	1
chst portugal	1	1
chst santiago	1	1
cht lesbianas	1	1
cht libre	1	1
cht porno gratis	1	1
chta el salvador	1	1
chta hit	1	1
chta hot gratis	1	1
chta sex	1	1
chta xxx	1	1
chtaonline	1	1
chtas calientes	1	1
chtat hot	1	1
chtear gratis	1	1
chuecachat kiwy	1	1
chzt hot	1	1
ciat porno gratis	1	1
ciber sexo	1	1
cibersex online	1	1
cideochat gay	1	1
cinema chat	1	1
circ chat	1	1
cita gay	1	1
cita maduras	1	1
citas chicas trans	1	1
citas con maduras	1	1
citas con mujeres calientes	1	1
citas con mujeres casadas	1	1
citas con travestis	1	1
citas coruña gratis	1	1
citas en barcelona gratis	1	1
citas gay venezuela	1	1
citas gey	1	1
citas gratis	1	1
citas gratis sexo	1	1
citas ligar y relaciones gratis	1	1
citas madura	1	1
citas maduras	1	1
citas para sexo gay	1	1
citas sexo madrid	1	1
citas transexual	1	1
citas transexuales	1	1
citas y chat gratis	1	1
cjat cornudo	1	1
cjat gitano	1	1
cjat hlt	1	1
cjat libre	1	1
cjat murcia	1	1
cjat porno	1	1
clarividente online gratis	1	1
colombian chat	1	1
comegle chat	1	1
como chatear con mujeres gratis	1	1
como hablar con mujeres gratis	1	1
como morbosear por chat	1	1
conoce personas	1	1
conocer amistades	1	1
conocer chica trans	1	1
conocer chicas en cádiz gratis	1	1
conocer chicas en linea gratis	1	1
conocer chicas gratis sin pagar	1	1
conocer chicas las palmas	1	1
conocer gays	1	1
conocer gente badajoz	1	1
conocer gente en cali	1	1
conocer gente en coruña	1	1
conocer gente en paraguay	1	1
conocer gente en puerto rico	1	1
conocer gente gratis sin pagar	1	1
conocer gente nueva gratis	1	1
conocer gente por whatsapp gratis	1	1
conocer lesbianas	1	1
conocer mujeres gratis sin pagar nada	1	1
conocer mujeres maduras	1	1
conocer mujeres solteras cerca de mi ubicación gratis	1	1
conocer mujeres trans	1	1
conocer personas cerca de mi gratis	1	1
conocer personas en puerto rico	1	1
contactar travestis	1	1
contacto de sexo	1	1
contacto de trans	1	1
contacto gay en huelva	1	1
contacto gay leon	1	1
contacto gay navarra	1	1
contacto gay santander	1	1
contacto gay xxx	1	1
contacto gey	1	1
contacto parejas	1	1
contacto parejas liberales	1	1
contacto transexuales	1	1
contactos amistad	1	1
contactos arrecife	1	1
contactos bilbao	1	1
contactos cadiz	1	1
contactos chicas trans	1	1
contactos compostela	1	1
contactos con lesbianas	1	1
contactos de chicas para hablar	1	1
contactos de sexo gay en asturias	1	1
contactos en badalona	1	1
contactos en honduras	1	1
contactos en huesca	1	1
contactos en mahon	1	1
contactos en teruel	1	1
contactos entre adultos	1	1
contactos gay almendralejo	1	1
contactos gay argentina	1	1
contactos gay chile	1	1
contactos gay en oviedo	1	1
contactos gay en zamora	1	1
contactos gay gran canaria	1	1
contactos gay salou	1	1
contactos gay vilanova	1	1
contactos gaya	1	1
contactos gays coruña, miño	1	1
contactos gays en españa	1	1
contactos gays en melilla	1	1
contactos gays en palencia	1	1
contactos gays logroño	1	1
contactos gays para follar en burgos	1	1
contactos gays teruel	1	1
contactos gey	1	1
contactos gratis valladolid	1	1
contactos ibiza	1	1
contactos illescas	1	1
contactos infieles	1	1
contactos orense	1	1
contactos para parejas	1	1
contactos ponteareas	1	1
contactos sabadell	1	1
contactos santiago compostela	1	1
contactos sexo canarias	1	1
contactos sexo gratis	1	1
contactos sexuales gratis	1	1
contactos trans	1	1
contactos travestis gratis	1	1
contactos valladolid	1	1
contactos vigo	1	1
contacyos gay	1	1
contatos gay	1	1
conversacion cornudo	1	1
conversaciones cachondas	1	1
conversación calientes	1	1
conversar com japoneses online	1	1
cordoba gay	1	1
cornudo conversacion	1	1
cornudos contacto	1	1
cornudos en línea	1	1
cornudos grupos whatsapp	1	1
cornudos madrid	1	1
cornudos morbo	1	1
cornudos.com	1	1
coruña gay	1	1
crear chat online	1	1
crear sala de chat online gratis	1	1
crossdresser gratis	1	1
cruising gay en vivo	1	1
cruising página	1	1
crusing mar del plata	1	1
cuales son las alternativas	1	1
cuck chat xxx	1	1
cuentas de instagram porno	1	1
culiar en linea	1	1
cusco citas	1	1
cvat gay	1	1
cyat hot	1	1
córdoba gay	1	1
dal3chatea	1	1
dale chat gay buenos aires	1	1
dale chat gay españa	1	1
dale chat guatemala	1	1
dale chat m	1	1
dale chat perú	1	1
dale chat xxx	1	1
dale chhat	1	1
dale xhat hot	1	1
dalechat argentina	1	1
dalechat hot	1	1
dalechat venezuela	1	1
dalechayhot	1	1
dame los link	1	1
dame los nombres	1	1
dame un enlace directo	1	1
darlechat	1	1
dchat gay	1	1
de españa	1	1
descargar chat gratis	1	1
directo gay	1	1
dominatrix chat	1	1
donde conocer trans	1	1
donde lo puedo poner	1	1
dqle chqt	1	1
echat hot	1	1
eelchat	1	1
el chat bolivar	1	1
el chat guayaquil	1	1
el chatcam	1	1
el xat de la tele	1	1
elchatc	1	1
elchatcam	1	1
elchatcubano	1	1
elcorito.com la chercha dominicana	1	1
en pc	1	1
encontrar amigos cerca	1	1
encontrar milfs	1	1
encontrar travesti	1	1
encuentro gratis	1	1
encuentros bogota	1	1
encuentros cali	1	1
encuentros casuales madrid	1	1
encuentros de sexo	1	1
encuentros de sexo gratis	1	1
encuentros gay gratis	1	1
encuentros gay madrid	1	1
encuentros gay puebla	1	1
encuentros gay sevilla	1	1
encuentros gay tenerife	1	1
encuentros gays madrid	1	1
encuentros gratis cerca de mi	1	1
encuentros liberales	1	1
encuentros maduras	1	1
encuentros para sexo	1	1
encuentros sexo gratis	1	1
encuentros trans	1	1
encuetros gay	1	1
entrar al chat gratis	1	1
entreprimos	1	1
erotik chat gratis	1	1
error de conexión	1	1
es coca mujeres higüey	1	1
es temporal?	1	1
española omegle	1	1
fetiche online	1	1
fetiches gratis	1	1
ficha gay castilla leon	1	1
filipin chat	1	1
follaamigos gratis	1	1
follar canarias	1	1
follar en aranjuez	1	1
follar en bcn	1	1
follar en linea	1	1
follar en orense	1	1
follar gran canaria	1	1
follar gratis castellon	1	1
follar gratis en cadiz	1	1
follar gratis en malaga	1	1
follar hoy en madrid	1	1
follar maduras	1	1
follar maduras gratis	1	1
foro gay chile	1	1
foro lesbiana	1	1
free chat +18	1	1
free chat near me	1	1
free gay chat latino	1	1
free gay chats	1	1
free hot	1	1
free latina chat	1	1
free sex in barcelona	1	1
free sexy videochat	1	1
freechatusa	1	1
friend chat zone	1	1
gau chat	1	1
gay 5chat	1	1
gay argentina chat	1	1
gay bogota chat	1	1
gay camara chat	1	1
gay canarias	1	1
gay cantabria	1	1
gay ceuta	1	1
gay chat at	1	1
gay chat camara	1	1
gay chat cdmx	1	1
gay chat chueca euskadi	1	1
gay chat eu	1	1
gay chat kostenlos	1	1
gay chat pereira	1	1
gay chat roulette	1	1
gay chat tarragona	1	1
gay chat xxx	1	1
gay chatroom	1	1
gay chats online	1	1
gay chueca	1	1
gay colombia	1	1
gay contacto	1	1
gay contactos valencia	1	1
gay coruna	1	1
gay cruiding.com	1	1
gay cruising free	1	1
gay cruising live	1	1
gay en girona	1	1
gay en mi zona	1	1
gay en tenerife	1	1
gay madrid contacto	1	1
gay maduro xxx	1	1
gay online cruising	1	1
gay peru sexo	1	1
gay ptnet	1	1
gay sevilla	1	1
gay sexo zaragoza	1	1
gay vhat	1	1
gay video chat	1	1
gay vitoria gasteiz	1	1
gay webcam video chat	1	1
gay zone	1	1
gaybadajoz	1	1
gaypollones	1	1
gays cachas	1	1
gays cruising	1	1
gays en madrid	1	1
gays en pamplona	1	1
gays granada	1	1
gays orense	1	1
gays teruel	1	1
gays videochat	1	1
gayvalencia	1	1
gente caliente	1	1
gentechat sexo	1	1
gentechay	1	1
gentechta	1	1
gentr chat	1	1
ghat gratis	1	1
gpt gratis en español online	1	1
gratis	1	1
gratis omegle	1	1
gratis sin registro	1	1
gratis trans	1	1
gratuitas	1	1
grupo +18 zangi	1	1
grupo chat hot	1	1
grupo chat trans	1	1
grupo cornudos whatsapp	1	1
grupo de chat hot	1	1
grupo de omegle	1	1
grupo de sexo gratis	1	1
grupo de whatsapp gay guadalajara	1	1
grupo gay guadalajara	1	1
grupo hot zangi	1	1
grupo porn zangi	1	1
grupo porno de zangi	1	1
grupo trans chat	1	1
grupos de chat gay	1	1
grupos de cornudos en whatsapp	1	1
grupos de parejas liberales	1	1
grupos de whatsapp para cornudos	1	1
grupos de whatsapp porno sin reglas	1	1
grupos de whatsapp san juan	1	1
grupos de whatsapp sin reglas porno	1	1
grupos de zangi hot	1	1
grupos gay guadalajara	1	1
grupos gay monterrey	1	1
grupos hot instagram	1	1
grupos hot zangi	1	1
grupos para amigar	1	1
grupos sexo bogota	1	1
grupos telegram gay puebla	1	1
grupos whatsapp cornudos	1	1
grupos xxx zangi	1	1
grupos zangi hot	1	1
gsy chat	1	1
habla con gente de todo el mundo	1	1
habla con mujeres cachondas	1	1
habla con otras personas	1	1
hablamos hot	1	1
hablando con desconocidos	1	1
hablar caliente con alguien	1	1
hablar chicas gratis	1	1
hablar con chica	1	1
hablar con chicas desnudas gratis	1	1
hablar con chicas porno	1	1
hablar con chicas sin registro	1	1
hablar con desconocidos videollamadas	1	1
hablar con extranjeros online gratis	1	1
hablar con gente online videollamada	1	1
hablar con gente random	1	1
hablar con gente random chat	1	1
hablar con hombres mayores	1	1
hablar con japonesas	1	1
hablar con mujeres en linea	1	1
hablar con mujeres en línea	1	1
hablar con mujeres en vivo	1	1
hablar con mujeres gratis online	1	1
hablar con mujeres gratis para siempre	1	1
hablar con mujeres gratis sin registro	1	1
hablar con mujeres por whatsapp	1	1
hablar con una vidente gratis	1	1
hacer amigos por chat	1	1
hacer videollamadas con desconocidos	1	1
hag hot	1	1
hispachat les	1	1
hispano gay	1	1
holanda	1	1
hombres chat	1	1
hombres gay online	1	1
hombres para hablar por whatsapp	1	1
horny chat no login	1	1
horny chat.	1	1
hot chat online free	1	1
hot chat sexy	1	1
hot chat snapchat	1	1
hot chatt	1	1
hot gay chat	1	1
hot live chat	1	1
hot online sex chat	1	1
hot videocall	1	1
hot webchat	1	1
hot zina	1	1
hotchat free	1	1
hotchatrooms	1	1
hotmegle chat	1	1
https camsurf com index php	1	1
infieles chat xxx	1	1
instacams gratis sin registro	1	1
instachat sex	1	1
instagram chat hot	1	1
intercambio de fotos calientes	1	1
interchat gratis	1	1
israeli chat	1	1
justin bieber chat room	1	1
katozona	1	1
kiwi chat mazmorra	1	1
kiwi chat puebla	1	1
kiwi chueca	1	1
kiwi orc	1	1
kiwii chat	1	1
lacanchatc	1	1
laginchat	1	1
lainchat	1	1
latim chat	1	1
latinchat barranquilla	1	1
latinchat cuernavaca	1	1
latinchat cuernavaca morelos	1	1
latinchat gays	1	1
latinchat travesti	1	1
latinchta	1	1
latinnchat	1	1
lchat hot	1	1
lesb cht	1	1
lesbi tetonas	1	1
lesbian cam	1	1
lesbian gratis	1	1
lesbian online	1	1
lesbiana madrid	1	1
lesbianas calientes gratis	1	1
lesbianas cerca	1	1
lesbianas de mexico	1	1
lesbianas en cuba	1	1
lesbianas en live	1	1
lesbianas en santiago	1	1
lesbianas en valencia	1	1
lesbianas maduras chat	1	1
lesbianas sevilla	1	1
lesbianas whatsapp	1	1
lesbianas xxxgratis	1	1
lesbians chat online	1	1
lesbica chat	1	1
lesbicos gratis	1	1
lgay chat	1	1
libks	1	1
ligar con transexuales	1	1
ligar en chat	1	1
ligar en mallorca	1	1
ligar las palmas	1	1
ligar madrid gratis	1	1
ligar pamplona	1	1
ligar valencia	1	1
ligar valladolid	1	1
lima gay chat	1	1
lineas calientes	1	1
lineas hot	1	1
links	1	1
live chat mujeres gratis	1	1
live chat online mujeres	1	1
live chat trans	1	1
live de sexo gratis	1	1
live gratis mujeres	1	1
live hot free	1	1
live webcam chat gratis	1	1
liwi irc	1	1
llamada caliente	1	1
llamada con mujeres gratis	1	1
llamada xxx gratis	1	1
llamadas +18 gratis	1	1
llamadas a mujeres gratis	1	1
llamadas caliente	1	1
llamadas chicas	1	1
llamadas con chicas online	1	1
llamadas con desconocidos gratis	1	1
llamadas con mujeres calientes gratis	1	1
llamadas con mujeres desconocidas gratis	1	1
llamadas con mujeres reales gratis	1	1
llamadas de sexo gratis	1	1
llamadas got	1	1
llamadas hot mujeres	1	1
llamadas online hot	1	1
llamadas para adultos	1	1
llamadas sexuales gratis	1	1
llamadashot	1	1
llamar a mujeres gratis	1	1
llamdas hots	1	1
llmadas hot	1	1
lqtinchat	1	1
lugares para chatear y conocer gente	1	1
madura sexo gratis	1	1
maduras cachondss	1	1
maduras cahondas	1	1
maduras calientes en tu zona	1	1
maduras calientes whatsapp	1	1
maduras calientes x	1	1
maduras citas	1	1
maduras con ganas	1	1
maduras con whatsapp	1	1
maduras en mi zona	1	1
maduras follando en vivo	1	1
maduras guarras gratis	1	1
maduras hablar	1	1
maduras serca de mi	1	1
maduras sexo gratis	1	1
madurasxxx	1	1
maduritas cam	1	1
maduritas españa	1	1
maduritas solteras	1	1
maduritas.com	1	1
maduros gay whatsapp	1	1
magia chat	1	1
mais	1	1
mais?	1	1
mas 60	1	1
mas de 60 años	1	1
mature chat	1	1
mature chats	1	1
mazmoorra chat	1	1
mazmorra org chat	1	1
me aparecio esto	1	1
mejor que omegle	1	1
mensajes con mujeres gratis	1	1
mexico chats	1	1
milf chst	1	1
mircchat	1	1
mobifriends en español gratis	1	1
mujeres cachondas chats	1	1
mujeres calientes en tu zona	1	1
mujeres calientes llamadas	1	1
mujeres calientes video chat	1	1
mujeres chat online	1	1
mujeres chat porno	1	1
mujeres chat xxx	1	1
mujeres en el chat	1	1
mujeres en linea gratis para chatear	1	1
mujeres online en vivo	1	1
mujeres para hablar en vivo	1	1
mujeres para hablar gratis	1	1
mujeres por whatsapp gratis	1	1
mujeres sexo gratis madrid	1	1
mujeres solteras calientes	1	1
mujeres solteras whatsapp gratis	1	1
murcia gay	1	1
más	1	1
nada de eso funciono	1	1
near me gay number	1	1
new omegle text chat	1	1
no aparece nada	1	1
no conecta	1	1
no me funciona	1	1
no responde nada	1	1
novia infiel chat	1	1
nudists chat	1	1
numero de chicas	1	1
numero de chicas calientes	1	1
numero de chicas solteras gratis	1	1
numero de lesbianas	1	1
numero de mujeres hot	1	1
numero de whatsapp de chicas	1	1
numero gay	1	1
numeros de chicas guapas	1	1
numeros de lineas calientes	1	1
numeros de mujeres para citas	1	1
numeros de transexuales	1	1
numeros de whatsapp de mujeres solteras gratis	1	1
numeros para chat hot	1	1
número de chicas solteras gratis	1	1
número de teléfono de gays	1	1
número de teléfono para chatear con mujeres	1	1
número gay	1	1
números de gay	1	1
números de mujeres para chatear	1	1
números de whatsapp de mujeres gratis	1	1
números de whatsapp gratis para chatear	1	1
números de whatsapp para conversar con mujeres	1	1
números de zangi de chicas	1	1
números de zangi hot	1	1
números zangi mujeres	1	1
o.eglachat	1	1
oemgla chat	1	1
oine chat	1	1
omagle gratis	1	1
ome chat online	1	1
omeegle chat	1	1
omeg chat	1	1
omegele gratis	1	1
omegke text chat	1	1
omegla	1	1
omegla chat.com	1	1
omegla chay	1	1
omegla chet	1	1
omegla online	1	1
omegla.vhat	1	1
omegla.xhat	1	1
omeglavhat	1	1
omegle 2 español	1	1
omegle amor	1	1
omegle app gratis	1	1
omegle argentina	1	1
omegle cat	1	1
omegle chag	1	1
omegle chat chicas	1	1
omegle chat gratuito	1	1
omegle chat grátis	1	1
omegle chat text with girl	1	1
omegle chat video gratis	1	1
omegle de mujeres	1	1
omegle de sexo	1	1
omegle en espanol	1	1
omegle en linea	1	1
omegle espana	1	1
omegle españa chicas	1	1
omegle fhat	1	1
omegle girl	1	1
omegle gratis y sin registro	1	1
omegle gratos	1	1
omegle hot chat	1	1
omegle hot xxx	1	1
omegle incognito	1	1
omegle iniciar sesión	1	1
omegle latinas	1	1
omegle ligar	1	1
omegle live chat	1	1
omegle madura	1	1
omegle mujer	1	1
omegle mujeres	1	1
omegle mulher	1	1
omegle naf	1	1
omegle oara adultos	1	1
omegle onl	1	1
omegle onli	1	1
omegle online web	1	1
omegle only text	1	1
omegle p****	1	1
omegle para chicas	1	1
omegle para hombres	1	1
omegle para sexo	1	1
omegle pirata	1	1
omegle porno españolas	1	1
omegle ramdom	1	1
omegle red	1	1
omegle sex	1	1
omegle sex text	1	1
omegle sexo español	1	1
omegle sin ban	1	1
omegle sin registrarse gratis	1	1
omegle spain	1	1
omegle tv gratis sin cuenta	1	1
omegle tv mujeres	1	1
omegle video chat	1	1
omegle video chat gratis	1	1
omegle video llamada	1	1
omegle videollamada gratis	1	1
omegle webchat	1	1
omegle xxx web	1	1
omegle. c	1	1
omegle.chst	1	1
omeglechar	1	1
omeglecjat	1	1
omeglee	1	1
omegleme chat	1	1
omeglepara adultos	1	1
omegles	1	1
omehle	1	1
omelege chat	1	1
omgla chat	1	1
omgle xxx	1	1
omrgle xxx	1	1
omsgle chat	1	1
omwglechat	1	1
onile chat	1	1
online caliente	1	1
online chat gay	1	1
online les	1	1
online trans	1	1
online trans chat	1	1
onlineomegle	1	1
openchat omegle	1	1
ourense gay	1	1
pagina	1	1
pagina conocer gente	1	1
pagina conocer gente gratis	1	1
pagina contacto gay	1	1
pagina de lesbianas	1	1
pagina de travestis	1	1
pagina hot gratis	1	1
pagina lesbiana	1	1
pagina lesbianas	1	1
pagina para ligar	1	1
pagina trans	1	1
paginas chat en vivo	1	1
paginas de chat de sexo	1	1
paginas de chat porno	1	1
paginas de chat xxx	1	1
paginas de chicas calientes	1	1
paginas de chicas gratis	1	1
paginas de contactos gays	1	1
paginas de maduras gratis	1	1
paginas de videollamadas hot	1	1
paginas en linea para conocer gente	1	1
paginas gratis para conocer gente	1	1
paginas maduras gratis	1	1
paginas para chat en vivo	1	1
paginas para chatear xxx	1	1
paginas para conocer chicos gay	1	1
paginas para conocer trans	1	1
paginas para hablar con hombres gay	1	1
paginas para hablar con mujeres desnudas	1	1
paginas para hablar con personas online	1	1
paginas para hacer videollamadas con mujeres	1	1
paginas para lesbianas	1	1
paginas para videochat hot	1	1
paginas para videollamadas con mujeres	1	1
paginas parejas liberales	1	1
paginas porno para chatear	1	1
paginas similares a omegle	1	1
paginas swinger gratis	1	1
pajinas video chat gratis	1	1
para chatear con mujeres solteras	1	1
para mujeres	1	1
para platicar con mujeres	1	1
parecido a omegle	1	1
pareja liberal	1	1
parejas cornudos	1	1
parejas loberales	1	1
parejas nudistas	1	1
paris chat	1	1
pasa link	1	1
pasion gay jaen	1	1
pero paginas web	1	1
pero sin registro	1	1
personas en linea	1	1
peru gay	1	1
peru gay xxx	1	1
peru lesbian	1	1
perú gay	1	1
plataforma para chatear gratis	1	1
plataformas para chatear gratis	1	1
pmegle	1	1
pokemon online chat	1	1
porno chat español	1	1
porno chat mujeres	1	1
porno chat video gratis	1	1
porno chats hot	1	1
porno en linea gratis	1	1
porno morboso en español	1	1
porno video chat gratis	1	1
puerto rico sex chat	1	1
punto chat it gratis	1	1
putas en vilafranca del penedes	1	1
putas madrid gratis	1	1
putas vilafranca del penedes	1	1
página	1	1
página para chatear con mujeres gratis	1	1
páginas de citas con mujeres	1	1
páginas de contactos sin registro	1	1
páginas de gays	1	1
páginas de mujeres en vivo	1	1
páginas de videollamadas online gratis	1	1
páginas gay	1	1
páginas gay para conocer gente	1	1
páginas gays	1	1
páginas lésbicas	1	1
páginas para conocer extranjeros gratis	1	1
páginas para conocer personas gratis	1	1
páginas para conocer personas gratis sin pagar	1	1
páginas para videollamadas	1	1
páginas similares a omegle	1	1
páginas trans	1	1
páginas webcam gratis	1	1
qiierochat	1	1
que paso?	1	1
que sea gratis	1	1
que sean en español	1	1
quedadas de sexo	1	1
quedadas sexo	1	1
quedar con trans	1	1
quedar para follar madrid	1	1
quiero hablar con chicas	1	1
quierochat chat	1	1
radio maruja	1	1
random chat chile	1	1
random chat español	1	1
randomchat hot	1	1
redes sociales hot	1	1
relaciones liberales	1	1
relaciones sexuales gratis	1	1
religion chat room	1	1
roulette cam gay	1	1
sado contactos	1	1
sala cha	1	1
sala chat chile	1	1
sala chat porno	1	1
sala de chat adulto	1	1
sala de chat con camara y microfono	1	1
sala de chat con fotos	1	1
sala de chat cordoba argentina	1	1
sala de chat panama gratis	1	1
sala de chat xxx	1	1
sala hot	1	1
sala para chatear gratis	1	1
sala videochat	1	1
salas chat gay bogota	1	1
salas de chat con video	1	1
salas de chat em portugal	1	1
salas de chat en linea	1	1
salas de chat guayaquil	1	1
salas de chat rosario	1	1
salas de chat santiago	1	1
salas de chatear gratis	1	1
salas sexo	1	1
seci chat	1	1
secs chat	1	1
sex cam gratis sin registro	1	1
sex canarias	1	1
sex chat bogota	1	1
sex chat costa rica	1	1
sex chat en español	1	1
sex chat en linea	1	1
sex chat irc	1	1
sex chat mujeres	1	1
sex chat online	1	1
sex chat real	1	1
sex chat trans	1	1
sex chat türkiye	1	1
sex hat gratis	1	1
sex shat	1	1
sex vhat	1	1
sexchat aleatorio	1	1
sexchat con mujeres	1	1
sexchat español	1	1
sexchat web	1	1
sexo aleatorio gratis	1	1
sexo benavente	1	1
sexo bisex	1	1
sexo cam gay	1	1
sexo camara gratis	1	1
sexo chat free	1	1
sexo chat guatemala	1	1
sexo chat online gratis	1	1
sexo chat xxx	1	1
sexo chatear	1	1
sexo cht	1	1
sexo de barcelona	1	1
sexo de madrid	1	1
sexo en bogota gratis	1	1
sexo en gran canaria	1	1
sexo en la bañeza	1	1
sexo en línea gratis	1	1
sexo en mi ubicación	1	1
sexo en vivo chat	1	1
sexo en vivo en barcelona	1	1
sexo facil chat	1	1
sexo gati	1	1
sexo gay a coruña	1	1
sexo gay burgos	1	1
sexo gay cadiz	1	1
sexo gay ciudad real	1	1
sexo gay con maduro	1	1
sexo gay con maduros	1	1
sexo gay en barcelona gratis	1	1
sexo gay en burgos	1	1
sexo gay en jaen	1	1
sexo gay en leon	1	1
sexo gay en linea	1	1
sexo gay en malaga	1	1
sexo gay en monterrey	1	1
sexo gay en sevilla	1	1
sexo gay online	1	1
sexo gay salamanca	1	1
sexo gay sevilla	1	1
sexo gay toledo	1	1
sexo gay webcam	1	1
sexo gratis alcoy	1	1
sexo gratis castellon	1	1
sexo gratis chats	1	1
sexo gratis con desconocidos	1	1
sexo gratis contacto	1	1
sexo gratis cordoba	1	1
sexo gratis cuenca	1	1
sexo gratis dominicana	1	1
sexo gratis en cuenca	1	1
sexo gratis en denia	1	1
sexo gratis en leon	1	1
sexo gratis en línea	1	1
sexo gratis en sabadell	1	1
sexo gratis en vigo	1	1
sexo gratis estepona	1	1
sexo gratis fuengirola	1	1
sexo gratis leon	1	1
sexo gratis lesvianas	1	1
sexo gratis lugo	1	1
sexo gratis medellín	1	1
sexo gratis numeros	1	1
sexo gratis por whatsapp	1	1
sexo gratis sabadell	1	1
sexo gratis sin registrarse	1	1
sexo lesbico gratis	1	1
sexo linea	1	1
sexo oline	1	1
sexo online gratis	1	1
sexo por chat gratis	1	1
sexo por la zona	1	1
sexo sin compromiso barcelona	1	1
sexo teléfono gratis	1	1
sexo virtual maduras	1	1
sexo xxx maduritas	1	1
sexting anónimo	1	1
sexting con desconocidos	1	1
sexting gratis xxx	1	1
sexting lesbianas	1	1
sexy chat.	1	1
sexy livechat	1	1
sexy milf chat	1	1
sezy chat	1	1
señoras en vivo xxx	1	1
shemale chat live	1	1
shemale chat room	1	1
shemale chat xxx	1	1
shemale online	1	1
sigue igual	1	1
sigue lo mismo	1	1
simisas	1	1
singles chat online	1	1
site de chat	1	1
siti trans gratis	1	1
sitio web para chatear con mujeres gratis	1	1
sitios de sexo gratis	1	1
sitios para conocer gente gratis	1	1
sitios para conocer mujeres gratis	1	1
sitios para encontrar pareja gratis	1	1
sitios para hablar con mujeres gratis	1	1
sitios para videollamadas	1	1
sitios para videollamadas online	1	1
snap chat hot	1	1
snapchat hot	1	1
snapchat hot chat	1	1
social chat online	1	1
solteras en linea	1	1
sona chat gpt	1	1
spain gay chat	1	1
spicy chat sin registro	1	1
srxo chat	1	1
sumisas online	1	1
swco gratis	1	1
swingers gratis	1	1
swx chat	1	1
swx chats	1	1
t'chat sexe	1	1
tarot gratis chat online	1	1
tavesti chat	1	1
tchat gay	1	1
tchat sex	1	1
tchat travestie	1	1
telegram gay canarias	1	1
telegram gay cuba	1	1
tenerifegay	1	1
terra chat sexo	1	1
terra chat venezuela	1	1
terra chatgay	1	1
terrachat sexo	1	1
text chat hot	1	1
text omegle	1	1
tinchat	1	1
tinder chat online	1	1
tinder online chat	1	1
tinder sin registrarse	1	1
tiny caht	1	1
tinychst	1	1
tinycht	1	1
total mente gratis	1	1
tran gratis	1	1
tranny free chat	1	1
trans barcelona gratis	1	1
trans chat xxx	1	1
trans citas	1	1
trans encuentros	1	1
trans grátis	1	1
trans neza	1	1
trans online chat	1	1
trans online web	1	1
trans para conocer	1	1
trans sex chats	1	1
trans whatsapp	1	1
transchat	1	1
transexual whatsapp	1	1
transsex chat	1	1
trav chat	1	1
trav-chat	1	1
travestis culonas	1	1
travestis on line	1	1
trevia chueca original	1	1
tu chat online	1	1
tuchat	1	1
tv chat tv	1	1
tynichat	1	1
umegle text chat	1	1
una gratis	1	1
universal gay	1	1
unmegle chat	1	1
uol chat online	1	1
vasocam	1	1
vazoocams	1	1
vazooxam	1	1
ver chat gratis	1	1
vergones maduros gay	1	1
vhat brasil	1	1
vhat cornudo	1	1
vhats	1	1
viciosas gratis	1	1
videchat hot	1	1
videl chat gay	1	1
vidente chat online gratis	1	1
vidente online chat	1	1
video cha hot	1	1
video chat +18	1	1
video chat 18	1	1
video chat adultos	1	1
video chat aleatorio sin registro	1	1
video chat caliente con chicas	1	1
video chat caliente sin registro	1	1
video chat calientes gratis	1	1
video chat chile	1	1
video chat con chicas gratis	1	1
video chat con chicas hot	1	1
video chat con gays	1	1
video chat con parejas	1	1
video chat en español	1	1
video chat en vivo bazoom	1	1
video chat en vivo gay	1	1
video chat gay brasil	1	1
video chat gay en linea	1	1
video chat gay gratuito	1	1
video chat gay xxxx	1	1
video chat gratis porno	1	1
video chat gratis sin registro	1	1
video chat gratuito	1	1
video chat hor	1	1
video chat hot gay	1	1
video chat hot gratuito	1	1
video chat hot xxx	1	1
video chat milf	1	1
video chat mujeres cachondas	1	1
video chat mundial	1	1
video chat online bazoo	1	1
video chat online caliente	1	1
video chat online gratis	1	1
video chat online trans	1	1
video chat para adultos	1	1
video chat para gay	1	1
video chat random bazoocam	1	1
video chat sexo gay	1	1
video chat sexual gratis	1	1
video chat sin registro	1	1
video chat sin sensura	1	1
video chat travesti	1	1
video chat xxx sin registro	1	1
video chats gays	1	1
video chats hot gratis	1	1
video chats hots gratis	1	1
video chatt hot	1	1
video llamada con chicas hot	1	1
video llamada con desconocidos	1	1
video llamada con estraños	1	1
video llamada con mujeres calientes gratis	1	1
video llamada con mujeres gratis	1	1
video llamada con mujeres gratis sin registro	1	1
video llamada con mujeres hot	1	1
video llamada gay xxx	1	1
video llamada gey	1	1
video llamada gratis	1	1
video llamada hor	1	1
video llamada online con mujeres desconocidas	1	1
video llamada online hot	1	1
video llamada online xxx gratis	1	1
video llamada trans	1	1
video llamadas con mujeres calientes gratis	1	1
video llamadas con mujeres desconocidas gratis	1	1
video llamadas con mujeres gratis sin registro	1	1
video llamadas de sexo gratis	1	1
video llamadas gratis	1	1
video llamadas gratis con mujeres calientes	1	1
video llamadas gratis con mujeres solteras	1	1
video llamadas gratis sin registro	1	1
video llamadas hot con mujeres	1	1
video llamadas hot sin registro	1	1
video llamadas hots gratis	1	1
video llamadas porno gratis	1	1
video llamadas trans	1	1
video llamda caliente gratis	1	1
video llamdas hot gratis	1	1
video llmada hot	1	1
video. hat gay	1	1
videocaht gay	1	1
videocat gay	1	1
videochag hot	1	1
videochagay	1	1
videochar caliente	1	1
videochat +18 sin registro	1	1
videochat amigos	1	1
videochat bazum	1	1
videochat caliente con mujeres gratis	1	1
videochat caliente sin registro	1	1
videochat con chicas en linea	1	1
videochat con chicas trans	1	1
videochat con lesbianas	1	1
videochat con mujeres hot gratis	1	1
videochat con señoras	1	1
videochat con trans	1	1
videochat cornudos	1	1
videochat de sexo gratis	1	1
videochat filipinas	1	1
videochat ga	1	1
videochat gay sex	1	1
videochat gratis xxx	1	1
videochat gy	1	1
videochat hot caliente	1	1
videochat hot online	1	1
videochat mexico	1	1
videochat mujeres sin registro	1	1
videochat online gratis sin registro	1	1
videochat para adultos	1	1
videochat porno gratis	1	1
videochat porno gratis sin registro	1	1
videochat roulette gay	1	1
videochat sex gratis	1	1
videochat sexo gratis	1	1
videochat sexo gratis sin registro	1	1
videochat xxx gratis	1	1
videochatgay online	1	1
videochathot gay	1	1
videochats calientes gratis	1	1
videochats con mujeres cachondas gratis	1	1
videochats con mujeres gratis	1	1
videollama hot	1	1
videollamada caliente	1	1
videollamada caliente con mujeres gratis	1	1
videollamada caliente en ingles	1	1
videollamada caliente gratis	1	1
videollamada calientes con mujeres	1	1
videollamada con desconocidos gratis	1	1
videollamada con españolas	1	1
videollamada con extraños	1	1
videollamada con gente caliente	1	1
videollamada con hombres gratis	1	1
videollamada con milfs	1	1
videollamada con mujer gratis	1	1
videollamada con mujeres 1v1	1	1
videollamada con mujeres 1v1 sin registro	1	1
videollamada con mujeres argentinas	1	1
videollamada con mujeres cachondas	1	1
videollamada con mujeres chilenas	1	1
videollamada con mujeres de mexico	1	1
videollamada con mujeres de otros países gratis en español	1	1
videollamada con mujeres españa	1	1
videollamada con mujeres gratis +18	1	1
videollamada con mujeres gratis sin monedas xxx	1	1
videollamada con mujeres gratis sin registro	1	1
videollamada con mujeres hots	1	1
videollamada con mujeres masturbandose	1	1
videollamada con mujeres online gratis sin registro	1	1
videollamada con mujeres sin monedas	1	1
videollamada con parejas gratis	1	1
videollamada gratis sin monedas	1	1
videollamada ho	1	1
videollamada hot 1v1	1	1
videollamada hot con desconocidos	1	1
videollamada hot en linea	1	1
videollamada hot gay	1	1
videollamada hot gratis sin registro	1	1
videollamada hot mujeres	1	1
videollamada mujeres calientes	1	1
videollamada online con gente desconocida	1	1
videollamada online hot	1	1
videollamada para adultos	1	1
videollamada para adultos gratis	1	1
videollamada random gay	1	1
videollamadas calientes	1	1
videollamadas calientes con chicas gratis	1	1
videollamadas calientes con mujeres	1	1
videollamadas calientes con mujeres gratis	1	1
videollamadas calientes sin registro	1	1
videollamadas con chicas españolas	1	1
videollamadas con desconocidos	1	1
videollamadas con hombres gays	1	1
videollamadas con mijeres	1	1
videollamadas con mujeres gratis españa	1	1
videollamadas con mujeres hot gratis	1	1
videollamadas con mujeres online gratis	1	1
videollamadas con mujeres online gratis sin registro	1	1
videollamadas con mujeres sin registro	1	1
videollamadas con mujeres sin registro gratis	1	1
videollamadas con mujeres trans	1	1
videollamadas con señoras	1	1
videollamadas con viejas	1	1
videollamadas gay	1	1
videollamadas gay gratis	1	1
videollamadas gays online	1	1
videollamadas gratis con chicas calientes	1	1
videollamadas gratis con extraños	1	1
videollamadas gratis con mujeres sin registro	1	1
videollamadas gratis sin monedas con mujeres	1	1
videollamadas hot chicas	1	1
videollamadas hot colombia	1	1
videollamadas hot con chicas	1	1
videollamadas hot españa	1	1
videollamadas hot free	1	1
videollamadas hot mujeres	1	1
videollamadas hot reales	1	1
videollamadas hots gratis	1	1
videollamadas online gratis con mujeres gratis sin registro	1	1
videollamadas online gratis sexo	1	1
videollamadas online gratis sin registro con mujeres	1	1
videollamadas online gratis sin registro xxx	1	1
videollamadas sexuales gratis	1	1
videollamadas trans	1	1
videollamadas xxx sin registro	1	1
videollamadas+18	1	1
videollamas gay	1	1
videollamasa hot	1	1
videollamda con trans	1	1
videollamda hub	1	1
videollamdas con gays	1	1
videos chats en vivo gratis	1	1
videos llamadas con mujeres	1	1
videpchat gay	1	1
vidiollamada con mujeres	1	1
vidochat gay	1	1
viedochat gay	1	1
virosario	1	1
viseochat gay	1	1
viseochatgay	1	1
viva maduritas	1	1
vodeo chat hot	1	1
vudeo chat hot	1	1
web amistad	1	1
web cam maduras	1	1
web can chat	1	1
web chat free online	1	1
web chat sexo gay sin registro	1	1
web de citas sin registro	1	1
web de contactos gratis	1	1
web de lesbianas	1	1
web de maduras	1	1
web gay chat	1	1
webcam chat bazoocam	1	1
webcam chat online gratis	1	1
webcam con personas	1	1
webcam gay sex	1	1
webchat españa	1	1
webchat español	1	1
whatsapp chat caliente	1	1
whatsapp de chicas solteras	1	1
whatsapp de chicas trans	1	1
whatsapp de lesbianas	1	1
whatsapp de mujeres para chatear	1	1
whatsapp gay paraguay	1	1
whebs para hacer videollamadas hot	1	1
www.chat gay	1	1
xat barcelona	1	1
xat dijaspora	1	1
xat porno	1	1
xchat gay	1	1
xhat erotico	1	1
xhat jot	1	1
xhat org	1	1
xhat perú	1	1
xhatgay	1	1
xmegle	1	1
xxx chat argentino	1	1
xxx chat con desconocidos	1	1
xxx chat gay peru	1	1
xxx chat hit	1	1
xxx chat sin registro	1	1
xxx chatear	1	1
xxx chatear gratis	1	1
xxx chats calientes	1	1
xxx chats hots	1	1
xxx citas gratis	1	1
xxx gay maduros	1	1
xxx gay monterrey	1	1
xxx hablar con personas	1	1
xxx live maduras	1	1
xxx maduras gratis	1	1
xxx omegle en español	1	1
xxx para chatear	1	1
xxx veteranas argentina	1	1
xxx video chat gay	1	1
xxx video chat gratis	1	1
y gratis?	1	1
yinychat	1	1
zangi grupos hot	1	1
zona chat chihuahua	1	1
zona gay xxx	1	1
zonasex	1	1
zonchat.fr	1	1
zone gay	1	1
ñatinchat	1	1
чат 18 +	1	1
تيني شات	1	1
دردشة اوميجل	1	1
دردشه مكسيك	1	1
شات مثليين	1	1
